Cycle,Real Time,Timestamp,Latitude,Longitude,Speed(km/h),Heading,Distance Pass,Distance(m),Update Time Pass,Update Time Difference(s),Heading Pass,Heading Difference(deg),Result,Reason
1,2026-05-19 04:53:54.954121,09:15:00+00:00,37.422718333333336,-122.08379166666667,16.205000000000002,108.3,True,0.7376374653222858,True,,True,0.0,PASS,matching track
1,2026-05-19 04:53:55.457481,09:15:01+00:00,37.422705,-122.08374333333333,16.22352,108.38,True,0.7376375973730316,True,1.0,True,0.0799999999999983,PASS,matching track
1,2026-05-19 04:53:55.959607,09:15:02+00:00,37.422695,-122.083695,16.22352,112.94,True,0.7604771444970088,True,1.0,True,0.14999999999999147,PASS,matching track
1,2026-05-19 04:53:56.462796,09:15:03+00:00,37.42267833333333,-122.08364833333333,16.27908,116.55,True,0.7604773055955596,True,1.0,True,0.23000000000000398,PASS,matching track
1,2026-05-19 04:53:56.965654,09:15:04+00:00,37.42266,-122.08360166666667,16.297600000000003,116.31,True,0.7604774779277278,True,1.0,True,0.009999999999990905,PASS,matching track
1,2026-05-19 04:53:57.469602,09:15:05+00:00,37.42264333333333,-122.08355666666667,16.33464,116.27,True,0.7604776369062116,True,1.0,True,0.04999999999999716,PASS,matching track
1,2026-05-19 04:53:57.972199,09:15:06+00:00,37.422626666666666,-122.08351,16.353160000000003,116.34,True,0.8252119805649195,True,1.0,True,0.020000000000010232,PASS,matching track
1,2026-05-19 04:53:58.475020,09:15:07+00:00,37.42261,-122.083465,16.353160000000003,115.56,True,4.9473828530503745,True,1.0,True,0.3299999999999983,PASS,matching track
1,2026-05-19 04:53:58.977542,09:15:08+00:00,37.42259166666667,-122.08341833333333,16.3902,107.86,True,0.8252122873694494,True,1.0,True,0.5799999999999983,PASS,matching track
1,2026-05-19 04:53:59.479853,09:15:09+00:00,37.42258,-122.08337,16.37168,101.51,True,0.8252123899910244,True,1.0,True,0.6400000000000006,PASS,matching track
1,2026-05-19 04:53:59.982505,09:15:10+00:00,37.42257166666667,-122.08332,16.33464,67.35,True,0.8252124606168018,True,1.0,True,0.6999999999999886,PASS,matching track
1,2026-05-19 04:54:00.485605,09:15:11+00:00,37.42259,-122.08327333333334,16.445760000000003,36.54,True,0.9230687374344099,True,1.0,True,0.7100000000000009,PASS,matching track
1,2026-05-19 04:54:00.988131,09:15:12+00:00,37.422623333333334,-122.083245,16.445760000000003,36.63,True,0.81004670041695,True,1.0,True,0.8000000000000043,PASS,matching track
1,2026-05-19 04:54:01.491732,09:15:13+00:00,37.42265666666667,-122.083215,14.278920000000001,48.71,True,0.8100465115108848,True,1.0,True,0.8400000000000034,PASS,matching track
1,2026-05-19 04:54:01.994410,09:15:14+00:00,37.42268,-122.08318333333334,16.464280000000002,120.54,True,4.626209957039742,True,1.0,True,0.8800000000000097,PASS,matching track
1,2026-05-19 04:54:02.497973,09:15:15+00:00,37.42266,-122.08313833333334,16.4828,120.14,True,4.866937870700085,True,1.0,True,0.480000000000004,PASS,matching track
1,2026-05-19 04:54:03.001249,09:15:16+00:00,37.422641666666664,-122.08309333333334,16.4828,120.17,True,4.806809861285681,True,1.0,True,0.5100000000000051,PASS,matching track
1,2026-05-19 04:54:03.504345,09:15:17+00:00,37.422621666666664,-122.08305166666666,16.4828,120.2,True,4.526997079613246,True,1.0,True,0.5400000000000063,PASS,matching track
1,2026-05-19 04:54:04.007103,09:15:18+00:00,37.422601666666665,-122.08300666666666,16.33464,133.3,True,4.666670478336884,True,1.0,True,0.9800000000000182,PASS,matching track
1,2026-05-19 04:54:04.510338,09:15:19+00:00,37.422575,-122.08297,16.445760000000003,139.83,True,4.3046362824333135,True,1.0,True,0.9900000000000091,PASS,matching track
1,2026-05-19 04:54:05.012978,09:15:20+00:00,37.422545,-122.082935,16.4828,151.98,True,4.386648268984651,True,1.0,True,1.0,PASS,matching track
1,2026-05-19 04:54:05.515684,09:15:21+00:00,37.42250833333333,-122.08291166666666,16.149440000000002,159.74,True,4.168447157162673,True,1.0,True,1.0,PASS,matching track
1,2026-05-19 04:54:06.017696,09:15:22+00:00,37.42247166666667,-122.082895,16.464280000000002,176.19,True,3.7709555644784754,True,1.0,True,0.9900000000000091,PASS,matching track
1,2026-05-19 04:54:06.520320,09:15:23+00:00,37.42243166666667,-122.08289,16.445760000000003,176.18,True,3.772340837678302,True,1.0,True,0.25,PASS,matching track
1,2026-05-19 04:54:07.022946,09:15:24+00:00,37.42239,-122.082885,16.427239999999998,176.16,True,3.9539114967734212,True,1.0,True,0.22999999999998977,PASS,matching track
1,2026-05-19 04:54:07.525068,09:15:25+00:00,37.42235,-122.08288333333333,16.40872,176.14,True,3.725898973060724,True,1.0,True,0.20999999999997954,PASS,matching track
1,2026-05-19 04:54:08.028412,09:15:26+00:00,37.42231,-122.08287833333333,16.40872,176.84,True,3.7462882012993237,True,1.0,True,0.9099999999999966,PASS,matching track
1,2026-05-19 04:54:08.532258,09:15:27+00:00,37.422268333333335,-122.082875,16.3902,175.43,True,3.9096270248851535,True,1.0,True,0.020000000000010232,PASS,matching track
1,2026-05-19 04:54:09.036206,09:15:28+00:00,37.42222833333334,-122.08287,16.353160000000003,176.24,True,3.7462882518384952,True,1.0,True,0.3100000000000023,PASS,matching track
1,2026-05-19 04:54:09.539583,09:15:29+00:00,37.42218833333333,-122.08286833333334,16.27908,173.58,True,3.711266624658106,True,1.0,True,0.7900000000000205,PASS,matching track
1,2026-05-19 04:54:10.042737,09:15:30+00:00,37.42214666666667,-122.08286166666667,16.31612,166.66,True,3.929063027136681,True,1.0,True,0.7400000000000091,PASS,matching track
1,2026-05-19 04:54:10.545663,09:15:31+00:00,37.422108333333334,-122.08284833333333,16.130920000000003,160.47,True,3.7074187917222097,True,1.0,True,0.6899999999999977,PASS,matching track
1,2026-05-19 04:54:11.049017,09:15:32+00:00,37.42207,-122.08283333333334,16.260559999999998,149.45,True,3.7569875865982993,True,1.0,True,0.6299999999999955,PASS,matching track
1,2026-05-19 04:54:11.552232,09:15:33+00:00,37.422035,-122.08280666666667,16.24204,148.54,True,3.8451946333851277,True,1.0,True,0.28000000000000114,PASS,matching track
1,2026-05-19 04:54:12.055108,09:15:34+00:00,37.42200166666667,-122.08278,16.22352,148.52,True,3.695455962161788,True,1.0,True,0.29999999999998295,PASS,matching track
1,2026-05-19 04:54:12.557869,09:15:35+00:00,37.42196666666667,-122.08275166666667,16.18648,148.51,True,3.931951026696835,True,1.0,True,0.3100000000000023,PASS,matching track
1,2026-05-19 04:54:13.060679,09:15:36+00:00,37.421931666666666,-122.08272666666667,16.16796,148.44,True,3.7622274574267407,True,1.0,True,0.3599999999999852,PASS,matching track
1,2026-05-19 04:54:13.563695,09:15:37+00:00,37.42189666666667,-122.0827,16.09388,153.33,True,3.762227970053844,True,1.0,True,0.29000000000002046,PASS,matching track
1,2026-05-19 04:54:14.066725,09:15:38+00:00,37.42186,-122.08267666666667,16.05684,159.5,True,3.770962019395354,True,1.0,True,0.21999999999999886,PASS,matching track
1,2026-05-19 04:54:14.569376,09:15:39+00:00,37.421821666666666,-122.08266,16.09388,167.7,True,3.8832191986684435,True,1.0,True,0.13999999999998636,PASS,matching track
1,2026-05-19 04:54:15.071408,09:15:40+00:00,37.42178166666667,-122.08265,16.0198,179.72,True,3.909627031097664,True,1.0,True,0.060000000000002274,PASS,matching track
1,2026-05-19 04:54:15.573507,09:15:41+00:00,37.42174166666667,-122.08264833333334,16.038320000000002,182.87,True,3.8956846561965244,True,1.0,True,0.009999999999990905,PASS,matching track
1,2026-05-19 04:54:16.076469,09:15:42+00:00,37.421701666666664,-122.08265166666666,16.038320000000002,186.67,True,3.953912311343826,True,1.0,True,0.09000000000000341,PASS,matching track
1,2026-05-19 04:54:16.579978,09:15:43+00:00,37.42165833333333,-122.08265833333333,15.94572,192.86,True,4.377990251676408,True,1.0,True,0.1699999999999875,PASS,matching track
1,2026-05-19 04:54:17.083051,09:15:44+00:00,37.42162,-122.08267166666667,16.00128,195.52,True,4.209852973969767,True,1.0,True,0.23999999999998067,PASS,matching track
1,2026-05-19 04:54:17.586662,09:15:45+00:00,37.42158,-122.082685,15.94572,197.98,True,4.437876966666494,True,1.0,True,0.3100000000000023,PASS,matching track
1,2026-05-19 04:54:18.089514,09:15:46+00:00,37.42154166666667,-122.08270166666667,15.96424,201.94,True,4.3994595774518235,True,1.0,True,0.3900000000000148,PASS,matching track
1,2026-05-19 04:54:18.591900,09:15:47+00:00,37.421503333333334,-122.08272,15.853120000000002,217.95,True,4.470619119689285,True,1.0,True,0.46000000000000796,PASS,matching track
1,2026-05-19 04:54:19.094699,09:15:48+00:00,37.42147,-122.08275166666667,15.927200000000001,220.9,True,4.753918335744424,True,1.0,True,0.5199999999999818,PASS,matching track
1,2026-05-19 04:54:19.597492,09:15:49+00:00,37.42144,-122.08278666666666,15.927200000000001,223.15,True,4.846816943969478,True,1.0,True,0.5900000000000034,PASS,matching track
1,2026-05-19 04:54:20.099569,09:15:50+00:00,37.421411666666664,-122.08282333333334,15.890160000000002,209.66,True,4.962467657952136,True,1.0,True,0.6500000000000057,PASS,matching track
1,2026-05-19 04:54:20.601959,09:15:51+00:00,37.42137666666667,-122.08284833333333,15.797559999999999,198.12,True,4.732070251136799,True,1.0,True,0.6999999999999886,PASS,matching track
1,2026-05-19 04:54:21.105176,09:15:52+00:00,37.42133666666667,-122.082865,15.890160000000002,190.96,True,4.795567971777295,True,1.0,True,0.7599999999999909,PASS,matching track
1,2026-05-19 04:54:21.607074,09:15:53+00:00,37.42129666666666,-122.082875,15.927200000000001,185.9,True,4.726738353687208,True,1.0,True,0.3199999999999932,PASS,matching track
1,2026-05-19 04:54:22.109132,09:15:54+00:00,37.421255,-122.08288166666667,15.927200000000001,185.85,True,4.811240871489795,True,1.0,True,0.37000000000000455,PASS,matching track
1,2026-05-19 04:54:22.611959,09:15:55+00:00,37.421215,-122.08288666666667,15.94572,185.81,True,4.593630709704084,True,1.0,True,0.4099999999999966,PASS,matching track
1,2026-05-19 04:54:23.114556,09:15:56+00:00,37.421173333333336,-122.08289333333333,15.94572,185.3,True,4.811241207887523,True,1.0,True,0.9199999999999875,PASS,matching track
1,2026-05-19 04:54:23.617660,09:15:57+00:00,37.42113333333333,-122.08289833333333,15.96424,182.2,True,4.77263386584967,True,1.0,True,0.950000000000017,PASS,matching track
1,2026-05-19 04:54:24.120078,09:15:58+00:00,37.42109166666667,-122.08290166666667,15.96424,182.18,True,4.919001575343177,True,1.0,True,0.9699999999999989,PASS,matching track
1,2026-05-19 04:54:24.623599,09:15:59+00:00,37.42105166666666,-122.082905,15.982760000000003,182.52,True,4.738307371339698,True,1.0,True,0.5999999999999943,PASS,matching track
1,2026-05-19 04:54:25.125807,09:16:00+00:00,37.42101,-122.08290666666667,16.00128,182.54,True,4.890156315759465,True,1.0,True,0.5800000000000125,PASS,matching track
1,2026-05-19 04:54:25.628130,09:16:01+00:00,37.420968333333334,-122.08291,16.0198,182.3,True,0.825226446210983,True,1.0,True,0.8199999999999932,PASS,matching track
1,2026-05-19 04:54:26.131357,09:16:02+00:00,37.420928333333336,-122.08291333333334,16.038320000000002,182.12,True,4.919001916093919,True,1.0,True,1.0,PASS,matching track
1,2026-05-19 04:54:26.634718,09:16:03+00:00,37.42088666666667,-122.08291666666666,16.05684,180.01,True,0.8252271599690849,True,1.0,True,0.9900000000000091,PASS,matching track
1,2026-05-19 04:54:27.137163,09:16:04+00:00,37.420845,-122.08291666666666,16.07536,180.02,True,0.923082279017112,True,1.0,True,0.9799999999999898,PASS,matching track
1,2026-05-19 04:54:27.640784,09:16:05+00:00,37.420805,-122.08291833333334,13.723320000000001,105.88,True,0.9230825903136378,True,1.0,True,0.960000000000008,PASS,matching track
1,2026-05-19 04:54:28.143456,09:16:06+00:00,37.420795,-122.08287666666666,16.130920000000003,93.82,True,3.3878741334615348,True,1.0,True,0.9300000000000068,PASS,matching track
1,2026-05-19 04:54:28.646177,09:16:07+00:00,37.420791666666666,-122.08282666666666,16.149440000000002,93.85,True,3.802475968594553,True,1.0,True,0.7900000000000063,PASS,matching track
1,2026-05-19 04:54:29.149562,09:16:08+00:00,37.420788333333334,-122.082775,16.16796,93.91,True,3.9457399785736804,True,1.0,True,0.730000000000004,PASS,matching track
1,2026-05-19 04:54:29.652120,09:16:09+00:00,37.420785,-122.082725,16.205000000000002,93.98,True,3.8024762851380465,True,1.0,True,0.6599999999999966,PASS,matching track
1,2026-05-19 04:54:30.154418,09:16:10+00:00,37.42077833333333,-122.08267333333333,16.22352,93.86,True,4.0484630808859885,True,1.0,True,0.7800000000000011,PASS,matching track
1,2026-05-19 04:54:30.657580,09:16:11+00:00,37.42077666666667,-122.08262166666667,16.260559999999998,93.91,True,3.9457405571627375,True,1.0,True,0.730000000000004,PASS,matching track
1,2026-05-19 04:54:31.160455,09:16:12+00:00,37.42077333333334,-122.08257,16.27908,93.96,True,4.135071599627709,True,1.0,True,0.6800000000000068,PASS,matching track
1,2026-05-19 04:54:31.663211,09:16:13+00:00,37.42077,-122.08252,16.297600000000003,94.02,True,3.993150106952242,True,1.0,True,0.6000000000000085,PASS,matching track
1,2026-05-19 04:54:32.166762,09:16:14+00:00,37.420766666666665,-122.08246833333334,16.31612,94.08,True,4.1350719383051455,True,1.0,True,0.4899999999999949,PASS,matching track
1,2026-05-19 04:54:32.669747,09:16:15+00:00,37.42076333333333,-122.08241833333334,16.353160000000003,94.15,True,3.9931504319034063,True,1.0,True,0.4199999999999875,PASS,matching track
1,2026-05-19 04:54:33.173256,09:16:16+00:00,37.42076,-122.08236833333333,16.37168,94.2,True,3.9931505947324037,True,1.0,True,0.36999999999999034,PASS,matching track
1,2026-05-19 04:54:33.676041,09:16:17+00:00,37.42075666666667,-122.082315,16.3902,94.22,True,4.277373764080013,True,1.0,True,0.3499999999999943,PASS,matching track
1,2026-05-19 04:54:34.178819,09:16:18+00:00,37.42075333333333,-122.082265,16.40872,94.29,True,4.135072618838567,True,1.0,True,0.2799999999999869,PASS,matching track
1,2026-05-19 04:54:34.681828,09:16:19+00:00,37.42075,-122.08221333333333,16.427239999999998,94.37,True,4.277374117542238,True,1.0,True,0.19999999999998863,PASS,matching track
1,2026-05-19 04:54:35.184873,09:16:20+00:00,37.420746666666666,-122.08216333333333,16.445760000000003,94.44,True,4.135072959282352,True,1.0,True,0.12999999999999545,PASS,matching track
1,2026-05-19 04:54:35.687961,09:16:21+00:00,37.420743333333334,-122.08211,16.445760000000003,94.52,True,4.420018774538265,True,1.0,True,0.04999999999999716,PASS,matching track
1,2026-05-19 04:54:36.191200,09:16:22+00:00,37.42074,-122.08206,16.464280000000002,94.61,True,4.277374647558995,True,1.0,True,0.01999999999999602,PASS,matching track
1,2026-05-19 04:54:36.693624,09:16:23+00:00,37.42073666666667,-122.08200833333333,16.464280000000002,94.81,True,4.420019140665393,True,1.0,True,0.10000000000000853,PASS,matching track
1,2026-05-19 04:54:37.196312,09:16:24+00:00,37.42073333333333,-122.08195833333333,16.4828,94.89,True,4.2773750006677185,True,1.0,True,0.18000000000000682,PASS,matching track
1,2026-05-19 04:54:37.699168,09:16:25+00:00,37.42073,-122.08190666666667,16.4828,94.96,True,4.420019506792911,True,1.0,True,0.25,PASS,matching track
1,2026-05-19 04:54:38.201838,09:16:26+00:00,37.42072666666667,-122.081855,16.4828,94.46,True,4.5629748224936595,True,1.0,True,0.25,PASS,matching track
1,2026-05-19 04:54:38.704661,09:16:27+00:00,37.420723333333335,-122.081805,16.4828,94.39,True,4.420019872920423,True,1.0,True,0.2600000000000051,PASS,matching track
1,2026-05-19 04:54:39.208165,09:16:28+00:00,37.420721666666665,-122.08175166666666,16.4828,94.46,True,4.666054191533898,True,1.0,True,0.25,PASS,matching track
1,2026-05-19 04:54:39.710157,09:16:29+00:00,37.42071833333333,-122.08170166666666,16.4828,94.52,True,4.562975297662526,True,1.0,True,0.39000000000000057,PASS,matching track
1,2026-05-19 04:54:40.212594,09:16:30+00:00,37.420715,-122.08165,16.464280000000002,94.59,True,4.706213116220298,True,1.0,True,0.6000000000000085,PASS,matching track
1,2026-05-19 04:54:40.716507,09:16:31+00:00,37.420715,-122.0816,16.464280000000002,94.65,True,4.487362749829915,True,1.0,True,0.6600000000000108,PASS,matching track
1,2026-05-19 04:54:41.219431,09:16:32+00:00,37.42071166666667,-122.08154666666667,16.445760000000003,94.7,True,4.810747868712591,True,1.0,True,0.710000000000008,PASS,matching track
1,2026-05-19 04:54:41.721700,09:16:33+00:00,37.42070833333333,-122.08149666666667,16.427239999999998,94.75,True,4.666054984725907,True,1.0,True,0.7600000000000051,PASS,matching track
1,2026-05-19 04:54:42.225809,09:16:34+00:00,37.42070666666667,-122.081445,16.427239999999998,94.8,True,4.7786351328820444,True,1.0,True,0.7599999999999909,PASS,matching track
1,2026-05-19 04:54:42.728725,09:16:35+00:00,37.420703333333336,-122.08139333333334,16.40872,94.84,True,4.8107483808625595,True,1.0,True,0.7400000000000091,PASS,matching track
1,2026-05-19 04:54:43.231964,09:16:36+00:00,37.4207,-122.08134333333334,16.3902,94.88,True,4.810748585580988,True,1.0,True,0.7800000000000011,PASS,matching track
1,2026-05-19 04:54:43.735139,09:16:37+00:00,37.4207,-122.08129166666667,16.37168,94.96,True,4.9000617240335815,True,1.0,True,0.8599999999999994,PASS,matching track
1,2026-05-19 04:54:44.238231,09:16:38+00:00,37.420696666666664,-122.08124166666667,16.33464,95.05,True,4.778635753062182,True,1.0,True,0.8599999999999994,PASS,matching track
1,2026-05-19 04:54:44.741018,09:16:39+00:00,37.42069333333333,-122.08118833333333,16.31612,95.07,True,0.576848451362851,True,1.0,True,0.8299999999999983,PASS,matching track
1,2026-05-19 04:54:45.244199,09:16:40+00:00,37.42069,-122.08113833333333,16.297600000000003,95.09,True,4.92444141917237,True,1.0,True,0.8500000000000085,PASS,matching track
1,2026-05-19 04:54:45.747485,09:16:41+00:00,37.42069,-122.08108666666666,16.27908,95.19,True,0.47969354755579297,True,1.0,True,0.9500000000000028,PASS,matching track
1,2026-05-19 04:54:46.250475,09:16:42+00:00,37.42068666666667,-122.08103666666666,16.24204,95.24,True,4.900062582764123,True,1.0,True,1.0,PASS,matching track
1,2026-05-19 04:54:46.754037,09:16:43+00:00,37.420683333333336,-122.08098333333334,16.22352,95.13,True,0.6184373085151682,True,1.0,True,0.8900000000000006,PASS,matching track
1,2026-05-19 04:54:47.257356,09:16:44+00:00,37.42068,-122.08093333333333,16.205000000000002,95.06,True,0.618437333483743,True,1.0,True,0.8200000000000074,PASS,matching track
1,2026-05-19 04:54:47.759906,09:16:45+00:00,37.42068,-122.08088166666667,16.16796,95.05,True,0.5901259681028531,True,1.0,True,0.8100000000000023,PASS,matching track
1,2026-05-19 04:54:48.262493,09:16:46+00:00,37.420676666666665,-122.08083166666667,16.149440000000002,94.89,True,0.5901259942602011,True,1.0,True,0.7600000000000051,PASS,matching track
1,2026-05-19 04:54:48.765618,09:16:47+00:00,37.42067333333333,-122.08078,16.130920000000003,94.14,True,0.5901260204175467,True,1.0,True,0.07000000000000739,PASS,matching track
1,2026-05-19 04:54:49.268569,09:16:48+00:00,37.420671666666664,-122.08073,16.09388,94.5,True,0.5901260334962188,True,1.0,True,0.4300000000000068,PASS,matching track
1,2026-05-19 04:54:49.771551,09:16:49+00:00,37.42067,-122.08067666666666,16.07536,94.7,True,0.7604963978571807,True,1.0,True,0.769999999999996,PASS,matching track
1,2026-05-19 04:54:50.274394,09:16:50+00:00,37.42066833333333,-122.08062666666666,16.05684,94.66,True,0.7604964136842179,True,1.0,True,0.11999999999999034,PASS,matching track
1,2026-05-19 04:54:50.777413,09:16:51+00:00,37.420665,-122.08057666666667,16.038320000000002,94.61,True,0.7604964449855047,True,1.0,True,0.060000000000002274,PASS,matching track
1,2026-05-19 04:54:51.280309,09:16:52+00:00,37.42066166666667,-122.080525,16.0198,94.56,True,0.7604964769935642,True,1.0,True,0.010000000000005116,PASS,matching track
1,2026-05-19 04:54:51.783743,09:16:53+00:00,37.42066166666667,-122.080475,16.00128,95.21,True,0.8252291546924295,True,1.0,True,0.5999999999999943,PASS,matching track
1,2026-05-19 04:54:52.287376,09:16:54+00:00,37.420658333333336,-122.08042333333333,15.982760000000003,95.16,True,0.8252291863330994,True,1.0,True,0.5,PASS,matching track
1,2026-05-19 04:54:52.790199,09:16:55+00:00,37.420655,-122.08037333333333,15.96424,95.1,True,0.8252292155032076,True,1.0,True,0.4399999999999977,PASS,matching track
1,2026-05-19 04:54:53.293452,09:16:56+00:00,37.420651666666664,-122.08032166666666,15.94572,95.09,True,0.8252292443189392,True,1.0,True,0.4300000000000068,PASS,matching track
1,2026-05-19 04:54:53.796171,09:16:57+00:00,37.42064833333333,-122.08027166666666,15.94572,95.07,True,0.8252292741940987,True,1.0,True,0.4099999999999966,PASS,matching track
1,2026-05-19 04:54:54.299413,09:16:58+00:00,37.42064666666667,-122.08022,15.94572,95.0,True,0.923083863238217,True,1.0,True,0.3400000000000034,PASS,matching track
1,2026-05-19 04:54:54.802382,09:16:59+00:00,37.42064333333333,-122.08017,15.927200000000001,94.93,True,0.9230838870891405,True,1.0,True,0.27000000000001023,PASS,matching track
1,2026-05-19 04:54:55.305330,09:17:00+00:00,37.420695,-122.08018,15.927200000000001,94.85,False,6.2909109303682085,True,1.0,True,0.18999999999999773,FAIL,distance is over tolerance: 6.29m
1,2026-05-19 04:54:55.808943,09:17:01+00:00,37.42069166666667,-122.08013,15.927200000000001,94.78,False,6.296098550086618,True,1.0,True,0.12000000000000455,FAIL,distance is over tolerance: 6.30m
1,2026-05-19 04:54:56.312722,09:17:02+00:00,37.42068833333333,-122.08008,15.927200000000001,94.7,False,6.296098547134788,True,1.0,True,0.04000000000000625,FAIL,distance is over tolerance: 6.30m
1,2026-05-19 04:54:56.816134,09:17:03+00:00,37.420685,-122.08002833333333,15.927200000000001,94.62,False,6.29091092080683,True,1.0,True,0.03999999999999204,FAIL,distance is over tolerance: 6.29m
1,2026-05-19 04:54:57.319609,09:17:04+00:00,37.42068166666667,-122.07997833333333,15.94572,94.55,False,6.29609854052214,True,1.0,True,0.10999999999999943,FAIL,distance is over tolerance: 6.30m
1,2026-05-19 04:54:57.823026,09:17:05+00:00,37.420678333333335,-122.07992666666667,15.94572,94.47,False,6.290910913136314,True,1.0,True,0.18999999999999773,FAIL,distance is over tolerance: 6.29m
1,2026-05-19 04:54:58.326869,09:17:06+00:00,37.420675,-122.07987666666666,15.96424,94.4,False,6.296098536384429,True,1.0,True,0.25,FAIL,distance is over tolerance: 6.30m
1,2026-05-19 04:54:58.830255,09:17:07+00:00,37.42067333333333,-122.079825,15.96424,93.81,False,6.475837393488467,True,1.0,True,0.28000000000000114,FAIL,distance is over tolerance: 6.48m
1,2026-05-19 04:54:59.333695,09:17:08+00:00,37.420671666666664,-122.079775,15.982760000000003,93.68,False,6.665666406688454,True,1.0,True,0.4099999999999966,FAIL,distance is over tolerance: 6.67m
1,2026-05-19 04:54:59.837783,09:17:09+00:00,37.42066833333333,-122.079725,16.00128,93.61,False,6.480876989046878,True,1.0,True,0.480000000000004,FAIL,distance is over tolerance: 6.48m
1,2026-05-19 04:55:00.340978,09:17:10+00:00,37.420665,-122.079675,16.0198,93.55,False,6.489267629202537,True,1.0,True,0.5400000000000063,FAIL,distance is over tolerance: 6.49m
1,2026-05-19 04:55:00.844684,09:17:11+00:00,37.42066166666667,-122.079625,16.038320000000002,94.05,False,6.48926762550912,True,1.0,True,0.04000000000000625,FAIL,distance is over tolerance: 6.49m
1,2026-05-19 04:55:01.348290,09:17:12+00:00,37.420658333333336,-122.07957333333333,16.05684,94.9,False,6.480876980084614,True,1.0,True,0.2400000000000091,FAIL,distance is over tolerance: 6.48m
1,2026-05-19 04:55:01.851765,09:17:13+00:00,37.420655,-122.07952333333333,16.07536,94.85,False,6.489267620590659,True,1.0,True,0.18999999999999773,FAIL,distance is over tolerance: 6.49m
1,2026-05-19 04:55:02.355690,09:17:14+00:00,37.420651666666664,-122.07947166666666,16.09388,94.8,False,6.480876974462084,True,1.0,True,0.14000000000000057,FAIL,distance is over tolerance: 6.48m
1,2026-05-19 04:55:02.859023,09:17:15+00:00,37.42064666666667,-122.07942333333334,16.130920000000003,94.75,False,6.316806423590346,True,1.0,True,0.8199999999999932,FAIL,distance is over tolerance: 6.32m
1,2026-05-19 04:55:03.362797,09:17:16+00:00,37.420588333333335,-122.07931166666667,16.149440000000002,94.71,True,4.882581027868357,True,1.0,True,0.8599999999999994,PASS,matching track
1,2026-05-19 04:55:03.865273,09:17:17+00:00,37.420585,-122.07926,16.16796,94.67,True,0.8621761628427662,True,1.0,True,0.8999999999999915,PASS,matching track
1,2026-05-19 04:55:04.368224,09:17:18+00:00,37.42058,-122.07921,16.205000000000002,94.64,True,4.8720584940348575,True,1.0,True,0.9299999999999926,PASS,matching track
1,2026-05-19 04:55:04.871178,09:17:19+00:00,37.42057666666667,-122.07915833333334,16.22352,94.62,True,0.86217618752019,True,1.0,True,0.9499999999999886,PASS,matching track
1,2026-05-19 04:55:05.374317,09:17:20+00:00,37.42057333333333,-122.07910833333334,16.24204,94.6,True,4.882581994794487,True,1.0,True,0.9699999999999989,PASS,matching track
1,2026-05-19 04:55:05.877067,09:17:21+00:00,37.420568333333335,-122.07906,16.27908,94.58,True,4.724637226147598,True,1.0,True,0.14000000000000057,PASS,matching track
1,2026-05-19 04:55:06.379768,09:17:22+00:00,37.420565,-122.07900833333333,16.297600000000003,94.57,True,4.882582534291641,True,1.0,True,0.15000000000000568,PASS,matching track
1,2026-05-19 04:55:06.882449,09:17:23+00:00,37.420561666666664,-122.07895833333333,16.31612,94.57,True,4.735488318654674,True,1.0,True,0.15000000000000568,PASS,matching track
1,2026-05-19 04:55:07.384964,09:17:24+00:00,37.42055666666667,-122.07890833333333,16.353160000000003,93.72,True,4.724637957999909,True,1.0,True,0.5400000000000063,PASS,matching track
1,2026-05-19 04:55:07.887576,09:17:25+00:00,37.42055166666667,-122.07885833333333,16.37168,93.27,True,4.577223283347147,True,1.0,True,0.9900000000000091,PASS,matching track
1,2026-05-19 04:55:08.390390,09:17:26+00:00,37.420548333333336,-122.07880666666667,16.3902,93.29,True,4.724638480833596,True,1.0,True,0.9699999999999989,PASS,matching track
1,2026-05-19 04:55:08.892783,09:17:27+00:00,37.42054666666667,-122.07875666666666,16.40872,93.46,True,4.588422875271435,True,1.0,True,0.8000000000000114,PASS,matching track
1,2026-05-19 04:55:09.395655,09:17:28+00:00,37.420543333333335,-122.07870833333334,16.427239999999998,93.56,True,4.429816560543354,True,1.0,True,0.7000000000000028,PASS,matching track
1,2026-05-19 04:55:09.898455,09:17:29+00:00,37.42054,-122.07865666666666,16.427239999999998,93.6,True,4.577223993656603,True,1.0,True,0.6600000000000108,PASS,matching track
1,2026-05-19 04:55:10.401288,09:17:30+00:00,37.420535,-122.07860666666667,16.445760000000003,93.63,True,4.4259532952211575,True,1.0,True,0.7800000000000011,PASS,matching track
1,2026-05-19 04:55:10.903933,09:17:31+00:00,37.42053166666667,-122.07855666666667,16.464280000000002,93.68,True,4.425953492658545,True,1.0,True,0.8099999999999881,PASS,matching track
1,2026-05-19 04:55:11.406307,09:17:32+00:00,37.42052833333333,-122.07850666666667,16.464280000000002,93.72,True,4.278421898329505,True,1.0,True,0.769999999999996,PASS,matching track
1,2026-05-19 04:55:11.909315,09:17:33+00:00,37.420525,-122.078455,16.4828,93.77,True,4.425953885017411,True,1.0,True,0.6099999999999994,PASS,matching track
1,2026-05-19 04:55:12.412083,09:17:34+00:00,37.420521666666666,-122.078405,16.4828,93.83,True,4.278422277609713,True,1.0,True,0.6599999999999966,PASS,matching track
1,2026-05-19 04:55:12.914552,09:17:35+00:00,37.420516666666664,-122.078355,16.4828,93.89,True,4.282419327837011,True,1.0,True,0.5999999999999943,PASS,matching track
1,2026-05-19 04:55:13.417621,09:17:36+00:00,37.420515,-122.078305,16.464280000000002,92.62,True,4.130890841482058,True,1.0,True,0.539999999999992,PASS,matching track
1,2026-05-19 04:55:13.920293,09:17:37+00:00,37.42051166666667,-122.07825333333334,16.464280000000002,94.91,True,4.2824196110392405,True,1.0,True,0.4200000000000017,PASS,matching track
1,2026-05-19 04:55:14.422644,09:17:38+00:00,37.42050833333333,-122.07820333333333,16.4828,96.42,True,4.135030577190695,True,1.0,True,0.3999999999999915,PASS,matching track
1,2026-05-19 04:55:14.925303,09:17:39+00:00,37.42050166666667,-122.078155,16.464280000000002,96.49,True,4.021827749917658,True,1.0,True,0.3299999999999983,PASS,matching track
1,2026-05-19 04:55:15.428111,09:17:40+00:00,37.420496666666665,-122.07810333333333,16.464280000000002,96.56,True,4.1679984503640215,True,1.0,True,0.2599999999999909,PASS,matching track
1,2026-05-19 04:55:15.930971,09:17:41+00:00,37.42049166666666,-122.07805333333333,16.445760000000003,97.55,True,4.021828274602702,True,1.0,True,0.18000000000000682,PASS,matching track
1,2026-05-19 04:55:16.434274,09:17:42+00:00,37.42048666666667,-122.07800333333333,16.427239999999998,97.93,True,4.021828537386478,True,1.0,True,0.09999999999999432,PASS,matching track
1,2026-05-19 04:55:16.937069,09:17:43+00:00,37.42048,-122.077955,12.260240000000001,76.51,True,3.906538123135746,True,1.0,True,0.030000000000001137,PASS,matching track
1,2026-05-19 04:55:17.439954,09:17:44+00:00,37.42048666666667,-122.07791833333333,16.40872,0.54,True,2.712935092808824,True,1.0,True,0.050000000000000044,PASS,matching track
1,2026-05-19 04:55:17.942381,09:17:45+00:00,37.42052666666667,-122.07791666666667,16.3902,0.62,True,4.2774056395114375,True,1.0,True,0.13,PASS,matching track
1,2026-05-19 04:55:18.444837,09:17:46+00:00,37.420568333333335,-122.07791666666667,16.37168,0.2,True,4.478472320276509,True,1.0,True,0.2,PASS,matching track
1,2026-05-19 04:55:18.947981,09:17:47+00:00,37.420606666666664,-122.07791666666667,16.353160000000003,0.28,True,4.11203531577227,True,1.0,True,0.20999999999999996,PASS,matching track
1,2026-05-19 04:55:19.451155,09:17:48+00:00,37.42064833333333,-122.07791833333333,16.31612,1.47,True,4.317921750226348,True,1.0,True,0.34999999999999987,PASS,matching track
1,2026-05-19 04:55:19.954837,09:17:49+00:00,37.42068833333333,-122.07791666666667,16.297600000000003,0.42,True,4.112035278578615,True,1.0,True,0.06,PASS,matching track
1,2026-05-19 04:55:20.458122,09:17:50+00:00,37.42072833333334,-122.07791666666667,16.27908,0.49,True,4.135785742294302,True,1.0,True,0.010000000000000009,PASS,matching track
1,2026-05-19 04:55:20.960841,09:17:51+00:00,37.420768333333335,-122.07791666666667,16.24204,0.55,True,4.135785697945007,True,1.0,True,0.07000000000000006,PASS,matching track
1,2026-05-19 04:55:21.463763,09:17:52+00:00,37.42080833333333,-122.07791666666667,16.22352,1.1,True,3.953913409330413,True,1.0,True,0.42000000000000004,PASS,matching track
1,2026-05-19 04:55:21.967895,09:17:53+00:00,37.42085,-122.07791666666667,16.205000000000002,1.36,True,4.1357856124570445,True,1.0,True,0.68,PASS,matching track
1,2026-05-19 04:55:22.471446,09:17:54+00:00,37.42089,-122.07791666666667,16.16796,1.41,True,3.9539133124049983,True,1.0,True,0.7299999999999999,PASS,matching track
1,2026-05-19 04:55:22.973722,09:17:55+00:00,37.42093166666667,-122.077915,16.149440000000002,1.17,True,4.112035171909788,True,1.0,True,0.4899999999999999,PASS,matching track
1,2026-05-19 04:55:23.476502,09:17:56+00:00,37.42097166666667,-122.077915,16.130920000000003,0.83,True,3.9539132161860047,True,1.0,True,0.1499999999999999,PASS,matching track
1,2026-05-19 04:55:23.978981,09:17:57+00:00,37.42101,-122.077915,16.09388,0.87,True,3.7723427327596384,True,1.0,True,0.18999999999999995,PASS,matching track
1,2026-05-19 04:55:24.481556,09:17:58+00:00,37.42105166666666,-122.077915,16.07536,0.29,True,3.9539131217135637,True,1.0,True,0.10000000000000003,PASS,matching track
1,2026-05-19 04:55:24.984516,09:17:59+00:00,37.42109166666667,-122.07791666666667,16.05684,358.09,True,3.8039436549102636,True,1.0,True,0.92999999999995,PASS,matching track
1,2026-05-19 04:55:25.487184,09:18:00+00:00,37.42113333333333,-122.07791833333333,16.038320000000002,357.25,True,3.9840740930426297,True,1.0,True,0.08999999999997499,PASS,matching track
1,2026-05-19 04:55:25.989849,09:18:01+00:00,37.421173333333336,-122.07792166666667,16.0198,356.68,True,3.8409548885324343,True,1.0,True,0.38999999999998636,PASS,matching track
1,2026-05-19 04:55:26.492835,09:18:02+00:00,37.421213333333334,-122.077925,16.00128,353.92,True,3.8409547664922057,True,1.0,True,0.6800000000000068,PASS,matching track
1,2026-05-19 04:55:26.996222,09:18:03+00:00,37.421255,-122.07793166666667,15.982760000000003,354.07,True,4.105152774673033,True,1.0,True,0.8299999999999841,PASS,matching track
1,2026-05-19 04:55:27.498593,09:18:04+00:00,37.421295,-122.07793833333334,15.96424,354.24,True,3.930574743475964,True,1.0,True,1.0,PASS,matching track
1,2026-05-19 04:55:28.002157,09:18:05+00:00,37.421335,-122.07794333333334,15.96424,354.21,True,3.8832213679507626,True,1.0,True,0.20999999999997954,PASS,matching track
1,2026-05-19 04:55:28.505199,09:18:06+00:00,37.421375,-122.07795,15.94572,354.2,True,3.9305743125501977,True,1.0,True,0.18999999999999773,PASS,matching track
1,2026-05-19 04:55:29.009156,09:18:07+00:00,37.421416666666666,-122.07795666666667,15.94572,354.1,True,4.105151952239337,True,1.0,True,0.009999999999990905,PASS,matching track
1,2026-05-19 04:55:29.511596,09:18:08+00:00,37.421456666666664,-122.07796166666667,15.927200000000001,354.95,True,3.883220860103498,True,1.0,True,0.5600000000000023,PASS,matching track
1,2026-05-19 04:55:30.014239,09:18:09+00:00,37.42149666666667,-122.07796833333333,15.927200000000001,355.31,True,3.930573658406163,True,1.0,True,0.6200000000000045,PASS,matching track
1,2026-05-19 04:55:30.517220,09:18:10+00:00,37.42153666666667,-122.07797333333333,15.927200000000001,355.0,True,3.8832205268302493,True,1.0,True,0.6100000000000136,PASS,matching track
1,2026-05-19 04:55:31.021049,09:18:11+00:00,37.421578333333336,-122.07797666666667,15.927200000000001,354.96,True,4.0194259293079355,True,1.0,True,0.5699999999999932,PASS,matching track
1,2026-05-19 04:55:31.523438,09:18:12+00:00,37.421618333333335,-122.07798166666667,15.90868,356.74,True,3.840953515389181,True,1.0,True,0.37999999999999545,PASS,matching track
1,2026-05-19 04:55:32.026555,09:18:13+00:00,37.42165833333333,-122.077985,15.94572,357.88,True,3.8039424483209894,True,1.0,True,0.5500000000000114,PASS,matching track
1,2026-05-19 04:55:32.529383,09:18:14+00:00,37.4217,-122.07798833333334,15.94572,357.97,True,3.984072975958726,True,1.0,True,0.03000000000002956,PASS,matching track
1,2026-05-19 04:55:33.032183,09:18:15+00:00,37.42174,-122.07799,15.94572,357.98,True,3.7723417815135374,True,1.0,True,0.040000000000020464,PASS,matching track
1,2026-05-19 04:55:33.534658,09:18:16+00:00,37.42178166666667,-122.07799166666666,15.96424,357.92,True,3.9539122581600354,True,1.0,True,0.01999999999998181,PASS,matching track
1,2026-05-19 04:55:34.036869,09:18:17+00:00,37.421821666666666,-122.07799333333334,15.982760000000003,358.47,True,3.7462885246877162,True,1.0,True,0.5300000000000296,PASS,matching track
1,2026-05-19 04:55:34.539303,09:18:18+00:00,37.421863333333334,-122.077995,16.00128,359.71,True,3.9290631952693684,True,1.0,True,0.2699999999999818,PASS,matching track
1,2026-05-19 04:55:35.042205,09:18:19+00:00,37.421905,-122.07799666666666,16.0198,359.7,True,4.112034739941465,True,1.0,True,0.2599999999999909,PASS,matching track
1,2026-05-19 04:55:35.544894,09:18:20+00:00,37.421945,-122.077995,16.038320000000002,359.76,True,3.8956847176441234,True,1.0,True,0.2400000000000091,PASS,matching track
1,2026-05-19 04:55:36.048944,09:18:21+00:00,37.42198666666667,-122.077995,16.05684,0.24,True,4.080153410438156,True,1.0,True,0.24,PASS,matching track
1,2026-05-19 04:55:36.551570,09:18:22+00:00,37.42202666666667,-122.077995,16.07536,1.24,True,3.895684747992668,True,1.0,True,0.16999999999999993,PASS,matching track
1,2026-05-19 04:55:37.055705,09:18:23+00:00,37.422066666666666,-122.077995,16.09388,2.26,True,3.8956847603343596,True,1.0,True,0.08999999999999986,PASS,matching track
1,2026-05-19 04:55:37.558035,09:18:24+00:00,37.42211,-122.07799,16.130920000000003,2.08,True,4.257003954173552,True,1.0,True,0.020000000000000018,PASS,matching track
1,2026-05-19 04:55:38.061598,09:18:25+00:00,37.42215,-122.07798833333334,16.149440000000002,1.91,True,4.069470923558297,True,1.0,True,0.06000000000000005,PASS,matching track
1,2026-05-19 04:55:38.564035,09:18:26+00:00,37.42219166666667,-122.07798666666666,16.16796,2.78,True,4.254446902902137,True,1.0,True,0.14000000000000012,PASS,matching track
1,2026-05-19 04:55:39.066696,09:18:27+00:00,37.42223166666667,-122.077985,16.205000000000002,3.26,True,4.069470978737408,True,1.0,True,0.2100000000000004,PASS,matching track
1,2026-05-19 04:55:39.569169,09:18:28+00:00,37.42227333333334,-122.07798,16.22352,3.35,True,4.264666162310423,True,1.0,True,0.1200000000000001,PASS,matching track
1,2026-05-19 04:55:40.072179,09:18:29+00:00,37.422315,-122.07797666666667,16.24204,4.45,True,4.449217295215793,True,1.0,True,0.05999999999999961,PASS,matching track
1,2026-05-19 04:55:40.574838,09:18:30+00:00,37.422355,-122.07797166666667,16.27908,4.08,True,4.277405839212986,True,1.0,True,0.11000000000000032,PASS,matching track
1,2026-05-19 04:55:41.077515,09:18:31+00:00,37.422396666666664,-122.07796666666667,16.297600000000003,3.69,True,4.461430004793142,True,1.0,True,0.04999999999999982,PASS,matching track
1,2026-05-19 04:55:41.580781,09:18:32+00:00,37.42243833333333,-122.07796333333333,16.31612,3.63,True,4.461430010357887,True,1.0,True,0.3200000000000003,PASS,matching track
1,2026-05-19 04:55:42.083823,09:18:33+00:00,37.42247833333333,-122.07795833333333,16.33464,3.76,True,4.478471769668992,True,1.0,True,0.1900000000000004,PASS,matching track
1,2026-05-19 04:55:42.586286,09:18:34+00:00,37.42252,-122.077955,16.37168,4.21,True,4.645529798029542,True,1.0,True,0.019999999999999574,PASS,matching track
1,2026-05-19 04:55:43.089708,09:18:35+00:00,37.42256,-122.07794833333334,16.3902,3.21,True,4.500287697205139,True,1.0,True,0.04999999999999982,PASS,matching track
1,2026-05-19 04:55:43.592178,09:18:36+00:00,37.422601666666665,-122.077945,16.40872,2.71,True,4.661898577859284,True,1.0,True,0.08999999999999986,PASS,matching track
1,2026-05-19 04:55:44.095199,09:18:37+00:00,37.42264333333333,-122.07794166666666,16.427239999999998,2.67,True,4.845443197848829,True,1.0,True,0.1299999999999999,PASS,matching track
1,2026-05-19 04:55:44.597645,09:18:38+00:00,37.42268333333333,-122.07794,16.427239999999998,2.29,True,4.645529833148495,True,1.0,True,0.08000000000000007,PASS,matching track
1,2026-05-19 04:55:45.101033,09:18:39+00:00,37.42272333333333,-122.077935,16.445760000000003,1.89,True,4.682859963708443,True,1.0,True,0.17999999999999994,PASS,matching track
1,2026-05-19 04:55:45.604531,09:18:40+00:00,37.42276666666667,-122.07793166666667,16.464280000000002,1.27,True,0.5768391865920208,True,1.0,True,0.7999999999999998,PASS,matching track
1,2026-05-19 04:55:46.107346,09:18:41+00:00,37.422806666666666,-122.07793,16.464280000000002,1.15,True,4.845443173690388,True,1.0,True,0.9199999999999999,PASS,matching track
1,2026-05-19 04:55:46.609889,09:18:42+00:00,37.422848333333334,-122.07792833333333,16.4828,1.09,True,0.576838820755691,True,1.0,True,0.9799999999999998,PASS,matching track
1,2026-05-19 04:55:47.112591,09:18:43+00:00,37.42288833333333,-122.077925,16.4828,1.55,True,4.865613826371162,True,1.0,True,0.22999999999999998,PASS,matching track
1,2026-05-19 04:55:47.615127,09:18:44+00:00,37.42292833333333,-122.07792333333333,16.4828,1.72,True,4.8656137992149855,True,1.0,True,0.06000000000000005,PASS,matching track
1,2026-05-19 04:55:48.117673,09:18:45+00:00,37.42297166666667,-122.07792,16.4828,1.1,True,0.8100447314843064,True,1.0,True,0.2999999999999998,PASS,matching track
1,2026-05-19 04:55:48.619985,09:18:46+00:00,37.42301166666667,-122.07791833333333,16.4828,0.79,True,0.8100445061408973,True,1.0,True,0.1499999999999999,PASS,matching track
1,2026-05-19 04:55:49.123676,09:18:47+00:00,37.423053333333336,-122.07791666666667,16.4828,0.42,True,0.810044270978204,True,1.0,True,0.38000000000000006,PASS,matching track
1,2026-05-19 04:55:49.626118,09:18:48+00:00,37.423093333333334,-122.07791333333333,16.464280000000002,0.51,True,0.9230648214916859,True,1.0,True,0.29000000000000004,PASS,matching track
1,2026-05-19 04:55:50.128929,09:18:49+00:00,37.423135,-122.07791333333333,16.464280000000002,360.0,True,0.9230644975618117,True,1.0,True,0.10000000000002274,PASS,matching track
1,2026-05-19 04:55:50.631286,09:18:50+00:00,37.42317666666667,-122.07791166666667,16.445760000000003,359.88,True,1.0447776232421988,True,1.0,True,0.13999999999998636,PASS,matching track
1,2026-05-19 04:55:51.134495,09:18:51+00:00,37.42321666666667,-122.07791166666667,16.445760000000003,359.22,True,1.0447773479064952,True,1.0,True,0.5199999999999818,PASS,matching track
1,2026-05-19 04:55:51.637507,09:18:52+00:00,37.42325833333334,-122.07791166666667,16.427239999999998,358.9,True,1.04477706418638,True,1.0,True,0.8400000000000318,PASS,matching track
1,2026-05-19 04:55:52.140617,09:18:53+00:00,37.423298333333335,-122.07791166666667,16.40872,358.94,True,1.0447767906153627,True,1.0,True,0.8000000000000114,PASS,matching track
1,2026-05-19 04:55:52.644188,09:18:54+00:00,37.42334,-122.07791166666667,16.3902,358.99,True,1.0447765044241093,True,1.0,True,0.75,PASS,matching track
1,2026-05-19 04:55:53.147351,09:18:55+00:00,37.42338,-122.07791166666667,11.112,302.39,True,1.0447762326202736,True,1.0,True,0.6999999999999886,PASS,matching track
1,2026-05-19 04:55:53.650149,09:18:56+00:00,37.423395,-122.07794,16.353160000000003,262.88,True,2.9860569811415067,True,1.0,True,0.5900000000000318,PASS,matching track
1,2026-05-19 04:55:54.154130,09:18:57+00:00,37.42339,-122.07799166666666,16.31612,262.93,True,3.8401382540321265,True,1.0,True,0.5400000000000205,PASS,matching track
1,2026-05-19 04:55:54.657438,09:18:58+00:00,37.423386666666666,-122.07804166666666,16.297600000000003,262.95,True,3.706662791064699,True,1.0,True,0.5200000000000387,PASS,matching track
1,2026-05-19 04:55:55.160444,09:18:59+00:00,37.423381666666664,-122.07809166666667,16.27908,263.02,True,3.692790571202092,True,1.0,True,0.4500000000000455,PASS,matching track
1,2026-05-19 04:55:55.663006,09:19:00+00:00,37.42337666666667,-122.07814333333333,16.24204,320.15,True,3.8401389326682454,True,1.0,False,51.27999999999997,FAIL,heading is over tolerance: 51.28deg
1,2026-05-19 04:55:56.166187,09:19:01+00:00,37.42337333333333,-122.07819333333333,16.22352,323.51,True,3.7066634417132547,True,1.0,False,54.639999999999986,FAIL,heading is over tolerance: 54.64deg
1,2026-05-19 04:55:56.669212,09:19:02+00:00,37.42337166666667,-122.078245,16.205000000000002,323.63,True,3.8756158950330755,True,1.0,False,54.75999999999999,FAIL,heading is over tolerance: 54.76deg
1,2026-05-19 04:55:57.174241,09:19:03+00:00,37.42337166666667,-122.078295,16.18648,323.87,True,3.7616417264509687,True,1.0,False,55.0,FAIL,heading is over tolerance: 55.00deg
1,2026-05-19 04:55:57.678374,09:19:04+00:00,37.42337,-122.07834666666666,16.149440000000002,323.87,True,3.8756159791084412,True,1.0,False,54.75999999999999,FAIL,heading is over tolerance: 54.76deg
1,2026-05-19 04:55:58.181316,09:19:05+00:00,37.42337,-122.07839666666666,16.130920000000003,323.87,True,3.7616418075342097,True,1.0,False,54.420000000000016,FAIL,heading is over tolerance: 54.42deg
1,2026-05-19 04:55:58.684432,09:19:06+00:00,37.423368333333336,-122.07844833333333,16.1124,323.87,True,3.875616063183921,True,1.0,False,54.420000000000016,FAIL,heading is over tolerance: 54.42deg
1,2026-05-19 04:55:59.187553,09:19:07+00:00,37.423368333333336,-122.07849833333333,16.07536,324.11,True,3.7616418872040067,True,1.0,False,54.660000000000025,FAIL,heading is over tolerance: 54.66deg
1,2026-05-19 04:55:59.690513,09:19:08+00:00,37.423368333333336,-122.07855,16.05684,324.45,True,3.9063938643100187,True,1.0,False,55.0,FAIL,heading is over tolerance: 55.00deg
1,2026-05-19 04:56:00.194099,09:19:09+00:00,37.423366666666666,-122.0786,16.038320000000002,324.45,True,3.72966984725466,True,1.0,False,55.0,FAIL,heading is over tolerance: 55.00deg
1,2026-05-19 04:56:00.697357,09:19:10+00:00,37.423366666666666,-122.07865166666667,16.0198,324.45,True,3.9063939482056624,True,1.0,False,55.0,FAIL,heading is over tolerance: 55.00deg
1,2026-05-19 04:56:01.201012,09:19:11+00:00,37.423366666666666,-122.07870333333334,16.00128,324.45,True,3.9063939482056624,True,1.0,False,55.0,FAIL,heading is over tolerance: 55.00deg
1,2026-05-19 04:56:01.703843,09:19:12+00:00,37.423365,-122.078755,15.96424,323.48,True,4.021677830092898,True,1.0,False,54.03000000000003,FAIL,heading is over tolerance: 54.03deg
1,2026-05-19 04:56:02.207606,09:19:13+00:00,37.423363333333334,-122.078805,15.96424,320.16,True,3.8534816631046773,True,1.0,False,50.710000000000036,FAIL,heading is over tolerance: 50.71deg
1,2026-05-19 04:56:02.710387,09:19:14+00:00,37.42336,-122.07885666666667,15.96424,320.16,True,3.9875011018193707,True,1.0,False,50.710000000000036,FAIL,heading is over tolerance: 50.71deg
1,2026-05-19 04:56:03.213594,09:19:15+00:00,37.42335666666666,-122.07890666666667,15.94572,320.16,True,3.8401399529188254,True,1.0,False,51.68000000000001,FAIL,heading is over tolerance: 51.68deg
1,2026-05-19 04:56:03.716414,09:19:16+00:00,37.42335333333333,-122.07896,15.94572,265.91,True,4.134874547739461,True,1.0,True,0.75,PASS,matching track
1,2026-05-19 04:56:04.219491,09:19:17+00:00,37.42334833333334,-122.07901,15.927200000000001,265.96,True,3.9832089439683593,True,1.0,True,0.7999999999999545,PASS,matching track
1,2026-05-19 04:56:04.722094,09:19:18+00:00,37.423345,-122.07906166666666,15.927200000000001,266.0,True,4.130735383892326,True,1.0,True,0.839999999999975,PASS,matching track
1,2026-05-19 04:56:05.225464,09:19:19+00:00,37.423341666666666,-122.07911166666666,15.927200000000001,266.04,True,3.983209297114194,True,1.0,True,0.8300000000000409,PASS,matching track
1,2026-05-19 04:56:05.727773,09:19:20+00:00,37.423338333333334,-122.079165,15.927200000000001,266.07,True,4.27826202780601,True,1.0,True,0.7099999999999795,PASS,matching track
1,2026-05-19 04:56:06.230414,09:19:21+00:00,37.423335,-122.079215,15.927200000000001,266.1,True,4.130735934488113,True,1.0,True,0.7400000000000091,PASS,matching track
1,2026-05-19 04:56:06.732980,09:19:22+00:00,37.42333,-122.079265,15.927200000000001,266.17,True,4.13487573791489,True,1.0,True,0.8100000000000023,PASS,matching track
1,2026-05-19 04:56:07.235752,09:19:23+00:00,37.42332666666667,-122.07931666666667,15.94572,266.34,True,4.2822596101494215,True,1.0,True,0.9799999999999613,PASS,matching track
1,2026-05-19 04:56:07.738416,09:19:24+00:00,37.423323333333336,-122.07936833333333,15.94572,266.35,True,4.282259799510399,True,1.0,True,0.9900000000000091,PASS,matching track
1,2026-05-19 04:56:08.241528,09:19:25+00:00,37.42332,-122.07942,15.96424,266.36,True,4.429653186015623,True,1.0,True,1.0,PASS,matching track
1,2026-05-19 04:56:08.744219,09:19:26+00:00,37.423315,-122.07947,15.982760000000003,266.36,True,4.294228800595724,True,1.0,True,1.0,PASS,matching track
1,2026-05-19 04:56:09.246996,09:19:27+00:00,37.42331166666666,-122.07952333333333,16.00128,266.35,True,4.588255074297888,True,1.0,True,0.9900000000000091,PASS,matching track
1,2026-05-19 04:56:09.749326,09:19:28+00:00,37.42330833333333,-122.07957333333333,16.0198,266.34,True,4.4412252067354325,True,1.0,True,0.9799999999999613,PASS,matching track
1,2026-05-19 04:56:10.252737,09:19:29+00:00,37.42330333333334,-122.07962333333333,16.038320000000002,266.32,True,4.4604443827456155,True,1.0,True,0.9599999999999795,PASS,matching track
1,2026-05-19 04:56:10.755912,09:19:30+00:00,37.4233,-122.079675,16.05684,266.3,True,4.606861321443598,True,1.0,True,0.9399999999999977,PASS,matching track
1,2026-05-19 04:56:11.258522,09:19:31+00:00,37.423296666666666,-122.07972666666667,16.07536,266.27,True,4.606861523550671,True,1.0,True,0.9099999999999682,PASS,matching track
1,2026-05-19 04:56:11.761232,09:19:32+00:00,37.42329333333333,-122.07977833333334,16.09388,266.24,True,4.753347099593588,True,1.0,True,0.8799999999999955,PASS,matching track
1,2026-05-19 04:56:12.263977,09:19:33+00:00,37.42329,-122.07982833333334,16.1124,266.2,True,4.606861925115383,True,1.0,True,0.839999999999975,PASS,matching track
1,2026-05-19 04:56:12.766855,09:19:34+00:00,37.423285,-122.07988166666667,16.149440000000002,264.86,True,4.924275371316217,True,1.0,True,0.5,PASS,matching track
1,2026-05-19 04:56:13.269936,09:19:35+00:00,37.42328,-122.07993166666667,16.16796,264.72,True,4.810589714021644,True,1.0,True,0.6399999999999864,PASS,matching track
1,2026-05-19 04:56:13.772997,09:19:36+00:00,37.423276666666666,-122.07998166666667,16.18648,264.67,True,4.778475786335507,True,1.0,True,0.6000000000000227,PASS,matching track
1,2026-05-19 04:56:14.275646,09:19:37+00:00,37.423271666666665,-122.08003333333333,16.22352,264.61,True,4.955445575592738,True,1.0,True,0.5400000000000205,PASS,matching track
1,2026-05-19 04:56:14.778940,09:19:38+00:00,37.42326666666666,-122.080085,16.24204,264.55,True,4.955445893935231,True,1.0,True,0.5699999999999932,PASS,matching track
1,2026-05-19 04:56:15.281547,09:19:39+00:00,37.42326166666667,-122.08013666666666,16.260559999999998,264.49,True,0.7098038079417571,True,1.0,True,0.37999999999999545,PASS,matching track
1,2026-05-19 04:56:15.784232,09:19:40+00:00,37.42325833333334,-122.08018666666666,16.297600000000003,264.42,True,4.95544642191567,True,1.0,True,0.3100000000000023,PASS,matching track
1,2026-05-19 04:56:16.287291,09:19:41+00:00,37.423253333333335,-122.08023666666666,16.31612,264.35,True,4.993278395689333,True,1.0,True,0.2400000000000091,PASS,matching track
1,2026-05-19 04:56:16.790868,09:19:42+00:00,37.42325,-122.08029,16.33464,264.4,True,0.8100431298434161,True,1.0,True,0.2899999999999636,PASS,matching track
1,2026-05-19 04:56:17.293282,09:19:43+00:00,37.42324333333333,-122.08034,16.353160000000003,264.31,True,0.9464051647647221,True,1.0,True,0.19999999999998863,PASS,matching track
1,2026-05-19 04:56:17.795635,09:19:44+00:00,37.42324,-122.08039,16.37168,263.52,True,0.9464051783655157,True,1.0,True,0.13999999999998636,PASS,matching track
1,2026-05-19 04:56:18.299012,09:19:45+00:00,37.423235,-122.08044166666667,16.40872,263.45,True,0.9464052042431138,True,1.0,True,0.06999999999999318,PASS,matching track
1,2026-05-19 04:56:18.801659,09:19:46+00:00,37.42323,-122.08049166666666,13.964080000000001,220.57,True,0.9464052276472258,True,1.0,True,0.010000000000019327,PASS,matching track
1,2026-05-19 04:56:19.304252,09:19:47+00:00,37.42320333333333,-122.08052,16.427239999999998,196.92,True,4.825391309541281,True,1.0,True,0.09000000000000341,PASS,matching track
1,2026-05-19 04:56:19.806744,09:19:48+00:00,37.423165,-122.08053666666666,16.445760000000003,196.85,True,1.0447776568646314,True,1.0,True,0.1599999999999966,PASS,matching track
1,2026-05-19 04:56:20.310310,09:19:49+00:00,37.42312666666667,-122.08055166666666,16.427239999999998,200.49,True,1.0447779171082383,True,1.0,True,0.23999999999998067,PASS,matching track
1,2026-05-19 04:56:20.813181,09:19:50+00:00,37.42308833333333,-122.08057,16.445760000000003,206.26,True,1.0447781812397696,True,1.0,True,0.3100000000000023,PASS,matching track
1,2026-05-19 04:56:21.315823,09:19:51+00:00,37.423051666666666,-122.08059333333334,16.4828,207.52,True,1.0447784306275005,True,1.0,True,0.37999999999999545,PASS,matching track
1,2026-05-19 04:56:21.818583,09:19:52+00:00,37.42301666666667,-122.08061666666667,16.4828,207.45,True,1.04477867057666,True,1.0,True,0.45000000000001705,PASS,matching track
1,2026-05-19 04:56:22.321219,09:19:53+00:00,37.42298,-122.08064,16.464280000000002,208.83,True,1.044778921027343,True,1.0,True,0.5199999999999818,PASS,matching track
1,2026-05-19 04:56:22.824083,09:19:54+00:00,37.422945,-122.080665,16.4828,213.12,True,1.0447791595614178,True,1.0,True,0.5799999999999841,PASS,matching track
1,2026-05-19 04:56:23.326414,09:19:55+00:00,37.42291,-122.08069333333333,16.4828,214.68,True,1.0447794002181903,True,1.0,True,0.539999999999992,PASS,matching track
1,2026-05-19 04:56:23.829281,09:19:56+00:00,37.42287833333334,-122.08072333333334,16.4828,214.9,True,1.0447796166907786,True,1.0,True,0.3199999999999932,PASS,matching track
1,2026-05-19 04:56:24.332398,09:19:57+00:00,37.422845,-122.08075333333333,16.464280000000002,214.62,True,1.0447798433126658,True,1.0,True,0.5999999999999943,PASS,matching track
1,2026-05-19 04:56:24.836248,09:19:58+00:00,37.42281166666667,-122.08078333333333,16.464280000000002,214.42,True,1.0447800713464337,True,1.0,True,0.8000000000000114,PASS,matching track
1,2026-05-19 04:56:25.339351,09:19:59+00:00,37.42277833333333,-122.08081166666666,16.445760000000003,214.37,True,1.0447802986748747,True,1.0,True,0.8499999999999943,PASS,matching track
1,2026-05-19 04:56:25.842275,09:20:00+00:00,37.422745,-122.08084166666667,16.445760000000003,214.34,True,1.0447805281226195,True,1.0,True,0.8799999999999955,PASS,matching track
1,2026-05-19 04:56:26.345167,09:20:01+00:00,37.422711666666665,-122.08087166666667,16.40872,212.33,True,1.044780755804594,True,1.0,True,0.8400000000000034,PASS,matching track
1,2026-05-19 04:56:26.848079,09:20:02+00:00,37.42267833333333,-122.0809,16.40872,210.54,True,1.0447809824251544,True,1.0,True,0.950000000000017,PASS,matching track
1,2026-05-19 04:56:27.351180,09:20:03+00:00,37.42264333333333,-122.08092666666667,16.3902,210.52,True,1.0447812227280207,True,1.0,True,0.9699999999999989,PASS,matching track
1,2026-05-19 04:56:27.854804,09:20:04+00:00,37.422608333333336,-122.08095333333333,16.31612,206.09,True,1.0447814598499372,True,1.0,True,0.9799999999999898,PASS,matching track
1,2026-05-19 04:56:28.359494,09:20:05+00:00,37.422575,-122.08097666666667,16.353160000000003,201.64,True,0.9230688174665742,True,1.0,True,0.9900000000000091,PASS,matching track
1,2026-05-19 04:56:28.861862,09:20:06+00:00,37.422536666666666,-122.08099666666666,16.33464,201.63,True,0.9230691125991278,True,1.0,True,1.0,PASS,matching track
1,2026-05-19 04:56:29.364964,09:20:07+00:00,37.4225,-122.081015,16.22352,198.15,True,0.923069397217885,True,1.0,True,1.0,PASS,matching track
1,2026-05-19 04:56:29.867503,09:20:08+00:00,37.42246166666666,-122.08103166666666,16.27908,190.06,True,0.923069697649305,True,1.0,True,0.5500000000000114,PASS,matching track
1,2026-05-19 04:56:30.371257,09:20:09+00:00,37.422421666666665,-122.08104166666666,16.260559999999998,190.07,True,0.923070009298072,True,1.0,True,0.5600000000000023,PASS,matching track
1,2026-05-19 04:56:30.874150,09:20:10+00:00,37.422381666666666,-122.08105,16.205000000000002,188.55,True,0.8100480392158648,True,1.0,True,0.9599999999999795,PASS,matching track
1,2026-05-19 04:56:31.377386,09:20:11+00:00,37.42234333333333,-122.08105833333333,16.205000000000002,183.86,True,4.989290223019168,True,1.0,True,0.09000000000000341,PASS,matching track
1,2026-05-19 04:56:31.880056,09:20:12+00:00,37.42230166666667,-122.08106333333333,16.18648,183.89,True,0.6964897983026164,True,1.0,True,0.11999999999997613,PASS,matching track
1,2026-05-19 04:56:32.383445,09:20:13+00:00,37.422261666666664,-122.08106666666667,16.130920000000003,182.9,True,4.8901546524940995,True,1.0,True,0.8700000000000045,PASS,matching track
1,2026-05-19 04:56:32.886680,09:20:14+00:00,37.422221666666665,-122.08107,16.1124,177.34,True,4.890154705737963,True,1.0,True,0.8299999999999841,PASS,matching track
1,2026-05-19 04:56:33.389726,09:20:15+00:00,37.42218166666667,-122.08106666666667,16.1124,174.95,True,4.818417215821491,True,1.0,True,0.6599999999999966,PASS,matching track
1,2026-05-19 04:56:33.892637,09:20:16+00:00,37.42214166666667,-122.08106333333333,16.07536,175.0,True,4.626751447399885,True,1.0,True,0.710000000000008,PASS,matching track
1,2026-05-19 04:56:34.395346,09:20:17+00:00,37.4221,-122.08106,16.038320000000002,173.61,True,4.811636922645829,True,1.0,True,0.5100000000000193,PASS,matching track
1,2026-05-19 04:56:34.898001,09:20:18+00:00,37.42206,-122.081055,16.038320000000002,172.48,True,4.624398736517956,True,1.0,True,0.6200000000000045,PASS,matching track
1,2026-05-19 04:56:35.400550,09:20:19+00:00,37.422021666666666,-122.08104833333333,16.0198,172.54,True,4.441873384086512,True,1.0,True,0.5600000000000023,PASS,matching track
1,2026-05-19 04:56:35.903155,09:20:20+00:00,37.42198166666667,-122.08104,16.00128,172.61,True,4.449217152900009,True,1.0,True,0.4899999999999807,PASS,matching track
1,2026-05-19 04:56:36.406385,09:20:21+00:00,37.42194,-122.081035,15.982760000000003,172.67,True,4.626751300323629,True,1.0,True,0.4300000000000068,PASS,matching track
1,2026-05-19 04:56:36.909300,09:20:22+00:00,37.4219,-122.08102833333334,15.96424,172.74,True,4.449217110808816,True,1.0,True,0.3599999999999852,PASS,matching track
1,2026-05-19 04:56:37.411902,09:20:23+00:00,37.421861666666665,-122.08102,15.96424,172.82,True,4.277405787847379,True,1.0,True,0.28000000000000114,PASS,matching track
1,2026-05-19 04:56:37.914614,09:20:24+00:00,37.421821666666666,-122.081015,15.90868,168.58,True,4.264665976460565,True,1.0,True,0.20999999999997954,PASS,matching track
1,2026-05-19 04:56:38.416809,09:20:25+00:00,37.42178166666667,-122.081005,15.94572,165.39,True,4.317920620149039,True,1.0,True,0.13000000000002387,PASS,matching track
1,2026-05-19 04:56:38.919773,09:20:26+00:00,37.42174166666667,-122.08099166666666,15.927200000000001,165.46,True,4.377990038409993,True,1.0,True,0.060000000000002274,PASS,matching track
1,2026-05-19 04:56:39.423784,09:20:27+00:00,37.42170333333333,-122.08097666666667,15.927200000000001,165.54,True,4.237162651156929,True,1.0,True,0.01999999999998181,PASS,matching track
1,2026-05-19 04:56:39.926835,09:20:28+00:00,37.421665,-122.080965,15.927200000000001,165.62,True,4.019425576791814,True,1.0,True,0.09999999999999432,PASS,matching track
1,2026-05-19 04:56:40.429095,09:20:29+00:00,37.421625,-122.08095166666666,15.927200000000001,165.69,True,4.237162941184968,True,1.0,True,0.1699999999999875,PASS,matching track
1,2026-05-19 04:56:40.932516,09:20:30+00:00,37.42158666666667,-122.08093833333334,15.927200000000001,165.77,True,4.059834835164227,True,1.0,True,0.25,PASS,matching track
1,2026-05-19 04:56:41.435604,09:20:31+00:00,37.421548333333334,-122.08092333333333,9.26,153.12,True,4.10515110481617,True,1.0,True,0.3199999999999932,PASS,matching track
1,2026-05-19 04:56:41.939289,09:20:32+00:00,37.421526666666665,-122.08091,15.94572,19.67,True,2.2769669071702867,True,1.0,True,0.39000000000000057,PASS,matching track
1,2026-05-19 04:56:42.441879,09:20:33+00:00,37.421565,-122.08089333333334,15.94572,19.74,True,4.472901720033657,True,1.0,True,0.4599999999999973,PASS,matching track
1,2026-05-19 04:56:42.944685,09:20:34+00:00,37.42160333333333,-122.080875,15.890160000000002,15.85,True,0.6284941517271327,True,1.0,True,0.5299999999999994,PASS,matching track
1,2026-05-19 04:56:43.447915,09:20:35+00:00,37.421643333333336,-122.08086166666666,15.982760000000003,9.83,True,0.6284940821330007,True,1.0,True,0.5899999999999999,PASS,matching track
1,2026-05-19 04:56:43.951157,09:20:36+00:00,37.421683333333334,-122.08085333333334,15.797559999999999,3.8,True,0.6284940107734767,True,1.0,True,0.6499999999999999,PASS,matching track
1,2026-05-19 04:56:44.453974,09:20:37+00:00,37.421725,-122.08085,16.00128,351.56,True,0.7965659524892259,True,1.0,True,0.6299999999999955,PASS,matching track
1,2026-05-19 04:56:44.957040,09:20:38+00:00,37.421765,-122.08085666666666,16.0198,351.69,True,0.8621727243723653,True,1.0,True,0.7599999999999909,PASS,matching track
1,2026-05-19 04:56:45.459860,09:20:39+00:00,37.421805,-122.080865,16.05684,351.74,True,0.8621726079635676,True,1.0,True,0.8100000000000023,PASS,matching track
1,2026-05-19 04:56:45.963439,09:20:40+00:00,37.421845,-122.08087333333333,16.07536,351.78,True,0.8621724901409795,True,1.0,True,0.8499999999999659,PASS,matching track
1,2026-05-19 04:56:46.466175,09:20:41+00:00,37.421885,-122.08088166666667,16.09388,351.82,True,0.8621723751446027,True,1.0,True,0.8899999999999864,PASS,matching track
1,2026-05-19 04:56:46.969864,09:20:42+00:00,37.421925,-122.08088833333333,16.09388,350.63,True,0.9464115173661932,True,1.0,True,0.30000000000001137,PASS,matching track
1,2026-05-19 04:56:47.472855,09:20:43+00:00,37.421965,-122.08089666666666,16.149440000000002,347.55,True,0.946411325539956,True,1.0,True,0.9499999999999886,PASS,matching track
1,2026-05-19 04:56:47.975804,09:20:44+00:00,37.422005,-122.08090833333333,16.149440000000002,347.33,True,0.9464111344195256,True,1.0,True,0.7299999999999613,PASS,matching track
1,2026-05-19 04:56:48.478222,09:20:45+00:00,37.422045,-122.08092,16.18648,317.17,True,0.946410940826421,True,1.0,True,0.9900000000000091,PASS,matching track
1,2026-05-19 04:56:48.980322,09:20:46+00:00,37.422075,-122.08095666666667,14.908600000000002,299.79,True,4.859256147912461,True,1.0,True,1.0,PASS,matching track
1,2026-05-19 04:56:49.483210,09:20:47+00:00,37.42209166666667,-122.080995,15.742,270.77,True,3.816205415222093,True,1.0,True,1.0,PASS,matching track
1,2026-05-19 04:56:49.986356,09:20:48+00:00,37.42209166666667,-122.081045,16.260559999999998,356.87,True,3.761703250074046,True,1.0,True,0.7900000000000205,PASS,matching track
1,2026-05-19 04:56:50.488946,09:20:49+00:00,37.422133333333335,-122.08104833333333,16.297600000000003,356.86,True,1.0447847567343127,True,1.0,True,0.7800000000000296,PASS,matching track
1,2026-05-19 04:56:50.991948,09:20:50+00:00,37.42217333333333,-122.08105166666667,16.31612,357.06,True,1.0447844806894573,True,1.0,True,0.9800000000000182,PASS,matching track
1,2026-05-19 04:56:51.494539,09:20:51+00:00,37.42221333333333,-122.081055,16.31612,2.71,True,1.0447842074722593,True,1.0,True,0.96,PASS,matching track
1,2026-05-19 04:56:51.997673,09:20:52+00:00,37.422255,-122.08105333333333,16.353160000000003,5.73,True,1.0447839234004275,True,1.0,True,0.9300000000000006,PASS,matching track
1,2026-05-19 04:56:52.501250,09:20:53+00:00,37.422295,-122.08105,16.37168,5.7,True,1.0447836491240774,True,1.0,True,0.9000000000000004,PASS,matching track
1,2026-05-19 04:56:53.003937,09:20:54+00:00,37.422335,-122.081045,16.37168,7.73,True,1.0447833744924437,True,1.0,True,0.8600000000000003,PASS,matching track
1,2026-05-19 04:56:53.506503,09:20:55+00:00,37.422376666666665,-122.08104,16.40872,11.87,True,1.0447830911277913,True,1.0,True,0.8199999999999985,PASS,matching track
1,2026-05-19 04:56:54.009261,09:20:56+00:00,37.42241666666666,-122.08103,16.427239999999998,11.83,True,1.0447828182637722,True,1.0,True,0.7799999999999994,PASS,matching track
1,2026-05-19 04:56:54.511911,09:20:57+00:00,37.422455,-122.08102,16.37168,14.98,True,1.044782554840112,True,1.0,True,0.7300000000000004,PASS,matching track
1,2026-05-19 04:56:55.014519,09:20:58+00:00,37.422493333333335,-122.08100666666667,16.464280000000002,23.3,True,0.9230694902357292,True,1.0,True,0.03999999999999915,PASS,matching track
1,2026-05-19 04:56:55.517080,09:20:59+00:00,37.422531666666664,-122.08098666666666,16.464280000000002,23.24,True,0.9230691919239774,True,1.0,True,0.10000000000000142,PASS,matching track
1,2026-05-19 04:56:56.019821,09:21:08+00:00,37.42256833333333,-122.08096833333333,16.445760000000003,23.89,False,21.724798608456297,False,9.0,True,7.82,FAIL,"distance is over tolerance: 21.72m
update time is over tolerance: 9.00s"
1,2026-05-19 04:56:56.522749,09:21:01+00:00,37.422605,-122.08094833333334,16.4828,31.97,True,0.9230686205660986,False,-7.0,True,0.28999999999999915,FAIL,update time is over tolerance: -7.00s
1,2026-05-19 04:56:57.025889,09:21:02+00:00,37.42264,-122.08092,16.4828,31.91,True,0.9230683485791387,True,1.0,True,0.23000000000000043,PASS,matching track
1,2026-05-19 04:56:57.528596,09:21:03+00:00,37.422675,-122.08089333333334,16.4828,32.02,True,0.9230680758848085,True,1.0,True,0.3400000000000034,PASS,matching track
1,2026-05-19 04:56:58.031760,09:21:04+00:00,37.42270833333333,-122.08086666666667,16.4828,35.49,True,0.825211268572608,True,1.0,True,0.2700000000000031,PASS,matching track
1,2026-05-19 04:56:58.534444,09:21:05+00:00,37.42274166666667,-122.08083833333333,16.4828,35.42,True,0.8252109768824225,True,1.0,True,0.1700000000000017,PASS,matching track
1,2026-05-19 04:56:59.037443,09:21:06+00:00,37.422775,-122.08080833333334,16.464280000000002,35.34,True,0.825210682365517,True,1.0,True,0.12000000000000455,PASS,matching track
1,2026-05-19 04:56:59.540096,09:21:07+00:00,37.422808333333336,-122.08077833333333,16.464280000000002,35.26,True,0.8252103931481135,True,1.0,True,0.03999999999999915,PASS,matching track
1,2026-05-19 04:57:00.042438,09:21:08+00:00,37.42283833333333,-122.08075,16.445760000000003,35.56,True,4.921419111922374,True,1.0,True,0.030000000000001137,PASS,matching track
1,2026-05-19 04:57:00.545465,09:21:09+00:00,37.422871666666666,-122.08072,16.445760000000003,35.49,True,0.7604754671673744,True,1.0,True,0.10000000000000142,PASS,matching track
1,2026-05-19 04:57:01.048872,09:21:10+00:00,37.422905,-122.08069166666667,16.427239999999998,34.13,True,0.6184207061174768,True,1.0,True,0.18999999999999773,PASS,matching track
1,2026-05-19 04:57:01.551511,09:21:11+00:00,37.422938333333335,-122.08066333333333,16.3902,31.45,True,4.96863530988797,True,1.0,True,0.26000000000000156,PASS,matching track
1,2026-05-19 04:57:02.054654,09:21:12+00:00,37.42297166666667,-122.080635,16.3902,27.57,True,4.968634470959417,True,1.0,True,0.3299999999999983,PASS,matching track
1,2026-05-19 04:57:02.556897,09:21:13+00:00,37.423006666666666,-122.08061166666667,16.37168,27.49,True,4.705412607904827,True,1.0,True,0.41000000000000014,PASS,matching track
1,2026-05-19 04:57:03.060198,09:21:14+00:00,37.42304333333333,-122.08058833333334,16.353160000000003,27.43,True,4.85923802105573,True,1.0,True,0.46999999999999886,PASS,matching track
1,2026-05-19 04:57:03.562588,09:21:15+00:00,37.42308,-122.080565,16.31612,23.45,True,4.859237333345285,True,1.0,True,0.5399999999999991,PASS,matching track
1,2026-05-19 04:57:04.065302,09:21:16+00:00,37.423115,-122.080545,16.31612,16.41,True,4.470597054833483,True,1.0,True,0.6000000000000014,PASS,matching track
1,2026-05-19 04:57:04.567798,09:21:17+00:00,37.42315333333333,-122.08053,16.27908,16.35,True,4.43786350885963,True,1.0,True,0.6600000000000001,PASS,matching track
1,2026-05-19 04:57:05.070060,09:21:18+00:00,37.42319333333333,-122.080515,16.260559999999998,16.29,True,4.608074936314707,True,1.0,True,0.7200000000000024,PASS,matching track
1,2026-05-19 04:57:05.573323,09:21:19+00:00,37.423231666666666,-122.08050166666666,15.77904,79.94,True,4.38110176940524,True,1.0,True,0.769999999999996,PASS,matching track
1,2026-05-19 04:57:06.076237,09:21:20+00:00,37.42323666666667,-122.08045333333334,16.205000000000002,82.56,True,4.58825982248582,True,1.0,True,0.8199999999999932,PASS,matching track
1,2026-05-19 04:57:06.579256,09:21:21+00:00,37.42324,-122.08040166666666,16.18648,82.72,True,4.868373501212435,True,1.0,True,0.6599999999999966,PASS,matching track
1,2026-05-19 04:57:07.082098,09:21:22+00:00,37.423245,-122.08035166666667,16.149440000000002,83.47,True,4.7244693174296755,True,1.0,True,0.09000000000000341,PASS,matching track
1,2026-05-19 04:57:07.584822,09:21:23+00:00,37.42325,-122.08030166666667,16.130920000000003,83.05,True,4.724469003835399,True,1.0,True,0.3299999999999983,PASS,matching track
1,2026-05-19 04:57:08.089735,09:21:24+00:00,37.423253333333335,-122.08025166666667,16.1124,83.03,True,4.573319750323848,True,1.0,True,0.5499999999999972,PASS,matching track
1,2026-05-19 04:57:08.592212,09:21:25+00:00,37.42325666666667,-122.08020166666667,16.09388,83.01,True,4.5733195475924,True,1.0,True,0.9699999999999989,PASS,matching track
1,2026-05-19 04:57:09.095386,09:21:26+00:00,37.42326,-122.08015,16.05684,82.99,True,4.724468272071345,True,1.0,True,0.9900000000000091,PASS,matching track
1,2026-05-19 04:57:09.597952,09:21:27+00:00,37.423265,-122.08010166666666,16.038320000000002,82.98,True,4.425792620459106,True,1.0,True,1.0,PASS,matching track
1,2026-05-19 04:57:10.100624,09:21:28+00:00,37.42326833333333,-122.08005166666666,16.0198,82.98,True,4.429656224198828,True,1.0,True,1.0,PASS,matching track
1,2026-05-19 04:57:10.603735,09:21:29+00:00,37.423273333333334,-122.08,16.00128,82.98,True,4.573318533934919,True,1.0,True,1.0,PASS,matching track
1,2026-05-19 04:57:11.106549,09:21:30+00:00,37.423275,-122.07995166666667,15.982760000000003,82.99,True,4.294231066540458,True,1.0,True,0.9900000000000091,PASS,matching track
1,2026-05-19 04:57:11.609825,09:21:31+00:00,37.42328,-122.0799,15.96424,83.9,True,4.429655538170282,True,1.0,True,0.0799999999999983,PASS,matching track
1,2026-05-19 04:57:12.112494,09:21:32+00:00,37.42328333333333,-122.07985,15.96424,84.41,True,4.294230595396174,True,1.0,True,0.4299999999999926,PASS,matching track
1,2026-05-19 04:57:12.615612,09:21:33+00:00,37.42328666666667,-122.0798,15.94572,84.43,True,4.294230405330833,True,1.0,True,0.4399999999999977,PASS,matching track
1,2026-05-19 04:57:13.118606,09:21:34+00:00,37.42329,-122.07975,15.94572,84.47,True,4.294230216148839,True,1.0,True,0.4000000000000057,PASS,matching track
1,2026-05-19 04:57:13.621542,09:21:35+00:00,37.42329333333333,-122.0797,15.927200000000001,84.5,True,4.147271629228737,True,1.0,True,0.8599999999999994,PASS,matching track
1,2026-05-19 04:57:14.125142,09:21:36+00:00,37.423296666666666,-122.07964833333334,15.927200000000001,84.54,True,4.294229838667879,True,1.0,True,0.8199999999999932,PASS,matching track
1,2026-05-19 04:57:14.627886,09:21:37+00:00,37.4233,-122.07959833333334,15.927200000000001,84.59,True,4.147271265118199,True,1.0,True,0.769999999999996,PASS,matching track
1,2026-05-19 04:57:15.130638,09:21:38+00:00,37.42330333333334,-122.07954833333334,15.927200000000001,84.64,True,4.147271082179707,True,1.0,True,0.7199999999999989,PASS,matching track
1,2026-05-19 04:57:15.633148,09:21:39+00:00,37.42330666666667,-122.07949833333333,15.927200000000001,84.7,True,4.000354338757884,True,1.0,True,0.5999999999999943,PASS,matching track
1,2026-05-19 04:57:16.136367,09:21:40+00:00,37.42331,-122.07944833333333,15.927200000000001,84.76,True,4.000354163122845,True,1.0,True,0.3999999999999915,PASS,matching track
1,2026-05-19 04:57:16.638920,09:21:41+00:00,37.42331333333333,-122.07939666666667,15.94572,84.82,True,4.147270535042407,True,1.0,True,0.3400000000000034,PASS,matching track
1,2026-05-19 04:57:17.141786,09:21:42+00:00,37.423316666666665,-122.07934833333333,15.94572,84.83,True,3.8534838628978685,True,1.0,True,0.3299999999999983,PASS,matching track
1,2026-05-19 04:57:17.645121,09:21:43+00:00,37.42332,-122.07929666666666,15.96424,84.76,True,4.000353635334408,True,1.0,True,0.3999999999999915,PASS,matching track
1,2026-05-19 04:57:18.147506,09:21:44+00:00,37.423323333333336,-122.07924666666666,15.982760000000003,84.83,True,3.853483524203247,True,1.0,True,0.3299999999999983,PASS,matching track
1,2026-05-19 04:57:18.649889,09:21:45+00:00,37.42332666666667,-122.079195,15.982760000000003,84.9,True,4.000353283887525,True,1.0,True,0.2599999999999909,PASS,matching track
1,2026-05-19 04:57:19.152705,09:21:46+00:00,37.42333,-122.079145,16.00128,84.98,True,3.8534831858617338,True,1.0,True,0.1799999999999926,PASS,matching track
1,2026-05-19 04:57:19.655948,09:21:47+00:00,37.42333333333333,-122.079095,16.0198,85.05,True,3.853483016558536,True,1.0,True,0.10999999999999943,PASS,matching track
1,2026-05-19 04:57:20.159806,09:21:48+00:00,37.423336666666664,-122.079045,16.038320000000002,85.13,True,3.7066650698366503,True,1.0,True,0.030000000000001137,PASS,matching track
1,2026-05-19 04:57:20.662892,09:21:49+00:00,37.42334,-122.078995,16.07536,85.21,True,3.706664906600434,True,1.0,True,0.04999999999999716,PASS,matching track
1,2026-05-19 04:57:21.166609,09:21:50+00:00,37.423343333333335,-122.07894333333333,16.09388,85.28,True,3.8534825092672063,True,1.0,True,0.12000000000000455,PASS,matching track
1,2026-05-19 04:57:21.669468,09:21:51+00:00,37.42334666666667,-122.07889333333334,16.1124,85.36,True,3.7066645803045586,True,1.0,True,0.20000000000000284,PASS,matching track
1,2026-05-19 04:57:22.173141,09:21:52+00:00,37.42335166666667,-122.07884166666666,16.1124,86.95,True,3.8401401228428402,True,1.0,True,0.269999999999996,PASS,matching track
1,2026-05-19 04:57:22.675628,09:21:53+00:00,37.42335333333333,-122.07879166666666,16.16796,89.8,True,3.7066642561283354,True,1.0,True,0.3499999999999943,PASS,matching track
1,2026-05-19 04:57:23.177995,09:21:54+00:00,37.423355,-122.07874,16.18648,89.87,True,3.8534819165734695,True,1.0,True,0.4200000000000017,PASS,matching track
1,2026-05-19 04:57:23.680658,09:21:55+00:00,37.423355,-122.07869,16.205000000000002,89.94,True,3.7296701717755663,True,1.0,True,0.4899999999999949,PASS,matching track
1,2026-05-19 04:57:24.183799,09:21:56+00:00,37.423355,-122.07863833333333,16.24204,90.0,True,3.875616485327333,True,1.0,True,0.5499999999999972,PASS,matching track
1,2026-05-19 04:57:24.687009,09:21:57+00:00,37.42335666666666,-122.07858833333333,16.260559999999998,89.97,True,3.7066640937752875,True,1.0,True,0.519999999999996,PASS,matching track
1,2026-05-19 04:57:25.189516,09:21:58+00:00,37.42335833333333,-122.07853666666666,16.27908,89.54,True,3.8401397831714394,True,1.0,True,0.09000000000000341,PASS,matching track
1,2026-05-19 04:57:25.692517,09:21:59+00:00,37.42335833333333,-122.07848666666666,16.31612,89.6,True,3.706664012510342,True,1.0,True,0.14999999999999147,PASS,matching track
1,2026-05-19 04:57:26.194665,09:22:00+00:00,37.42336,-122.078435,16.33464,89.65,True,3.840139698209488,True,1.0,True,0.29000000000000625,PASS,matching track
1,2026-05-19 04:57:26.698625,09:22:01+00:00,37.42336,-122.078385,16.353160000000003,89.69,True,3.706663931422045,True,1.0,True,0.8199999999999932,PASS,matching track
1,2026-05-19 04:57:27.201865,09:22:02+00:00,37.423363333333334,-122.07833333333333,16.37168,89.68,True,3.835681922007556,True,1.0,True,0.8100000000000023,PASS,matching track
1,2026-05-19 04:57:27.704906,09:22:03+00:00,37.423363333333334,-122.07828166666667,16.3902,89.36,True,3.8401395291687583,True,1.0,True,0.4899999999999949,PASS,matching track
1,2026-05-19 04:57:28.207377,09:22:04+00:00,37.423365,-122.07823166666667,16.3902,88.22,True,3.688155611620434,True,1.0,True,0.23999999999999488,PASS,matching track
1,2026-05-19 04:57:28.710081,09:22:05+00:00,37.423366666666666,-122.07818,16.427239999999998,84.43,True,3.8356817507164136,True,1.0,True,0.960000000000008,PASS,matching track
1,2026-05-19 04:57:29.214283,09:22:06+00:00,37.42337333333333,-122.07813,16.445760000000003,84.45,True,3.7296695234407142,True,1.0,True,0.980000000000004,PASS,matching track
1,2026-05-19 04:57:29.717097,09:22:07+00:00,37.42337666666667,-122.07808,11.27868,122.71,True,3.7066632797135477,True,1.0,True,0.9899999999999949,PASS,matching track
1,2026-05-19 04:57:30.220036,09:22:08+00:00,37.423363333333334,-122.07805,16.464280000000002,180.15,True,2.4223841094244785,True,1.0,True,0.5999999999999943,PASS,matching track
1,2026-05-19 04:57:30.723006,09:22:09+00:00,37.423321666666666,-122.07805,16.464280000000002,180.15,True,4.682859469614275,True,1.0,True,0.5999999999999943,PASS,matching track
1,2026-05-19 04:57:31.226651,09:22:10+00:00,37.42328333333333,-122.07804666666667,16.4828,180.15,True,4.277405943987783,True,1.0,True,0.5999999999999943,PASS,matching track
1,2026-05-19 04:57:31.729104,09:22:11+00:00,37.42324166666667,-122.07804666666667,16.4828,180.54,True,4.478471538825291,True,1.0,True,0.5300000000000011,PASS,matching track
1,2026-05-19 04:57:32.232502,09:22:12+00:00,37.423201666666664,-122.078045,16.4828,182.04,True,4.277405934839237,True,1.0,True,0.09999999999999432,PASS,matching track
1,2026-05-19 04:57:32.735395,09:22:13+00:00,37.423161666666665,-122.07804666666667,16.4828,182.42,True,4.317919288662463,True,1.0,True,0.2699999999999818,PASS,matching track
1,2026-05-19 04:57:33.238593,09:22:14+00:00,37.42312166666667,-122.07804833333333,16.4828,182.39,True,4.317919328008661,True,1.0,True,0.23999999999998067,PASS,matching track
1,2026-05-19 04:57:33.741895,09:22:15+00:00,37.42308166666667,-122.07804833333333,16.464280000000002,182.83,True,4.112034201592088,True,1.0,True,0.0,PASS,matching track
1,2026-05-19 04:57:34.244163,09:22:16+00:00,37.42304,-122.07805,16.464280000000002,183.0,True,4.295177590073449,True,1.0,True,0.1699999999999875,PASS,matching track
1,2026-05-19 04:57:34.746872,09:22:17+00:00,37.423,-122.07805166666667,16.445760000000003,182.88,True,4.112034237371214,True,1.0,True,0.04999999999998295,PASS,matching track
1,2026-05-19 04:57:35.249710,09:22:18+00:00,37.422961666666666,-122.07805333333333,16.445760000000003,183.59,True,3.929062596219989,True,1.0,True,0.03999999999999204,PASS,matching track
1,2026-05-19 04:57:35.753631,09:22:19+00:00,37.42292,-122.07805333333333,16.427239999999998,184.26,True,4.0934675057409216,True,1.0,True,0.7099999999999795,PASS,matching track
1,2026-05-19 04:57:36.255896,09:22:20+00:00,37.42288,-122.07805666666667,16.40872,184.05,True,3.929062640616241,True,1.0,True,0.0700000000000216,PASS,matching track
1,2026-05-19 04:57:36.758841,09:22:21+00:00,37.42283833333333,-122.07806,16.3902,184.01,True,4.112034310024806,True,1.0,True,0.030000000000001137,PASS,matching track
1,2026-05-19 04:57:37.261710,09:22:22+00:00,37.42279833333333,-122.07806333333333,16.37168,184.03,True,3.929062682893104,True,1.0,True,0.05000000000001137,PASS,matching track
1,2026-05-19 04:57:37.764848,09:22:23+00:00,37.422758333333334,-122.078065,16.353160000000003,184.44,True,3.9096270197645544,True,1.0,True,0.18999999999999773,PASS,matching track
1,2026-05-19 04:57:38.267260,09:22:24+00:00,37.422718333333336,-122.07806833333333,16.33464,184.64,True,3.9096270197563845,True,1.0,True,0.17000000000001592,PASS,matching track
1,2026-05-19 04:57:38.770591,09:22:25+00:00,37.42267833333333,-122.07807166666667,16.31612,185.13,True,3.725898948231556,True,1.0,True,0.2400000000000091,PASS,matching track
1,2026-05-19 04:57:39.273603,09:22:26+00:00,37.42263833333333,-122.078075,16.27908,185.1,True,3.7258989521743073,True,1.0,True,0.21000000000000796,PASS,matching track
1,2026-05-19 04:57:39.775877,09:22:27+00:00,37.422596666666664,-122.07807833333334,16.260559999999998,185.06,True,3.8956849649563643,True,1.0,True,0.17000000000001592,PASS,matching track
1,2026-05-19 04:57:40.278834,09:22:28+00:00,37.422556666666665,-122.07808333333334,16.24204,185.58,True,3.725898957584098,True,1.0,True,0.01999999999998181,PASS,matching track
1,2026-05-19 04:57:40.781767,09:22:29+00:00,37.42251666666667,-122.07808833333333,16.205000000000002,185.62,True,3.7258989615251226,True,1.0,True,0.020000000000010232,PASS,matching track
1,2026-05-19 04:57:41.284078,09:22:30+00:00,37.422475,-122.07809166666667,16.18648,185.61,True,3.8956849212036713,True,1.0,True,0.010000000000019327,PASS,matching track
1,2026-05-19 04:57:41.786612,09:22:31+00:00,37.422435,-122.07809666666667,16.16796,185.42,True,3.7112667025482877,True,1.0,True,0.020000000000010232,PASS,matching track
1,2026-05-19 04:57:42.290708,09:22:32+00:00,37.422395,-122.07810166666667,16.130920000000003,185.23,True,3.7112666888578816,True,1.0,True,0.21000000000000796,PASS,matching track
1,2026-05-19 04:57:42.793253,09:22:33+00:00,37.422353333333334,-122.078105,16.1124,183.98,True,3.887295584886581,True,1.0,True,0.04999999999998295,PASS,matching track
1,2026-05-19 04:57:43.296254,09:22:34+00:00,37.422313333333335,-122.07810833333333,16.09388,183.57,True,3.699519145407419,True,1.0,True,0.01999999999998181,PASS,matching track
1,2026-05-19 04:57:43.798494,09:22:35+00:00,37.42227333333334,-122.07811166666667,16.07536,183.12,True,3.699519118316303,True,1.0,True,0.4300000000000068,PASS,matching track
1,2026-05-19 04:57:44.301756,09:22:36+00:00,37.42223166666667,-122.078115,16.038320000000002,181.7,True,3.884495048376701,True,1.0,True,0.18999999999999773,PASS,matching track
1,2026-05-19 04:57:44.804317,09:22:37+00:00,37.42219166666667,-122.078115,16.0198,181.33,True,3.71126662641652,True,1.0,True,0.08999999999997499,PASS,matching track
1,2026-05-19 04:57:45.307247,09:22:38+00:00,37.42215,-122.07811666666667,16.00128,180.8,True,3.895684802644354,True,1.0,True,0.13999999999998636,PASS,matching track
1,2026-05-19 04:57:45.809589,09:22:39+00:00,37.42211,-122.07811833333334,15.982760000000003,180.26,True,3.7112665997426912,True,1.0,True,0.3300000000000125,PASS,matching track
1,2026-05-19 04:57:46.312401,09:22:40+00:00,37.42207,-122.07812,15.982760000000003,179.85,True,3.711266587467322,True,1.0,True,0.539999999999992,PASS,matching track
1,2026-05-19 04:57:46.815031,09:22:41+00:00,37.42202833333333,-122.07811833333334,15.96424,178.52,True,3.9290630895340684,True,1.0,True,0.060000000000002274,PASS,matching track
1,2026-05-19 04:57:47.317486,09:22:42+00:00,37.42198833333333,-122.07811833333334,15.94572,178.15,True,3.7462884031081165,True,1.0,True,0.4300000000000068,PASS,matching track
1,2026-05-19 04:57:47.820360,09:22:43+00:00,37.42194666666666,-122.07811666666667,15.94572,177.71,True,3.9539120209200527,True,1.0,True,0.3499999999999943,PASS,matching track
1,2026-05-19 04:57:48.323535,09:22:44+00:00,37.421906666666665,-122.078115,15.927200000000001,176.45,True,3.7723415217292176,True,1.0,True,0.3300000000000125,PASS,matching track
1,2026-05-19 04:57:48.827152,09:22:45+00:00,37.421863333333334,-122.07811333333333,15.927200000000001,176.26,True,4.135784486035766,True,1.0,True,0.5200000000000102,PASS,matching track
1,2026-05-19 04:57:49.330324,09:22:46+00:00,37.421823333333336,-122.07811,15.927200000000001,176.24,True,3.984072664314898,True,1.0,True,0.539999999999992,PASS,matching track
1,2026-05-19 04:57:49.833702,09:22:47+00:00,37.42178333333333,-122.07810666666667,15.927200000000001,175.8,True,3.9840727436337753,True,1.0,True,0.6000000000000227,PASS,matching track
1,2026-05-19 04:57:50.337470,09:22:48+00:00,37.42174166666667,-122.07810333333333,15.927200000000001,174.21,True,4.198460716674169,True,1.0,True,0.3200000000000216,PASS,matching track
1,2026-05-19 04:57:50.840632,09:22:49+00:00,37.421701666666664,-122.0781,15.927200000000001,172.89,True,4.019425471005714,True,1.0,True,0.14000000000001478,PASS,matching track
1,2026-05-19 04:57:51.343612,09:22:50+00:00,37.421661666666665,-122.07809333333333,15.94572,172.78,True,4.10515052766761,True,1.0,True,0.25,PASS,matching track
1,2026-05-19 04:57:51.847011,09:22:51+00:00,37.421618333333335,-122.07808833333333,15.94572,172.76,True,4.415118834343737,True,1.0,True,0.27000000000001023,PASS,matching track
1,2026-05-19 04:57:52.350242,09:22:52+00:00,37.421578333333336,-122.07808333333334,15.96424,172.05,True,4.2371631147880775,True,1.0,True,0.009999999999990905,PASS,matching track
1,2026-05-19 04:57:52.853018,09:22:53+00:00,37.42153833333333,-122.07807666666666,15.982760000000003,171.41,True,4.280602539107239,True,1.0,True,0.020000000000010232,PASS,matching track
1,2026-05-19 04:57:53.356065,09:22:54+00:00,37.42149833333333,-122.07807,15.982760000000003,171.12,True,4.280602731872648,True,1.0,True,0.060000000000002274,PASS,matching track
1,2026-05-19 04:57:53.859142,09:22:55+00:00,37.421455,-122.07806333333333,16.00128,170.51,True,4.633728756699281,True,1.0,True,0.3300000000000125,PASS,matching track
1,2026-05-19 04:57:54.361954,09:22:56+00:00,37.421415,-122.078055,16.0198,169.96,True,4.502979499324164,True,1.0,True,0.8799999999999955,PASS,matching track
1,2026-05-19 04:57:54.864574,09:22:57+00:00,37.421375,-122.07804666666667,16.038320000000002,170.33,True,4.502979730804681,True,1.0,True,0.5099999999999909,PASS,matching track
1,2026-05-19 04:57:55.367108,09:22:58+00:00,37.421335,-122.07803833333334,16.05684,172.78,True,4.5029799608734935,True,1.0,True,0.8000000000000114,PASS,matching track
1,2026-05-19 04:57:55.870172,09:22:59+00:00,37.42129333333333,-122.07803333333334,16.09388,175.57,True,4.593630450579324,True,1.0,True,0.75,PASS,matching track
1,2026-05-19 04:57:56.374841,09:23:00+00:00,37.42125166666667,-122.07803,16.1124,176.5,True,4.738306925331589,True,1.0,True,0.18000000000000682,PASS,matching track
1,2026-05-19 04:57:56.877331,09:23:01+00:00,37.421211666666665,-122.07802666666667,16.130920000000003,177.42,True,4.557956216716027,True,1.0,True,0.21999999999999886,PASS,matching track
1,2026-05-19 04:57:57.379697,09:23:02+00:00,37.421171666666666,-122.078025,16.16796,179.38,True,4.526810971101994,True,1.0,True,0.5800000000000125,PASS,matching track
1,2026-05-19 04:57:57.882086,09:23:03+00:00,37.421128333333336,-122.078025,16.18648,179.48,True,4.8656149956854104,True,1.0,True,0.4800000000000182,PASS,matching track
1,2026-05-19 04:57:58.384729,09:23:04+00:00,37.42108833333333,-122.078025,16.205000000000002,179.55,True,4.6828611918865795,True,1.0,True,0.4099999999999966,PASS,matching track
1,2026-05-19 04:57:58.887336,09:23:05+00:00,37.42104666666667,-122.078025,16.24204,179.62,True,4.865615051306646,True,1.0,True,0.3400000000000034,PASS,matching track
1,2026-05-19 04:57:59.389839,09:23:06+00:00,37.42100666666666,-122.078025,16.260559999999998,180.13,True,4.682861254709827,True,1.0,True,0.12999999999999545,PASS,matching track
1,2026-05-19 04:57:59.892677,09:23:07+00:00,37.420965,-122.07802666666667,16.27908,180.29,True,4.845443436501185,True,1.0,True,0.15000000000000568,PASS,matching track
1,2026-05-19 04:58:00.395270,09:23:08+00:00,37.420923333333334,-122.07802666666667,16.31612,180.37,True,0.8252268394631187,True,1.0,True,0.06999999999999318,PASS,matching track
1,2026-05-19 04:58:00.898154,09:23:09+00:00,37.420883333333336,-122.07802833333334,16.33464,180.45,True,4.845443447697086,True,1.0,True,0.009999999999990905,PASS,matching track
1,2026-05-19 04:58:01.401097,09:23:10+00:00,37.42084166666667,-122.07802833333334,16.353160000000003,180.52,True,0.6964994585446255,True,1.0,True,0.009999999999990905,PASS,matching track
1,2026-05-19 04:58:01.904293,09:23:11+00:00,37.42080166666667,-122.07803,16.37168,180.6,True,4.829696069134008,True,1.0,True,0.06999999999999318,PASS,matching track
1,2026-05-19 04:58:02.406846,09:23:12+00:00,37.42075833333333,-122.07803,16.3902,180.43,True,0.8100572123570672,True,1.0,True,0.09999999999999432,PASS,matching track
1,2026-05-19 04:58:02.910065,09:23:13+00:00,37.42071833333333,-122.07803,16.40872,179.46,True,0.8100574384079501,True,1.0,True,0.1799999999999784,PASS,matching track
1,2026-05-19 04:58:03.412676,09:23:14+00:00,37.420678333333335,-122.07803,16.427239999999998,179.94,True,0.8100576662252874,True,1.0,True,0.060000000000002274,PASS,matching track
1,2026-05-19 04:58:03.915041,09:23:15+00:00,37.42063666666667,-122.07803166666666,16.445760000000003,180.37,True,0.7098132496964756,True,1.0,True,0.09000000000000341,PASS,matching track
1,2026-05-19 04:58:04.418034,09:23:16+00:00,37.42059666666667,-122.07803166666666,11.019400000000001,232.32,True,0.7098133940070339,True,1.0,True,0.4399999999999977,PASS,matching track
1,2026-05-19 04:58:04.921078,09:23:17+00:00,37.42057833333333,-122.07805833333333,16.464280000000002,277.3,True,3.222535932962026,True,1.0,True,0.5099999999999909,PASS,matching track
1,2026-05-19 04:58:05.423882,09:23:18+00:00,37.42058333333333,-122.07810833333333,16.464280000000002,277.36,True,3.987647931808641,True,1.0,True,0.5699999999999932,PASS,matching track
1,2026-05-19 04:58:05.926316,09:23:19+00:00,37.420586666666665,-122.07816,16.4828,276.58,True,4.147419703799406,True,1.0,True,0.21000000000003638,PASS,matching track
1,2026-05-19 04:58:06.429022,09:23:20+00:00,37.420655,-122.07816,16.4828,320.2,False,6.850465868236137,True,1.0,False,43.40999999999997,FAIL,"distance is over tolerance: 6.85m
heading is over tolerance: 43.41deg"
1,2026-05-19 04:58:06.933115,09:23:21+00:00,37.420658333333336,-122.07821166666666,16.4828,320.15,False,6.665666393890941,True,1.0,False,43.35999999999996,FAIL,"distance is over tolerance: 6.67m
heading is over tolerance: 43.36deg"
1,2026-05-19 04:58:07.436742,09:23:22+00:00,37.42066166666667,-122.07826333333334,16.4828,320.15,False,6.660766607580568,True,1.0,False,44.19999999999999,FAIL,"distance is over tolerance: 6.66m
heading is over tolerance: 44.20deg"
1,2026-05-19 04:58:07.939705,09:23:23+00:00,37.42066666666667,-122.07831333333333,16.4828,320.15,False,6.850465880880885,True,1.0,False,44.94999999999999,FAIL,"distance is over tolerance: 6.85m
heading is over tolerance: 44.95deg"
1,2026-05-19 04:58:08.445063,09:23:24+00:00,37.42067,-122.078365,16.464280000000002,320.15,False,6.660766616721098,True,1.0,False,45.0,FAIL,"distance is over tolerance: 6.66m
heading is over tolerance: 45.00deg"
1,2026-05-19 04:58:08.948386,09:23:25+00:00,37.42067333333333,-122.07841666666667,16.464280000000002,320.15,False,6.659132557331206,True,1.0,False,45.0,FAIL,"distance is over tolerance: 6.66m
heading is over tolerance: 45.00deg"
1,2026-05-19 04:58:09.451299,09:23:26+00:00,37.420676666666665,-122.07846666666667,16.464280000000002,320.15,False,6.6607666231198985,True,1.0,False,45.0,FAIL,"distance is over tolerance: 6.66m
heading is over tolerance: 45.00deg"
1,2026-05-19 04:58:09.956315,09:23:27+00:00,37.42068,-122.07851833333334,16.445760000000003,320.15,False,6.659132563020465,True,1.0,False,45.0,FAIL,"distance is over tolerance: 6.66m
heading is over tolerance: 45.00deg"
1,2026-05-19 04:58:10.459987,09:23:28+00:00,37.420683333333336,-122.07857,16.427239999999998,320.15,False,6.659132567809495,True,1.0,False,45.0,FAIL,"distance is over tolerance: 6.66m
heading is over tolerance: 45.00deg"
1,2026-05-19 04:58:10.963384,09:23:29+00:00,37.42068833333333,-122.07862,16.40872,320.15,False,6.844108476495721,True,1.0,False,45.0,FAIL,"distance is over tolerance: 6.84m
heading is over tolerance: 45.00deg"
1,2026-05-19 04:58:11.467274,09:23:30+00:00,37.42069166666667,-122.07867166666666,16.3902,320.15,False,6.660766641132791,True,1.0,False,45.0,FAIL,"distance is over tolerance: 6.66m
heading is over tolerance: 45.00deg"
1,2026-05-19 04:58:11.970847,09:23:31+00:00,37.420631666666665,-122.07877333333333,16.37168,276.15,True,4.588417521194226,True,1.0,True,1.0,PASS,matching track
1,2026-05-19 04:58:12.474425,09:23:32+00:00,37.420635,-122.078825,16.353160000000003,276.14,True,4.735483519089747,True,1.0,True,0.9900000000000091,PASS,matching track
1,2026-05-19 04:58:12.976883,09:23:33+00:00,37.420638333333336,-122.07887666666667,16.33464,276.13,True,4.73548331223717,True,1.0,True,0.9800000000000182,PASS,matching track
1,2026-05-19 04:58:13.479320,09:23:34+00:00,37.42064166666667,-122.07892833333334,16.31612,276.11,True,4.882577370257465,True,1.0,True,0.9600000000000364,PASS,matching track
1,2026-05-19 04:58:13.982758,09:23:35+00:00,37.42064666666667,-122.07897833333334,16.297600000000003,276.09,True,4.724632207845322,True,1.0,True,0.9399999999999977,PASS,matching track
1,2026-05-19 04:58:14.485486,09:23:36+00:00,37.42065,-122.07902833333333,16.260559999999998,276.06,True,4.735482580833727,True,1.0,True,0.910000000000025,PASS,matching track
1,2026-05-19 04:58:14.989110,09:23:37+00:00,37.420653333333334,-122.07908166666667,16.24204,275.63,True,0.8621759435600134,True,1.0,True,0.4800000000000182,PASS,matching track
1,2026-05-19 04:58:15.491379,09:23:38+00:00,37.420656666666666,-122.07913166666667,16.205000000000002,275.59,True,4.882576401918264,True,1.0,True,0.4399999999999977,PASS,matching track
1,2026-05-19 04:58:15.994122,09:23:39+00:00,37.42066166666667,-122.07918333333333,16.18648,275.54,True,0.7098131598983645,True,1.0,True,0.3900000000000432,PASS,matching track
1,2026-05-19 04:58:16.497149,09:23:40+00:00,37.420665,-122.07923333333333,16.16796,275.5,True,4.872052887372469,True,1.0,True,0.75,PASS,matching track
1,2026-05-19 04:58:17.000252,09:23:41+00:00,37.42066833333333,-122.07928666666666,16.130920000000003,275.44,True,0.8100577230055085,True,1.0,True,0.6899999999999977,PASS,matching track
1,2026-05-19 04:58:17.503908,09:23:42+00:00,37.420671666666664,-122.07933666666666,16.1124,275.38,True,0.8100577026634602,True,1.0,True,0.6299999999999955,PASS,matching track
1,2026-05-19 04:58:18.006322,09:23:43+00:00,37.420675,-122.07938666666666,16.09388,275.32,True,0.810057683738613,True,1.0,True,0.5699999999999932,PASS,matching track
1,2026-05-19 04:58:18.509533,09:23:44+00:00,37.42068,-122.07943833333333,16.07536,275.26,True,0.6965005276491021,True,1.0,True,0.5099999999999909,PASS,matching track
1,2026-05-19 04:58:19.011992,09:23:45+00:00,37.420683333333336,-122.07948833333333,16.038320000000002,275.19,True,0.6965005055218557,True,1.0,True,0.4399999999999977,PASS,matching track
1,2026-05-19 04:58:19.514812,09:23:46+00:00,37.42068666666667,-122.07954166666667,16.0198,275.12,True,0.8252289079923087,True,1.0,True,0.37000000000000455,PASS,matching track
1,2026-05-19 04:58:20.017521,09:23:47+00:00,37.42069,-122.07959166666667,16.00128,275.05,True,0.8252288791770553,True,1.0,True,0.30000000000001137,PASS,matching track
1,2026-05-19 04:58:20.519730,09:23:48+00:00,37.42069333333333,-122.07964333333334,15.982760000000003,274.97,True,0.8252288503602629,True,1.0,True,0.22000000000002728,PASS,matching track
1,2026-05-19 04:58:21.022695,09:23:49+00:00,37.420698333333334,-122.07969333333334,15.982760000000003,274.9,True,0.7604961133207881,True,1.0,True,0.14999999999997726,PASS,matching track
1,2026-05-19 04:58:21.524902,09:23:50+00:00,37.420701666666666,-122.07974333333334,15.96424,274.82,True,0.760496082019938,True,1.0,True,0.06999999999999318,PASS,matching track
1,2026-05-19 04:58:22.027752,09:23:51+00:00,37.420705,-122.079795,15.94572,274.74,True,0.7604960496594705,True,1.0,True,0.009999999999990905,PASS,matching track
1,2026-05-19 04:58:22.530871,09:23:52+00:00,37.42070833333333,-122.079845,15.94572,274.67,True,0.7604960187112794,True,1.0,True,0.029999999999972715,PASS,matching track
1,2026-05-19 04:58:23.034115,09:23:53+00:00,37.42071333333333,-122.07989666666667,15.927200000000001,274.59,True,0.737657134105027,True,1.0,True,0.11000000000001364,PASS,matching track
1,2026-05-19 04:58:23.536985,09:23:54+00:00,37.420716666666664,-122.07994666666667,15.927200000000001,274.47,True,0.7376571014083145,True,1.0,True,0.22999999999996135,PASS,matching track
1,2026-05-19 04:58:24.039690,09:23:55+00:00,37.42072,-122.07999833333334,15.927200000000001,273.83,True,0.7376570687115995,True,1.0,True,0.3100000000000023,PASS,matching track
1,2026-05-19 04:58:24.542322,09:23:56+00:00,37.420723333333335,-122.08004833333334,15.927200000000001,273.76,True,0.7376570360148821,True,1.0,True,0.37999999999999545,PASS,matching track
1,2026-05-19 04:58:25.045147,09:23:57+00:00,37.42072833333334,-122.0801,15.927200000000001,273.69,True,0.7604958446125119,True,1.0,True,0.37999999999999545,PASS,matching track
1,2026-05-19 04:58:25.548103,09:23:58+00:00,37.42073,-122.08015,15.927200000000001,273.62,True,0.7604958270183704,True,1.0,True,0.2599999999999909,PASS,matching track
1,2026-05-19 04:58:26.051403,09:23:59+00:00,37.42073333333333,-122.0802,15.94572,274.28,True,0.7604957953646431,True,1.0,True,0.13999999999998636,PASS,matching track
1,2026-05-19 04:58:26.554323,09:24:00+00:00,37.42073666666667,-122.08025166666667,15.94572,273.43,True,0.7604957647695616,True,1.0,True,0.44999999999998863,PASS,matching track
1,2026-05-19 04:58:27.057299,09:24:01+00:00,37.420741666666665,-122.08030166666667,15.96424,273.18,True,0.8252284578149088,True,1.0,True,0.6999999999999886,PASS,matching track
1,2026-05-19 04:58:27.560358,09:24:02+00:00,37.420745,-122.08035333333333,15.96424,273.13,True,0.8252284275857275,True,1.0,True,0.75,PASS,matching track
1,2026-05-19 04:58:28.063326,09:24:03+00:00,37.420746666666666,-122.08040333333334,15.982760000000003,273.08,True,0.8252284131785005,True,1.0,True,0.8000000000000114,PASS,matching track
1,2026-05-19 04:58:28.566146,09:24:04+00:00,37.42075,-122.080455,11.334240000000001,237.21,True,0.8252283854219338,True,1.0,True,0.8400000000000034,PASS,matching track
1,2026-05-19 04:58:29.068438,09:24:05+00:00,37.42073666666667,-122.080485,16.0198,182.15,True,3.570116454399042,True,1.0,True,0.09000000000000341,PASS,matching track
1,2026-05-19 04:58:29.571419,09:24:06+00:00,37.420695,-122.08048833333334,16.0198,181.14,True,4.198463551587004,True,1.0,True,0.9200000000000159,PASS,matching track
1,2026-05-19 04:58:30.074948,09:24:07+00:00,37.420655,-122.08049,16.05684,177.28,True,3.984074968330621,True,1.0,True,0.9399999999999977,PASS,matching track
1,2026-05-19 04:58:30.577652,09:24:08+00:00,37.420613333333336,-122.08048833333334,16.09388,177.25,True,4.112035296167047,True,1.0,True,0.9699999999999989,PASS,matching track
1,2026-05-19 04:58:31.082186,09:24:09+00:00,37.42057333333333,-122.080485,16.1124,177.32,True,3.9096270470556376,True,1.0,True,0.9000000000000057,PASS,matching track
1,2026-05-19 04:58:31.585126,09:24:10+00:00,37.42053333333333,-122.08048333333333,16.130920000000003,177.95,True,3.909627045987066,True,1.0,True,0.27000000000001023,PASS,matching track
1,2026-05-19 04:58:32.088070,09:24:11+00:00,37.42049333333333,-122.08048333333333,16.149440000000002,178.18,True,3.929063897572007,True,1.0,True,0.03999999999999204,PASS,matching track
1,2026-05-19 04:58:32.590137,09:24:12+00:00,37.420453333333334,-122.08048166666667,16.18648,178.19,True,3.7258991180432934,True,1.0,True,0.11000000000001364,PASS,matching track
1,2026-05-19 04:58:33.094858,09:24:13+00:00,37.420411666666666,-122.08048166666667,16.205000000000002,178.2,True,3.9290639402002223,True,1.0,True,0.7400000000000091,PASS,matching track
1,2026-05-19 04:58:33.597572,09:24:14+00:00,37.42037166666667,-122.08047833333333,16.22352,178.21,True,3.7112660562921036,True,1.0,True,0.9699999999999989,PASS,matching track
1,2026-05-19 04:58:34.102027,09:24:15+00:00,37.42033166666667,-122.08047833333333,16.260559999999998,179.22,True,3.7258991252777975,True,1.0,True,0.030000000000001137,PASS,matching track
1,2026-05-19 04:58:34.604786,09:24:16+00:00,37.42029,-122.08047833333333,16.27908,179.42,True,3.9096270469738776,True,1.0,True,0.22999999999998977,PASS,matching track
1,2026-05-19 04:58:35.109233,09:24:17+00:00,37.42025,-122.08047833333333,16.297600000000003,179.45,True,3.7258991324541832,True,1.0,True,0.2599999999999909,PASS,matching track
1,2026-05-19 04:58:35.612261,09:24:18+00:00,37.420208333333335,-122.08047666666667,16.33464,179.49,True,3.895684104436549,True,1.0,True,0.6899999999999977,PASS,matching track
1,2026-05-19 04:58:36.116451,09:24:19+00:00,37.420168333333336,-122.08047833333333,16.353160000000003,179.53,True,3.725899138927134,True,1.0,True,0.7199999999999989,PASS,matching track
1,2026-05-19 04:58:36.619435,09:24:20+00:00,37.42012666666667,-122.08047833333333,16.37168,179.57,True,3.8956840755006925,True,1.0,True,0.6800000000000068,PASS,matching track
1,2026-05-19 04:58:37.122231,09:24:21+00:00,37.42008666666667,-122.08047833333333,16.3902,179.55,True,3.7112659661197545,True,1.0,True,0.6999999999999886,PASS,matching track
1,2026-05-19 04:58:37.624569,09:24:22+00:00,37.420046666666664,-122.08047666666667,16.40872,179.57,True,3.7024582769553165,True,1.0,True,0.6800000000000068,PASS,matching track
1,2026-05-19 04:58:38.127670,09:24:23+00:00,37.420005,-122.08047666666667,16.427239999999998,179.63,True,3.8872942156338643,True,1.0,True,0.6200000000000045,PASS,matching track
1,2026-05-19 04:58:38.629979,09:24:24+00:00,37.419965,-122.08047666666667,16.445760000000003,179.69,True,3.7024582301852407,True,1.0,True,0.5600000000000023,PASS,matching track
1,2026-05-19 04:58:39.132474,09:24:25+00:00,37.41992333333334,-122.08047666666667,16.445760000000003,179.75,True,3.8872941669520884,True,1.0,True,0.5,PASS,matching track
1,2026-05-19 04:58:39.635201,09:24:26+00:00,37.41988333333333,-122.08047666666667,16.464280000000002,179.82,True,3.702458184476248,True,1.0,True,0.4300000000000068,PASS,matching track
1,2026-05-19 04:58:40.137653,09:24:27+00:00,37.41984166666667,-122.08047666666667,16.464280000000002,179.89,True,3.884493474617047,True,1.0,True,0.36000000000001364,PASS,matching track
1,2026-05-19 04:58:40.640262,09:24:28+00:00,37.419801666666665,-122.08047666666667,16.4828,179.96,True,3.6995175687185666,True,1.0,True,0.28999999999999204,PASS,matching track
1,2026-05-19 04:58:41.142947,09:24:29+00:00,37.419761666666666,-122.080475,16.4828,180.04,True,3.7024581197959625,True,1.0,True,0.21000000000000796,PASS,matching track
1,2026-05-19 04:58:41.645457,09:24:30+00:00,37.41972,-122.080475,16.4828,180.11,True,3.887294049138444,True,1.0,True,0.13999999999998636,PASS,matching track
1,2026-05-19 04:58:42.148521,09:24:31+00:00,37.41968,-122.080475,16.4828,180.19,True,3.702458073379353,True,1.0,True,0.060000000000002274,PASS,matching track
1,2026-05-19 04:58:42.651446,09:24:32+00:00,37.41963666666667,-122.080475,16.4828,180.27,True,4.072142656723024,True,1.0,True,0.020000000000010232,PASS,matching track
1,2026-05-19 04:58:43.154707,09:24:33+00:00,37.41959666666666,-122.080475,16.4828,180.34,True,3.887293977872138,True,1.0,True,0.09000000000000341,PASS,matching track
1,2026-05-19 04:58:43.659007,09:24:34+00:00,37.419555,-122.080475,12.463960000000002,205.23,True,4.080152442573979,True,1.0,True,0.1699999999999875,PASS,matching track
1,2026-05-19 04:58:44.161663,09:24:35+00:00,37.41952833333333,-122.08049166666666,16.464280000000002,270.25,True,2.6787222950074465,True,1.0,True,0.009999999999990905,PASS,matching track
1,2026-05-19 04:58:44.664296,09:24:36+00:00,37.41952833333333,-122.08054166666666,16.445760000000003,270.56,True,4.168051427221156,True,1.0,True,0.22000000000002728,PASS,matching track
1,2026-05-19 04:58:45.167355,09:24:37+00:00,37.41952833333333,-122.08059166666666,16.427239999999998,270.73,True,4.168051427221156,True,1.0,True,0.3900000000000432,PASS,matching track
1,2026-05-19 04:58:45.670539,09:24:38+00:00,37.41952666666667,-122.08064166666666,16.40872,270.8,True,4.000553858621345,True,1.0,True,0.4600000000000364,PASS,matching track
1,2026-05-19 04:58:46.173504,09:24:39+00:00,37.41952666666667,-122.08069333333333,16.3902,270.87,True,4.147477873124033,True,1.0,True,0.5300000000000296,PASS,matching track
1,2026-05-19 04:58:46.676063,09:24:40+00:00,37.41952666666667,-122.08074333333333,11.630560000000001,321.08,True,4.000553858621345,True,1.0,True,0.589999999999975,PASS,matching track
1,2026-05-19 04:58:47.179108,09:24:41+00:00,37.41955,-122.080765,16.353160000000003,1.28,True,3.30695249714456,True,1.0,True,0.65,PASS,matching track
1,2026-05-19 04:58:47.682102,09:24:42+00:00,37.41958833333333,-122.080765,16.33464,0.85,True,4.661899225980985,True,1.0,True,0.21999999999999997,PASS,matching track
1,2026-05-19 04:58:48.184505,09:24:43+00:00,37.419628333333335,-122.080765,16.31612,0.76,True,4.661899219209977,True,1.0,True,0.13,PASS,matching track
1,2026-05-19 04:58:48.687245,09:24:44+00:00,37.419669999999996,-122.080765,13.53812,284.28,True,4.845443630989979,True,1.0,True,0.8099999999999454,PASS,matching track
1,2026-05-19 04:58:49.190221,09:24:45+00:00,37.41967833333333,-122.080805,16.260559999999998,270.85,True,3.1524955508838555,True,1.0,True,0.8500000000000227,PASS,matching track
1,2026-05-19 04:58:49.692795,09:24:46+00:00,37.41967666666667,-122.080855,16.24204,270.89,True,3.8358699708184725,True,1.0,True,0.8899999999999864,PASS,matching track
1,2026-05-19 04:58:50.195973,09:24:47+00:00,37.41967666666667,-122.080905,16.22352,270.92,True,3.6883365095314935,True,1.0,True,0.9200000000000159,PASS,matching track
1,2026-05-19 04:58:50.698888,09:24:48+00:00,37.41967666666667,-122.08095666666667,14.760440000000001,276.82,True,3.8358699708184725,True,1.0,True,0.9499999999999886,PASS,matching track
1,2026-05-19 04:58:51.201826,09:24:49+00:00,37.41968,-122.08100333333333,16.16796,1.15,True,3.413376961865406,True,1.0,True,0.97,PASS,matching track
1,2026-05-19 04:58:51.704836,09:24:50+00:00,37.419718333333336,-122.08100166666667,16.149440000000002,1.17,True,4.345559019841233,True,1.0,True,0.99,PASS,matching track
1,2026-05-19 04:58:52.208203,09:24:51+00:00,37.41976,-122.08100166666667,16.1124,1.18,True,4.500290119470016,True,1.0,True,1.0,PASS,matching track
1,2026-05-19 04:58:52.710895,09:24:52+00:00,37.4198,-122.08100166666667,16.09388,1.18,True,4.317922569175689,True,1.0,True,1.0,PASS,matching track
1,2026-05-19 04:58:53.214239,09:24:53+00:00,37.41984166666667,-122.08100166666667,16.07536,1.18,True,4.500290049796262,True,1.0,True,1.0,PASS,matching track
1,2026-05-19 04:58:53.716880,09:24:54+00:00,37.41988,-122.08100166666667,16.05684,1.17,True,4.135786649470696,True,1.0,True,0.99,PASS,matching track
1,2026-05-19 04:58:54.218919,09:24:55+00:00,37.41992,-122.08100166666667,16.038320000000002,1.16,True,4.135786605473478,True,1.0,True,0.98,PASS,matching track
1,2026-05-19 04:58:54.721760,09:24:56+00:00,37.419961666666666,-122.08100166666667,16.0198,1.14,True,4.3179224132553475,True,1.0,True,0.96,PASS,matching track
1,2026-05-19 04:58:55.224642,09:24:57+00:00,37.420001666666664,-122.08100166666667,16.00128,1.11,True,4.135786520338333,True,1.0,True,0.9200000000000002,PASS,matching track
1,2026-05-19 04:58:55.727865,09:24:58+00:00,37.42004166666667,-122.08100166666667,15.982760000000003,1.08,True,4.135786477753567,True,1.0,True,0.8600000000000001,PASS,matching track
1,2026-05-19 04:58:56.230859,09:24:59+00:00,37.42008166666667,-122.08100166666667,15.96424,1.05,True,3.953914270805459,True,1.0,True,0.8300000000000001,PASS,matching track
1,2026-05-19 04:58:56.734264,09:25:00+00:00,37.420123333333336,-122.081,15.94572,1.01,True,4.16463127785927,True,1.0,True,0.79,PASS,matching track
1,2026-05-19 04:58:57.237242,09:25:01+00:00,37.420163333333335,-122.081,15.94572,1.0,True,3.9539141728186946,True,1.0,True,0.78,PASS,matching track
1,2026-05-19 04:58:57.739894,09:25:02+00:00,37.42020333333333,-122.081,15.927200000000001,0.95,True,3.9539141245235174,True,1.0,True,0.73,PASS,matching track
1,2026-05-19 04:58:58.243016,09:25:03+00:00,37.420245,-122.081,15.927200000000001,0.89,True,4.135786258895562,True,1.0,True,0.67,PASS,matching track
1,2026-05-19 04:58:58.747009,09:25:04+00:00,37.42028333333333,-122.081,15.927200000000001,0.83,True,3.7723436787149964,True,1.0,True,0.61,PASS,matching track
1,2026-05-19 04:58:59.250586,09:25:05+00:00,37.420325,-122.081,15.927200000000001,0.77,True,3.95391397965559,True,1.0,True,0.55,PASS,matching track
1,2026-05-19 04:58:59.753787,09:25:06+00:00,37.420365,-122.081,14.00112,278.84,True,3.772343572118399,True,1.0,True,0.48999999999995225,PASS,matching track
1,2026-05-19 04:59:00.256286,09:25:07+00:00,37.42037,-122.08104333333333,15.927200000000001,270.42,True,3.103691133654883,True,1.0,True,0.4200000000000159,PASS,matching track
1,2026-05-19 04:59:00.759074,09:25:08+00:00,37.42037,-122.081095,15.94572,270.35,True,3.906543631288518,True,1.0,True,0.35000000000002274,PASS,matching track
1,2026-05-19 04:59:01.261674,09:25:09+00:00,37.42037,-122.08114833333333,15.94572,270.27,True,4.051501725461596,True,1.0,True,0.2699999999999818,PASS,matching track
1,2026-05-19 04:59:01.764633,09:25:10+00:00,37.42037,-122.08119833333333,15.96424,270.2,True,3.906543631288518,True,1.0,True,0.19999999999998863,PASS,matching track
1,2026-05-19 04:59:02.267138,09:25:11+00:00,37.42037,-122.08125,15.96424,270.12,True,4.051501725461596,True,1.0,True,0.12000000000000455,PASS,matching track
1,2026-05-19 04:59:02.769554,09:25:12+00:00,37.42037,-122.0813,15.982760000000003,270.05,True,3.906543631288518,True,1.0,True,0.05000000000001137,PASS,matching track
1,2026-05-19 04:59:03.272606,09:25:13+00:00,37.42037,-122.08135166666666,15.982760000000003,267.91,True,4.051501725461596,True,1.0,True,0.029999999999972715,PASS,matching track
1,2026-05-19 04:59:03.775276,09:25:14+00:00,37.420368333333336,-122.08140333333333,15.03824,250.97,True,4.089328957421905,True,1.0,True,0.11000000000001364,PASS,matching track
1,2026-05-19 04:59:04.278290,09:25:15+00:00,37.42035666666666,-122.08144833333333,15.667920000000002,209.87,True,4.0837730571355735,True,1.0,True,0.18000000000000682,PASS,matching track
1,2026-05-19 04:59:04.781383,09:25:16+00:00,37.420321666666666,-122.08147333333334,15.890160000000002,187.15,True,4.951698407909007,True,1.0,True,0.2599999999999909,PASS,matching track
1,2026-05-19 04:59:05.284448,09:25:17+00:00,37.42028166666667,-122.08148,16.07536,180.59,True,0.8621770263536573,True,1.0,True,0.15000000000000568,PASS,matching track
1,2026-05-19 04:59:05.787391,09:25:18+00:00,37.42024166666667,-122.08148333333334,16.1124,180.49,True,0.7965679249359262,True,1.0,True,0.25,PASS,matching track
1,2026-05-19 04:59:06.290065,09:25:19+00:00,37.4202,-122.08148333333334,16.130920000000003,180.27,True,0.7965679817099187,True,1.0,True,0.46999999999999886,PASS,matching track
1,2026-05-19 04:59:06.792805,09:25:20+00:00,37.42016,-122.081485,16.149440000000002,180.2,True,0.7965680339657396,True,1.0,True,0.5400000000000205,PASS,matching track
1,2026-05-19 04:59:07.295521,09:25:21+00:00,37.42012,-122.081485,16.18648,180.14,True,0.7965680890468401,True,1.0,True,0.6000000000000227,PASS,matching track
1,2026-05-19 04:59:07.798293,09:25:22+00:00,37.420078333333336,-122.08148666666666,16.205000000000002,180.08,True,0.7544687843121036,True,1.0,True,0.6599999999999966,PASS,matching track
1,2026-05-19 04:59:08.300605,09:25:23+00:00,37.42003833333333,-122.08148833333334,16.22352,180.02,True,0.7544687942656952,True,1.0,True,0.6299999999999955,PASS,matching track
1,2026-05-19 04:59:08.803455,09:25:24+00:00,37.41999666666667,-122.08148833333334,16.260559999999998,179.97,True,0.7544688048547311,True,1.0,True,0.6299999999999955,PASS,matching track
1,2026-05-19 04:59:09.306564,09:25:25+00:00,37.419958333333334,-122.08149166666666,16.27908,179.92,True,4.996527438471522,True,1.0,True,0.6800000000000068,PASS,matching track
1,2026-05-19 04:59:09.809324,09:25:26+00:00,37.419918333333335,-122.08149166666666,16.297600000000003,179.79,True,4.994348822468945,True,1.0,True,0.8100000000000023,PASS,matching track
1,2026-05-19 04:59:10.311978,09:25:27+00:00,37.41987666666667,-122.08149166666666,16.33464,179.71,True,0.5549276421802902,True,1.0,True,0.8899999999999864,PASS,matching track
1,2026-05-19 04:59:10.814509,09:25:28+00:00,37.41983666666667,-122.08149333333333,16.353160000000003,179.67,True,4.996527343693036,True,1.0,True,0.9300000000000068,PASS,matching track
1,2026-05-19 04:59:11.317193,09:25:29+00:00,37.419795,-122.081495,16.37168,179.65,True,0.5742044325588256,True,1.0,True,0.9099999999999966,PASS,matching track
1,2026-05-19 04:59:11.820371,09:25:30+00:00,37.419755,-122.081495,16.3902,179.63,True,4.996527277875282,True,1.0,True,0.9200000000000159,PASS,matching track
1,2026-05-19 04:59:12.323159,09:25:31+00:00,37.419715,-122.08149666666667,16.40872,179.61,True,0.39828431713177503,True,1.0,True,0.38999999999998636,PASS,matching track
1,2026-05-19 04:59:12.826335,09:25:32+00:00,37.419675,-122.08149666666667,16.427239999999998,179.56,True,4.81163509398566,True,1.0,True,0.4399999999999977,PASS,matching track
1,2026-05-19 04:59:13.329829,09:25:33+00:00,37.419635,-122.08149833333333,16.445760000000003,179.55,True,4.818415753743195,True,1.0,True,0.44999999999998863,PASS,matching track
1,2026-05-19 04:59:13.832006,09:25:34+00:00,37.41959333333333,-122.0815,16.445760000000003,179.0,True,0.47321133664890447,True,1.0,True,1.0,PASS,matching track
1,2026-05-19 04:59:14.334823,09:25:35+00:00,37.419555,-122.0815,13.186240000000002,196.0,True,4.6338008392266286,True,1.0,True,0.9900000000000091,PASS,matching track
1,2026-05-19 04:59:14.837245,09:25:36+00:00,37.41952333333333,-122.08151333333333,16.464280000000002,269.74,True,3.982844343024201,True,1.0,True,0.7199999999999704,PASS,matching track
1,2026-05-19 04:59:15.339996,09:25:37+00:00,37.41952333333333,-122.08156333333334,16.4828,269.76,True,4.872126742770983,True,1.0,True,0.07999999999998408,PASS,matching track
1,2026-05-19 04:59:15.842455,09:25:38+00:00,37.419525,-122.081615,16.4828,269.78,True,0.4796998592499569,True,1.0,True,0.0999999999999659,PASS,matching track
1,2026-05-19 04:59:16.345345,09:25:39+00:00,37.41952666666667,-122.081665,16.4828,269.56,True,4.8686139042127055,True,1.0,True,0.12000000000000455,PASS,matching track
1,2026-05-19 04:59:16.848954,09:25:40+00:00,37.41952666666667,-122.08171666666667,16.4828,268.82,True,0.44260126413370204,True,1.0,True,0.8600000000000136,PASS,matching track
1,2026-05-19 04:59:17.351770,09:25:41+00:00,37.41952666666667,-122.08176833333333,16.4828,268.86,True,0.5901350184256199,True,1.0,True,0.8199999999999932,PASS,matching track
1,2026-05-19 04:59:17.854142,09:25:42+00:00,37.41952666666667,-122.08182,16.4828,268.91,True,0.5901350184256199,True,1.0,True,0.7699999999999818,PASS,matching track
1,2026-05-19 04:59:18.357277,09:25:43+00:00,37.41952833333333,-122.08187166666667,16.464280000000002,268.96,True,0.6184459601534712,True,1.0,True,0.7200000000000273,PASS,matching track
1,2026-05-19 04:59:18.860055,09:25:44+00:00,37.41952833333333,-122.08192166666667,16.464280000000002,269.02,True,0.6184459601534712,True,1.0,True,0.660000000000025,PASS,matching track
1,2026-05-19 04:59:19.362461,09:25:45+00:00,37.41952666666667,-122.08197333333334,16.445760000000003,269.07,True,0.6184459714014823,True,1.0,True,0.6100000000000136,PASS,matching track
1,2026-05-19 04:59:19.865216,09:25:46+00:00,37.41952666666667,-122.082025,16.427239999999998,269.14,True,0.76050726767803,True,1.0,True,0.5400000000000205,PASS,matching track
1,2026-05-19 04:59:20.367867,09:25:47+00:00,37.41952833333333,-122.08207666666667,16.40872,269.2,True,0.8252390597985847,True,1.0,True,0.4800000000000182,PASS,matching track
1,2026-05-19 04:59:20.870377,09:25:48+00:00,37.41952833333333,-122.08212666666667,16.40872,269.52,True,0.8252390619190492,True,1.0,True,0.160000000000025,PASS,matching track
1,2026-05-19 04:59:21.373606,09:25:49+00:00,37.41952833333333,-122.08217833333333,16.3902,270.28,True,0.8252390597985847,True,1.0,True,0.34000000000003183,PASS,matching track
1,2026-05-19 04:59:21.876989,09:25:50+00:00,37.41952833333333,-122.08222833333333,16.353160000000003,270.36,True,0.8252390597985847,True,1.0,True,0.2599999999999909,PASS,matching track
1,2026-05-19 04:59:22.379658,09:25:51+00:00,37.41953,-122.08228,16.33464,270.43,True,0.8252390460975957,True,1.0,True,0.18999999999999773,PASS,matching track
1,2026-05-19 04:59:22.882181,09:25:52+00:00,37.419531666666664,-122.08233,16.31612,270.51,True,0.9230925370556574,True,1.0,True,0.11000000000001364,PASS,matching track
1,2026-05-19 04:59:23.385380,09:25:53+00:00,37.419531666666664,-122.08238166666666,16.297600000000003,270.59,True,0.9230925370556574,True,1.0,True,0.03000000000002956,PASS,matching track
1,2026-05-19 04:59:23.888051,09:25:54+00:00,37.419531666666664,-122.08243166666666,16.27908,270.66,True,0.9230925370556574,True,1.0,True,0.040000000000020464,PASS,matching track
1,2026-05-19 04:59:24.390626,09:25:55+00:00,37.419533333333334,-122.08248333333333,16.24204,270.51,True,0.9230925251303685,True,1.0,True,0.11000000000001364,PASS,matching track
1,2026-05-19 04:59:24.893463,09:25:56+00:00,37.419533333333334,-122.082535,16.22352,270.19,True,0.9230925251303685,True,1.0,True,0.18999999999999773,PASS,matching track
1,2026-05-19 04:59:25.396116,09:25:57+00:00,37.419535,-122.082585,13.908520000000001,280.42,True,1.044802519154474,True,1.0,True,0.27000000000003865,PASS,matching track
1,2026-05-19 04:59:25.899700,09:25:58+00:00,37.41954,-122.08262833333333,16.16796,1.35,True,4.7533051648954014,True,1.0,True,0.3400000000000001,PASS,matching track
1,2026-05-19 04:59:26.402567,09:25:59+00:00,37.419581666666666,-122.08262666666667,16.149440000000002,1.42,True,1.0448022014618816,True,1.0,True,0.4099999999999999,PASS,matching track
1,2026-05-19 04:59:26.908202,09:26:00+00:00,37.419621666666664,-122.08262666666667,16.1124,0.83,True,1.0448019254164784,True,1.0,True,0.18000000000000005,PASS,matching track
1,2026-05-19 04:59:27.412020,09:26:01+00:00,37.41966333333333,-122.08262666666667,16.09388,0.86,True,1.0448016409919205,True,1.0,True,0.15000000000000002,PASS,matching track
1,2026-05-19 04:59:27.914790,09:26:02+00:00,37.41970333333333,-122.082625,16.07536,0.92,True,1.0448013670673926,True,1.0,True,0.08999999999999997,PASS,matching track
1,2026-05-19 04:59:28.417120,09:26:03+00:00,37.419745,-122.082625,16.05684,0.98,True,1.0448010822907758,True,1.0,True,0.63,PASS,matching track
1,2026-05-19 04:59:28.919956,09:26:04+00:00,37.419785,-122.082625,16.038320000000002,1.04,True,1.0448008101323774,True,1.0,True,0.66,PASS,matching track
1,2026-05-19 04:59:29.422684,09:26:05+00:00,37.419825,-122.082625,16.0198,1.09,True,1.0448005369138265,True,1.0,True,0.6800000000000002,PASS,matching track
1,2026-05-19 04:59:29.926066,09:26:06+00:00,37.419866666666664,-122.082625,16.00128,1.13,True,1.0448002503688065,True,1.0,True,0.72,PASS,matching track
1,2026-05-19 04:59:30.428088,09:26:07+00:00,37.41990666666667,-122.082625,15.982760000000003,1.24,True,1.044799978565539,True,1.0,True,0.8300000000000001,PASS,matching track
1,2026-05-19 04:59:30.930635,09:26:08+00:00,37.41994833333333,-122.08262166666667,15.96424,1.31,True,0.9464209933202126,True,1.0,True,0.9000000000000001,PASS,matching track
1,2026-05-19 04:59:31.434308,09:26:09+00:00,37.419988333333336,-122.08262166666667,15.94572,1.34,True,0.946420802554037,True,1.0,True,0.9300000000000002,PASS,matching track
1,2026-05-19 04:59:31.937328,09:26:10+00:00,37.42003,-122.08262166666667,15.94572,1.37,True,0.946420603043342,True,1.0,True,0.9600000000000002,PASS,matching track
1,2026-05-19 04:59:32.440697,09:26:11+00:00,37.42007,-122.08262166666667,15.94572,1.39,True,0.9464204122780835,True,1.0,True,0.98,PASS,matching track
1,2026-05-19 04:59:32.943513,09:26:12+00:00,37.42011,-122.08262166666667,15.927200000000001,1.4,True,0.9464202197453194,True,1.0,True,0.99,PASS,matching track
1,2026-05-19 04:59:33.445771,09:26:13+00:00,37.42015166666667,-122.08262,15.927200000000001,1.41,True,0.9464200198841988,True,1.0,True,1.0,PASS,matching track
1,2026-05-19 04:59:33.949194,09:26:14+00:00,37.42019166666667,-122.08261833333333,15.927200000000001,1.41,True,0.8621773095872574,True,1.0,True,1.0,PASS,matching track
1,2026-05-19 04:59:34.455174,09:26:15+00:00,37.420233333333336,-122.08261833333333,15.927200000000001,1.4,True,0.8621771886693906,True,1.0,True,0.99,PASS,matching track
1,2026-05-19 04:59:34.957586,09:26:16+00:00,37.420273333333334,-122.08261833333333,15.927200000000001,1.38,True,0.8621770697858562,True,1.0,True,0.97,PASS,matching track
1,2026-05-19 04:59:35.459978,09:26:17+00:00,37.420315,-122.08261666666667,15.94572,1.36,True,0.8621769502788602,True,1.0,True,0.9500000000000002,PASS,matching track
1,2026-05-19 04:59:35.962259,09:26:18+00:00,37.420355,-122.082615,15.94572,1.34,True,0.7965677834712359,True,1.0,True,0.9400000000000001,PASS,matching track
1,2026-05-19 04:59:36.465436,09:26:19+00:00,37.42039333333334,-122.082615,15.96424,1.31,True,0.6284962812293842,True,1.0,True,0.92,PASS,matching track
1,2026-05-19 04:59:36.967991,09:26:20+00:00,37.420435,-122.082615,15.96424,1.28,True,0.6284962060413309,True,1.0,True,0.89,PASS,matching track
1,2026-05-19 04:59:37.470646,09:26:21+00:00,37.420475,-122.082615,15.982760000000003,1.24,True,0.6284961389217075,True,1.0,True,0.85,PASS,matching track
1,2026-05-19 04:59:37.975081,09:26:22+00:00,37.420516666666664,-122.08261166666666,16.00128,1.2,True,0.5742041360759074,True,1.0,True,0.8099999999999999,PASS,matching track
1,2026-05-19 04:59:38.478273,09:26:23+00:00,37.42055666666667,-122.08261166666666,12.4084,1.15,True,4.996527875630125,True,1.0,True,0.7599999999999999,PASS,matching track
1,2026-05-19 04:59:38.982511,09:26:24+00:00,37.420586666666665,-122.08261166666666,16.038320000000002,181.11,True,3.887294533254034,True,1.0,True,0.710000000000008,PASS,matching track
1,2026-05-19 04:59:39.484967,09:26:25+00:00,37.42054666666667,-122.08261,16.05684,181.06,True,3.884493916391668,True,1.0,True,0.6599999999999966,PASS,matching track
1,2026-05-19 04:59:39.987614,09:26:26+00:00,37.420505,-122.08261,16.07536,181.0,True,4.254445714378672,True,1.0,True,0.5999999999999943,PASS,matching track
1,2026-05-19 04:59:40.490973,09:26:27+00:00,37.420465,-122.08261166666666,16.09388,180.93,True,4.072143168546378,True,1.0,True,0.5300000000000011,PASS,matching track
1,2026-05-19 04:59:40.993817,09:26:28+00:00,37.42042333333333,-122.08261166666666,16.130920000000003,180.87,True,4.2544456551685474,True,1.0,True,0.46999999999999886,PASS,matching track
1,2026-05-19 04:59:41.496534,09:26:29+00:00,37.420381666666664,-122.08261,16.149440000000002,180.8,True,4.257002851485116,True,1.0,True,0.4000000000000057,PASS,matching track
1,2026-05-19 04:59:41.999454,09:26:30+00:00,37.420341666666666,-122.08261,16.16796,180.72,True,4.257002826312674,True,1.0,True,0.3199999999999932,PASS,matching track
1,2026-05-19 04:59:42.501869,09:26:31+00:00,37.4203,-122.08261166666666,16.205000000000002,180.65,True,4.439421462522258,True,1.0,True,0.25,PASS,matching track
1,2026-05-19 04:59:43.004641,09:26:32+00:00,37.42026,-122.08261,16.22352,180.58,True,4.264665278485102,True,1.0,True,0.18000000000000682,PASS,matching track
1,2026-05-19 04:59:43.506885,09:26:33+00:00,37.42021666666667,-122.08261,16.260559999999998,180.5,True,4.6338011923697815,True,1.0,True,0.09999999999999432,PASS,matching track
1,2026-05-19 04:59:44.009314,09:26:34+00:00,37.42017666666667,-122.08261,16.27908,180.42,True,4.44921626472739,True,1.0,True,0.01999999999998181,PASS,matching track
1,2026-05-19 04:59:44.511664,09:26:35+00:00,37.420135,-122.08261,16.297600000000003,180.35,True,4.633801149074057,True,1.0,True,0.05000000000001137,PASS,matching track
1,2026-05-19 04:59:45.014696,09:26:36+00:00,37.420095,-122.08261,16.31612,180.27,True,4.449216222284803,True,1.0,True,0.12999999999999545,PASS,matching track
1,2026-05-19 04:59:45.517005,09:26:37+00:00,37.420053333333335,-122.08261,16.353160000000003,180.19,True,4.64552926439637,True,1.0,True,0.1599999999999966,PASS,matching track
1,2026-05-19 04:59:46.019630,09:26:38+00:00,37.42001166666667,-122.08261,16.37168,180.12,True,4.829695852751677,True,1.0,True,0.18999999999999773,PASS,matching track
1,2026-05-19 04:59:46.522425,09:26:39+00:00,37.41997166666667,-122.08261,16.3902,180.05,True,4.64552924471988,True,1.0,True,0.2599999999999909,PASS,matching track
1,2026-05-19 04:59:47.024873,09:26:40+00:00,37.41993,-122.08260833333334,16.40872,179.92,True,4.8454435868794645,True,1.0,True,0.3900000000000148,PASS,matching track
1,2026-05-19 04:59:47.527676,09:26:41+00:00,37.41988833333333,-122.08261,16.427239999999998,179.82,True,4.82969582014367,True,1.0,True,0.4900000000000091,PASS,matching track
1,2026-05-19 04:59:48.029955,09:26:42+00:00,37.419846666666665,-122.08261,16.445760000000003,179.75,True,0.6965060400022792,True,1.0,True,0.5600000000000023,PASS,matching track
1,2026-05-19 04:59:48.532585,09:26:43+00:00,37.419806666666666,-122.08261,16.445760000000003,179.69,True,4.845443605036511,True,1.0,True,0.6200000000000045,PASS,matching track
1,2026-05-19 04:59:49.036048,09:26:44+00:00,37.41976666666667,-122.08261,16.464280000000002,179.63,True,4.845443612452453,True,1.0,True,0.6800000000000068,PASS,matching track
1,2026-05-19 04:59:49.538452,09:26:45+00:00,37.41972333333333,-122.08261,16.464280000000002,179.58,True,0.8100630627278308,True,1.0,True,0.7299999999999898,PASS,matching track
1,2026-05-19 04:59:50.041103,09:26:46+00:00,37.41968333333333,-122.08261,16.4828,179.53,True,0.9230913181923525,True,1.0,True,0.7800000000000011,PASS,matching track
1,2026-05-19 04:59:50.543868,09:26:47+00:00,37.419641666666664,-122.08261,16.4828,179.68,True,0.923091642122016,True,1.0,True,0.6299999999999955,PASS,matching track
1,2026-05-19 04:59:51.046766,09:26:48+00:00,37.419601666666665,-122.08261,16.4828,180.14,True,0.923091953419189,True,1.0,True,0.17000000000001592,PASS,matching track
1,2026-05-19 04:59:51.549958,09:26:49+00:00,37.41956,-122.08261,15.371600000000003,184.52,True,0.9230922780538646,True,1.0,True,0.9099999999999966,PASS,matching track
1,2026-05-19 04:59:52.053465,09:26:50+00:00,37.41952333333333,-122.082615,16.4828,269.4,True,4.633800823157468,True,1.0,True,0.9399999999999977,PASS,matching track
1,2026-05-19 04:59:52.556806,09:26:51+00:00,37.41952166666667,-122.08266666666667,16.4828,269.38,True,3.9065860973665396,True,1.0,True,0.660000000000025,PASS,matching track
1,2026-05-19 04:59:53.059360,09:26:52+00:00,37.41952166666667,-122.08271666666667,16.464280000000002,269.36,True,3.761826450459393,True,1.0,True,0.6800000000000068,PASS,matching track
1,2026-05-19 04:59:53.562164,09:26:53+00:00,37.41952166666667,-122.08276833333333,16.464280000000002,269.35,True,3.9065860973665396,True,1.0,True,0.6899999999999977,PASS,matching track
1,2026-05-19 04:59:54.065302,09:26:54+00:00,37.41952166666667,-122.08281833333334,16.445760000000003,269.04,True,3.761826450459393,True,1.0,True,1.0,PASS,matching track
1,2026-05-19 04:59:54.568153,09:26:55+00:00,37.41952166666667,-122.08287,12.14912,296.24,True,3.9065860973665396,True,1.0,True,1.0,PASS,matching track
1,2026-05-19 04:59:55.071761,09:26:56+00:00,37.419536666666666,-122.08290333333333,16.427239999999998,359.93,True,2.398499119087113,True,1.0,True,0.6200000000000045,PASS,matching track
1,2026-05-19 04:59:55.574263,09:26:57+00:00,37.419576666666664,-122.08290166666667,16.40872,359.57,True,3.8039468798907508,True,1.0,True,0.9800000000000182,PASS,matching track
1,2026-05-19 04:59:56.077028,09:26:58+00:00,37.41961666666667,-122.08290166666667,16.3902,359.58,True,3.772344548784039,True,1.0,True,0.9700000000000273,PASS,matching track
1,2026-05-19 04:59:56.579809,09:26:59+00:00,37.41965833333333,-122.08290166666667,16.37168,359.6,True,3.953914768334105,True,1.0,True,0.9499999999999886,PASS,matching track
1,2026-05-19 04:59:57.082590,09:27:00+00:00,37.419698333333336,-122.08290166666667,16.33464,359.63,True,3.772344441127762,True,1.0,True,0.9200000000000159,PASS,matching track
1,2026-05-19 04:59:57.585368,09:27:01+00:00,37.41974,-122.0829,16.31612,359.66,True,3.9840768424351474,True,1.0,True,0.8899999999999864,PASS,matching track
1,2026-05-19 04:59:58.087625,09:27:02+00:00,37.41978,-122.0829,16.297600000000003,359.7,True,3.7723443359438935,True,1.0,True,0.8500000000000227,PASS,matching track
1,2026-05-19 04:59:58.590536,09:27:03+00:00,37.419821666666664,-122.0829,16.27908,359.75,True,3.9539145762493826,True,1.0,True,0.8000000000000114,PASS,matching track
1,2026-05-19 04:59:59.093237,09:27:04+00:00,37.41986166666667,-122.08289833333333,16.24204,359.79,True,3.803946274127515,True,1.0,True,0.7599999999999909,PASS,matching track
1,2026-05-19 04:59:59.595792,09:27:05+00:00,37.41990166666667,-122.08289833333333,16.22352,359.85,True,3.772344178168547,True,1.0,True,0.6999999999999886,PASS,matching track
1,2026-05-19 05:00:00.098777,09:27:06+00:00,37.419943333333336,-122.08289833333333,16.205000000000002,359.9,True,3.95391443279468,True,1.0,True,0.6500000000000341,PASS,matching track
1,2026-05-19 05:00:00.601209,09:27:07+00:00,37.419983333333334,-122.08289666666667,16.16796,359.96,True,3.8039460144637665,True,1.0,True,0.5900000000000318,PASS,matching track
1,2026-05-19 05:00:01.103923,09:27:08+00:00,37.420025,-122.08289833333333,16.149440000000002,0.03,True,3.9290641638214048,True,1.0,True,0.52,PASS,matching track
1,2026-05-19 05:00:01.607308,09:27:09+00:00,37.420065,-122.08289833333333,16.130920000000003,0.1,True,3.746289606900597,True,1.0,True,0.45000000000000007,PASS,matching track
1,2026-05-19 05:00:02.109776,09:27:10+00:00,37.42010666666667,-122.08289833333333,16.09388,0.17,True,3.9290641215452844,True,1.0,True,0.38,PASS,matching track
1,2026-05-19 05:00:02.612991,09:27:11+00:00,37.42014666666667,-122.08289666666667,16.07536,0.24,True,3.772343857318091,True,1.0,True,0.2699999999999818,PASS,matching track
1,2026-05-19 05:00:03.115733,09:27:12+00:00,37.420188333333336,-122.08289666666667,16.05684,0.34,True,3.929064077499057,True,1.0,True,0.21000000000000002,PASS,matching track
1,2026-05-19 05:00:03.619273,09:27:13+00:00,37.42023,-122.08289833333333,16.038320000000002,0.45,True,4.093467371210965,True,1.0,True,0.10000000000000003,PASS,matching track
1,2026-05-19 05:00:04.122871,09:27:14+00:00,37.42027,-122.08289666666667,16.0198,359.88,True,3.9290640359291924,True,1.0,True,0.09000000000003183,PASS,matching track
1,2026-05-19 05:00:04.626611,09:27:15+00:00,37.42031166666666,-122.08289666666667,16.00128,359.46,True,4.093467375974139,True,1.0,True,0.010000000000047748,PASS,matching track
1,2026-05-19 05:00:05.129291,09:27:16+00:00,37.42035166666667,-122.08289833333333,15.982760000000003,359.54,True,3.895684143484873,True,1.0,True,0.06999999999999318,PASS,matching track
1,2026-05-19 05:00:05.632601,09:27:17+00:00,37.42039166666667,-122.08289833333333,15.96424,359.61,True,3.909627048282162,True,1.0,True,0.13999999999998636,PASS,matching track
1,2026-05-19 05:00:06.135350,09:27:18+00:00,37.420435,-122.0829,15.96424,359.32,True,4.264665337928737,True,1.0,True,0.1500000000000341,PASS,matching track
1,2026-05-19 05:00:06.637853,09:27:19+00:00,37.420475,-122.08290166666667,15.94572,358.57,True,4.072143154282374,True,1.0,True,0.29000000000002046,PASS,matching track
1,2026-05-19 05:00:07.140856,09:27:20+00:00,37.420516666666664,-122.08290333333333,15.94572,358.65,True,4.257002914313772,True,1.0,True,0.37000000000000455,PASS,matching track
1,2026-05-19 05:00:07.644177,09:27:21+00:00,37.42055666666667,-122.08290666666667,15.927200000000001,358.72,True,4.069469823570769,True,1.0,True,0.37999999999999545,PASS,matching track
1,2026-05-19 05:00:08.147509,09:27:22+00:00,37.4206,-122.08290666666667,15.927200000000001,358.78,True,4.441872380422872,True,1.0,True,0.5,PASS,matching track
1,2026-05-19 05:00:08.650870,09:27:23+00:00,37.42064,-122.08290833333334,15.927200000000001,0.99,True,4.254445783202063,True,1.0,True,0.5700000000000001,PASS,matching track
1,2026-05-19 05:00:09.153775,09:27:24+00:00,37.42068,-122.08290833333334,15.927200000000001,0.93,True,4.257003021455233,True,1.0,True,0.06999999999999995,PASS,matching track
1,2026-05-19 05:00:09.656402,09:27:25+00:00,37.420721666666665,-122.08291,15.927200000000001,0.69,True,4.439421747672787,True,1.0,True,0.26999999999999996,PASS,matching track
1,2026-05-19 05:00:10.159162,09:27:26+00:00,37.42076333333333,-122.08291,15.94572,0.8,True,4.439421779682028,True,1.0,True,0.19999999999999996,PASS,matching track
1,2026-05-19 05:00:10.662018,09:27:27+00:00,37.420805,-122.08291,15.94572,1.79,True,4.624397719567647,True,1.0,True,0.79,PASS,matching track
1,2026-05-19 05:00:11.165098,09:27:28+00:00,37.420845,-122.08291,15.96424,1.84,True,4.439421841159295,True,1.0,True,0.8400000000000001,PASS,matching track
1,2026-05-19 05:00:11.667639,09:27:29+00:00,37.42088666666667,-122.08291,13.59368,287.28,True,4.626750510478168,True,1.0,True,0.8799999999999955,PASS,matching track
1,2026-05-19 05:00:12.170180,09:27:30+00:00,37.420896666666664,-122.08295166666667,15.982760000000003,275.46,True,3.9931443959240562,True,1.0,True,0.6999999999999886,PASS,matching track
1,2026-05-19 05:00:12.672884,09:27:31+00:00,37.4209,-122.08300166666666,16.00128,275.49,True,4.607006495828265,True,1.0,True,0.7300000000000182,PASS,matching track
1,2026-05-19 05:00:13.175771,09:27:32+00:00,37.420903333333335,-122.083055,16.0198,275.56,True,4.900048969978617,True,1.0,True,0.8000000000000114,PASS,matching track
1,2026-05-19 05:00:13.687042,09:27:33+00:00,37.42090666666667,-122.083105,16.038320000000002,275.74,True,4.753496194199958,True,1.0,True,0.9800000000000182,PASS,matching track
1,2026-05-19 05:00:14.189432,09:27:34+00:00,37.42091166666667,-122.08315666666667,16.05684,274.39,True,4.924427662573601,True,1.0,True,0.160000000000025,PASS,matching track
1,2026-05-19 05:00:14.691477,09:27:35+00:00,37.420915,-122.08320666666667,16.07536,274.4,True,4.778622630097786,True,1.0,True,0.20000000000004547,PASS,matching track
1,2026-05-19 05:00:15.193896,09:27:36+00:00,37.42091666666666,-122.08326,16.09388,274.4,True,0.5768474664492393,True,1.0,True,0.36000000000001364,PASS,matching track
1,2026-05-19 05:00:15.696586,09:27:37+00:00,37.42092,-122.08331,16.130920000000003,274.15,True,4.924427128219286,True,1.0,True,0.75,PASS,matching track
1,2026-05-19 05:00:16.199435,09:27:38+00:00,37.420921666666665,-122.08336166666666,16.149440000000002,272.02,True,0.5768474439998311,True,1.0,True,0.9799999999999613,PASS,matching track
1,2026-05-19 05:00:16.702239,09:27:39+00:00,37.420923333333334,-122.08341166666666,16.16796,272.01,True,4.900047684002357,True,1.0,True,0.9699999999999704,PASS,matching track
1,2026-05-19 05:00:17.204797,09:27:40+00:00,37.420925,-122.083465,16.205000000000002,271.98,True,0.8100562993926507,True,1.0,True,0.8799999999999955,PASS,matching track
1,2026-05-19 05:00:17.707552,09:27:41+00:00,37.420925,-122.083515,16.22352,271.95,True,0.810056300452913,True,1.0,True,0.9099999999999682,PASS,matching track
1,2026-05-19 05:00:18.210394,09:27:42+00:00,37.42092666666667,-122.08356666666667,16.24204,271.92,True,0.8100562888701431,True,1.0,True,0.8799999999999955,PASS,matching track
1,2026-05-19 05:00:18.713102,09:27:43+00:00,37.42092666666667,-122.08361666666667,16.260559999999998,273.7,True,0.8100562906355558,True,1.0,True,0.28000000000002956,PASS,matching track
1,2026-05-19 05:00:19.216511,09:27:44+00:00,37.42093,-122.08366833333334,16.297600000000003,274.78,True,0.9464162871363369,True,1.0,True,0.38999999999998636,PASS,matching track
1,2026-05-19 05:00:19.720077,09:27:45+00:00,37.42093333333333,-122.08372,16.31612,275.14,True,1.0447929585614633,True,1.0,True,0.75,PASS,matching track
1,2026-05-19 05:00:20.223472,09:27:46+00:00,37.42093666666667,-122.08377166666666,16.33464,274.73,True,1.0447929372065665,True,1.0,True,0.34000000000003183,PASS,matching track
1,2026-05-19 05:00:20.727052,09:27:47+00:00,37.42094,-122.08382166666667,16.37168,274.41,True,1.0447929130255063,True,1.0,True,0.020000000000038654,PASS,matching track
1,2026-05-19 05:00:21.231008,09:27:48+00:00,37.420941666666664,-122.08387333333333,16.3902,274.35,True,1.0447929004038918,True,1.0,True,0.03999999999996362,PASS,matching track
1,2026-05-19 05:00:21.734796,09:27:49+00:00,37.420945,-122.08392333333333,16.40872,274.28,True,1.0447928790486753,True,1.0,True,0.23999999999995225,PASS,matching track
1,2026-05-19 05:00:22.237965,09:27:50+00:00,37.420946666666666,-122.083975,16.427239999999998,274.21,True,1.0447928671358464,True,1.0,True,0.4399999999999977,PASS,matching track
1,2026-05-19 05:00:22.740538,09:27:51+00:00,37.42095,-122.084025,16.427239999999998,274.14,True,1.0447928440142977,True,1.0,True,0.37000000000000455,PASS,matching track
1,2026-05-19 05:00:23.243708,09:27:52+00:00,37.42095166666667,-122.08407666666666,16.445760000000003,274.07,True,1.0447928328072782,True,1.0,True,0.30000000000001137,PASS,matching track
1,2026-05-19 05:00:23.747832,09:27:53+00:00,37.420955,-122.08412666666666,16.464280000000002,274.0,True,1.0447928110975642,True,1.0,True,0.2300000000000182,PASS,matching track
1,2026-05-19 05:00:24.251224,09:27:54+00:00,37.42095833333333,-122.08417833333333,16.464280000000002,273.92,True,1.044792787976601,True,1.0,True,0.1500000000000341,PASS,matching track
1,2026-05-19 05:00:24.754344,09:27:55+00:00,37.42096,-122.08422833333333,16.4828,273.84,True,1.0447927753571615,True,1.0,True,0.06999999999999318,PASS,matching track
1,2026-05-19 05:00:25.257693,09:27:56+00:00,37.42096333333333,-122.08427833333333,16.4828,273.77,True,1.0447927522357732,True,1.0,True,0.0,PASS,matching track
1,2026-05-19 05:00:25.760824,09:27:57+00:00,37.420965,-122.08433,16.4828,273.69,True,1.0447927420889562,True,1.0,True,0.07999999999998408,PASS,matching track
1,2026-05-19 05:00:26.264407,09:27:58+00:00,37.420968333333334,-122.08438,16.4828,273.61,True,1.04479271931888,True,1.0,True,0.15999999999996817,PASS,matching track
1,2026-05-19 05:00:26.767761,09:27:59+00:00,37.42097166666667,-122.08443166666666,16.4828,273.54,True,1.044792696903781,True,1.0,True,0.22999999999996135,PASS,matching track
1,2026-05-19 05:00:27.271750,09:28:00+00:00,37.420973333333336,-122.08448166666666,16.4828,273.47,True,1.044792684989517,True,1.0,True,0.2999999999999545,PASS,matching track
1,2026-05-19 05:00:27.774399,09:28:01+00:00,37.42097666666667,-122.08453333333334,16.464280000000002,273.39,True,1.0447926629289244,True,1.0,True,0.37999999999999545,PASS,matching track
1,2026-05-19 05:00:28.277632,09:28:02+00:00,37.42097833333333,-122.08458333333333,16.464280000000002,273.32,True,1.044792649954819,True,1.0,True,0.44999999999998863,PASS,matching track
1,2026-05-19 05:00:28.780978,09:28:03+00:00,37.42098166666667,-122.084635,16.445760000000003,273.26,True,1.044792627541109,True,1.0,True,0.5099999999999909,PASS,matching track
1,2026-05-19 05:00:29.285325,09:28:04+00:00,37.420985,-122.084685,16.427239999999998,273.44,True,1.044792605478269,True,1.0,True,0.3299999999999841,PASS,matching track
1,2026-05-19 05:00:29.788887,09:28:05+00:00,37.420986666666664,-122.08473666666667,16.427239999999998,273.41,True,1.0447925935640687,True,1.0,True,0.3599999999999568,PASS,matching track
1,2026-05-19 05:00:30.292715,09:28:06+00:00,37.420988333333334,-122.08478666666667,16.40872,273.35,True,0.9230812037009892,True,1.0,True,0.4199999999999591,PASS,matching track
1,2026-05-19 05:00:30.796066,09:28:07+00:00,37.420991666666666,-122.08483833333334,16.3902,273.3,True,0.923081177023577,True,1.0,True,0.7199999999999704,PASS,matching track
1,2026-05-19 05:00:31.299586,09:28:08+00:00,37.420993333333335,-122.08488666666666,16.37168,273.25,True,0.8100559128231295,True,1.0,True,0.8000000000000114,PASS,matching track
1,2026-05-19 05:00:31.802074,09:28:09+00:00,37.42099666666667,-122.08493833333333,16.353160000000003,275.22,True,0.8100558938974479,True,1.0,True,0.839999999999975,PASS,matching track
1,2026-05-19 05:00:32.304919,09:28:10+00:00,37.42100166666667,-122.08498833333333,16.31612,275.18,True,0.8100558669221154,True,1.0,True,0.8799999999999955,PASS,matching track
1,2026-05-19 05:00:32.807926,09:28:11+00:00,37.42100333333333,-122.08503833333333,16.297600000000003,275.14,True,0.6964984112166611,True,1.0,True,0.0999999999999659,PASS,matching track
1,2026-05-19 05:00:33.311369,09:28:12+00:00,37.42100833333333,-122.08509,16.27908,275.12,True,0.6964983774957646,True,1.0,True,0.07999999999998408,PASS,matching track
1,2026-05-19 05:00:33.814260,09:28:13+00:00,37.421011666666665,-122.08513833333333,16.24204,275.09,True,4.924421263214925,True,1.0,True,0.049999999999954525,PASS,matching track
1,2026-05-19 05:00:34.317103,09:28:14+00:00,37.42101666666667,-122.08518833333333,16.22352,274.06,True,4.95558946665462,True,1.0,True,0.9800000000000182,PASS,matching track
1,2026-05-19 05:00:34.820219,09:28:15+00:00,37.42102,-122.08524,16.205000000000002,274.88,True,0.5768470038049275,True,1.0,True,0.160000000000025,PASS,matching track
1,2026-05-19 05:00:35.323549,09:28:16+00:00,37.42102333333333,-122.08529,12.35284,253.47,True,4.924420517273557,True,1.0,True,1.0,PASS,matching track
1,2026-05-19 05:00:35.826554,09:28:17+00:00,37.421015,-122.08532666666666,16.149440000000002,182.72,True,3.761754676827789,True,1.0,True,1.0,PASS,matching track
1,2026-05-19 05:00:36.329480,09:28:18+00:00,37.420973333333336,-122.08533,16.130920000000003,182.73,True,4.478472191265596,True,1.0,True,0.9900000000000091,PASS,matching track
1,2026-05-19 05:00:36.832923,09:28:19+00:00,37.42093333333333,-122.08533333333334,11.630560000000001,131.19,True,4.295178355441372,True,1.0,True,0.9799999999999898,PASS,matching track
1,2026-05-19 05:00:37.335461,09:28:20+00:00,37.42091166666667,-122.085305,16.07536,94.63,True,3.1343790476810542,True,1.0,True,0.9399999999999977,PASS,matching track
1,2026-05-19 05:00:37.838230,09:28:21+00:00,37.42090833333334,-122.08525333333333,16.05684,94.64,True,4.294365203643291,True,1.0,True,0.9299999999999926,PASS,matching track
1,2026-05-19 05:00:38.342121,09:28:22+00:00,37.420903333333335,-122.08520166666666,16.038320000000002,94.66,True,4.460584511335531,True,1.0,True,0.9099999999999966,PASS,matching track
1,2026-05-19 05:00:38.845256,09:28:23+00:00,37.4209,-122.08515166666666,16.0198,94.7,True,4.294365676024212,True,1.0,True,0.8699999999999903,PASS,matching track
1,2026-05-19 05:00:39.348163,09:28:24+00:00,37.420895,-122.08510166666667,16.00128,94.74,True,4.314239100470169,True,1.0,True,0.6499999999999915,PASS,matching track
1,2026-05-19 05:00:39.851414,09:28:25+00:00,37.42089,-122.08504833333333,15.982760000000003,94.78,True,4.6329282091426025,True,1.0,True,0.6899999999999977,PASS,matching track
1,2026-05-19 05:00:40.354458,09:28:26+00:00,37.42088666666667,-122.08499833333333,15.96424,94.83,True,4.460585484558604,True,1.0,True,0.7399999999999949,PASS,matching track
1,2026-05-19 05:00:40.857372,09:28:27+00:00,37.420883333333336,-122.08494833333333,15.96424,93.4,True,4.460585679273755,True,1.0,True,0.030000000000001137,PASS,matching track
1,2026-05-19 05:00:41.360619,09:28:28+00:00,37.420878333333334,-122.084895,15.94572,92.74,True,4.778624489225091,True,1.0,True,0.6300000000000097,PASS,matching track
1,2026-05-19 05:00:41.863071,09:28:29+00:00,37.420875,-122.084845,15.94572,92.8,True,4.632929110035085,True,1.0,True,0.5700000000000074,PASS,matching track
1,2026-05-19 05:00:42.365778,09:28:30+00:00,37.42087333333333,-122.08479333333334,15.927200000000001,92.87,True,4.753497959307464,True,1.0,True,0.5,PASS,matching track
1,2026-05-19 05:00:42.868632,09:28:31+00:00,37.42087166666666,-122.08474333333334,15.927200000000001,92.94,True,4.607007905278688,True,1.0,True,0.4300000000000068,PASS,matching track
1,2026-05-19 05:00:43.371400,09:28:32+00:00,37.42086666666667,-122.08469,15.927200000000001,93.01,True,4.955598471821681,True,1.0,True,0.35999999999999943,PASS,matching track
1,2026-05-19 05:00:43.874336,09:28:33+00:00,37.420865,-122.08464,15.927200000000001,93.08,True,4.778625316072811,True,1.0,True,0.29000000000000625,PASS,matching track
1,2026-05-19 05:00:44.377031,09:28:34+00:00,37.42086166666667,-122.08458833333333,15.927200000000001,93.16,True,4.955598790871162,True,1.0,True,0.21000000000000796,PASS,matching track
1,2026-05-19 05:00:44.879621,09:28:35+00:00,37.42086,-122.08453666666666,15.94572,93.23,True,4.924430541516717,True,1.0,True,0.14000000000000057,PASS,matching track
1,2026-05-19 05:00:45.382348,09:28:36+00:00,37.420856666666666,-122.084485,15.94572,93.31,True,0.7098124582828895,True,1.0,True,0.060000000000002274,PASS,matching track
1,2026-05-19 05:00:45.884706,09:28:37+00:00,37.420855,-122.084435,15.94572,93.38,True,4.924430861988232,True,1.0,True,0.009999999999990905,PASS,matching track
1,2026-05-19 05:00:46.387250,09:28:38+00:00,37.420851666666664,-122.08438333333334,15.96424,93.46,True,0.8621753663821332,True,1.0,True,0.0899999999999892,PASS,matching track
1,2026-05-19 05:00:46.890484,09:28:39+00:00,37.42084833333333,-122.08433333333333,15.982760000000003,93.54,True,4.9934301058440935,True,1.0,True,0.1700000000000017,PASS,matching track
1,2026-05-19 05:00:47.393248,09:28:40+00:00,37.42084666666667,-122.08428,16.00128,93.61,True,0.9464166550693927,True,1.0,True,0.23999999999999488,PASS,matching track
1,2026-05-19 05:00:47.896213,09:28:41+00:00,37.42084333333333,-122.08423,16.0198,93.69,True,0.9464166718494843,True,1.0,True,0.3199999999999932,PASS,matching track
1,2026-05-19 05:00:48.399830,09:28:42+00:00,37.42084166666667,-122.08417833333333,16.038320000000002,93.76,True,0.9464166795334914,True,1.0,True,0.39000000000000057,PASS,matching track
1,2026-05-19 05:00:48.903481,09:28:43+00:00,37.420838333333336,-122.08412833333334,16.05684,93.83,True,0.9464166945466338,True,1.0,True,0.45999999999999375,PASS,matching track
1,2026-05-19 05:00:49.406848,09:28:44+00:00,37.420836666666666,-122.08407666666666,16.07536,93.9,True,0.9464167043500851,True,1.0,True,0.5300000000000011,PASS,matching track
1,2026-05-19 05:00:49.910279,09:28:45+00:00,37.420835,-122.084025,16.09388,93.96,True,1.0447935873346303,True,1.0,True,0.5899999999999892,PASS,matching track
1,2026-05-19 05:00:50.413128,09:28:46+00:00,37.420831666666665,-122.08397333333333,16.1124,94.02,True,1.0447936111620437,True,1.0,True,0.6499999999999915,PASS,matching track
1,2026-05-19 05:00:50.916820,09:28:47+00:00,37.42083,-122.08392333333333,16.149440000000002,94.08,True,1.0447936195431637,True,1.0,True,0.7099999999999937,PASS,matching track
1,2026-05-19 05:00:51.420529,09:28:48+00:00,37.42082666666667,-122.08387166666667,16.16796,94.13,True,1.044793643724481,True,1.0,True,0.7599999999999909,PASS,matching track
1,2026-05-19 05:00:51.923093,09:28:49+00:00,37.420825,-122.08382166666667,16.18648,94.18,True,1.0447936531667168,True,1.0,True,0.8100000000000023,PASS,matching track
1,2026-05-19 05:00:52.426528,09:28:50+00:00,37.42082166666667,-122.08377,16.22352,94.22,True,1.0447936755811167,True,1.0,True,0.8499999999999943,PASS,matching track
1,2026-05-19 05:00:52.929083,09:28:51+00:00,37.42082,-122.08372,16.24204,93.28,True,1.0447936882008293,True,1.0,True,0.09000000000000341,PASS,matching track
1,2026-05-19 05:00:53.431518,09:28:52+00:00,37.42081833333334,-122.08366833333334,16.27908,92.86,True,1.0447936987026651,True,1.0,True,0.46999999999999886,PASS,matching track
1,2026-05-19 05:00:53.934266,09:28:53+00:00,37.42081666666667,-122.08361833333333,16.297600000000003,92.89,True,1.0447937113223693,True,1.0,True,0.480000000000004,PASS,matching track
1,2026-05-19 05:00:54.437143,09:28:54+00:00,37.420815,-122.08356666666667,16.31612,92.91,True,1.0447937225294932,True,1.0,True,0.519999999999996,PASS,matching track
1,2026-05-19 05:00:54.939668,09:28:55+00:00,37.420815,-122.08351666666667,16.33464,92.93,True,1.0447937225294932,True,1.0,True,0.9900000000000091,PASS,matching track
1,2026-05-19 05:00:55.442738,09:28:56+00:00,37.420813333333335,-122.083465,16.353160000000003,92.94,True,1.044793733737628,True,1.0,True,1.0,PASS,matching track
1,2026-05-19 05:00:55.951822,09:28:57+00:00,37.420811666666665,-122.083415,16.3902,92.94,True,1.0447937452995693,True,1.0,True,1.0,PASS,matching track
1,2026-05-19 05:00:56.454976,09:28:58+00:00,37.42081,-122.08336333333334,16.40872,92.94,True,1.0447937561512413,True,1.0,True,0.3200000000000074,PASS,matching track
1,2026-05-19 05:00:56.959926,09:28:59+00:00,37.42081,-122.08331333333334,16.427239999999998,92.93,True,0.9230825513585426,True,1.0,True,0.11999999999999034,PASS,matching track
1,2026-05-19 05:00:57.462330,09:29:00+00:00,37.42080833333333,-122.08326166666667,16.427239999999998,92.92,True,0.9230825629304935,True,1.0,True,0.12999999999999545,PASS,matching track
1,2026-05-19 05:00:57.965788,09:29:01+00:00,37.42080833333333,-122.08321166666667,16.427239999999998,94.22,True,0.9230825629304935,True,1.0,True,0.9599999999999937,PASS,matching track
1,2026-05-19 05:00:58.468521,09:29:02+00:00,37.420805,-122.08316,16.445760000000003,93.98,True,0.9230825889008845,True,1.0,True,0.7199999999999989,PASS,matching track
1,2026-05-19 05:00:58.972522,09:29:03+00:00,37.42080333333333,-122.08311,16.464280000000002,93.0,True,0.9230826036528323,True,1.0,True,0.04999999999999716,PASS,matching track
1,2026-05-19 05:00:59.475218,09:29:04+00:00,37.42080166666667,-122.08305833333333,16.4828,93.08,True,0.923082616284891,True,1.0,True,0.030000000000001137,PASS,matching track
1,2026-05-19 05:00:59.978879,09:29:05+00:00,37.42080166666667,-122.08300833333334,16.4828,93.04,True,0.8252279018366235,True,1.0,True,0.009999999999990905,PASS,matching track
1,2026-05-19 05:01:00.482778,09:29:06+00:00,37.4208,-122.08295666666666,16.4828,92.99,True,0.825227918010837,True,1.0,True,0.7800000000000011,PASS,matching track
1,2026-05-19 05:01:00.986133,09:29:07+00:00,37.42079833333333,-122.08290833333334,15.14936,6.98,True,0.6964997451387547,True,1.0,True,0.7300000000000004,PASS,matching track
1,2026-05-19 05:01:01.488869,09:29:08+00:00,37.420836666666666,-122.08290333333333,16.4828,1.68,True,4.019428073548885,True,1.0,True,0.6799999999999999,PASS,matching track
1,2026-05-19 05:01:01.991321,09:29:09+00:00,37.420878333333334,-122.08290166666667,16.4828,3.15,True,4.3179215286631365,True,1.0,True,0.10000000000000009,PASS,matching track
1,2026-05-19 05:01:02.494688,09:29:10+00:00,37.42091833333333,-122.0829,16.464280000000002,3.81,True,4.317921490378309,True,1.0,True,0.16999999999999993,PASS,matching track
1,2026-05-19 05:01:02.997373,09:29:11+00:00,37.42096,-122.08289666666667,16.464280000000002,3.98,True,4.526811362826801,True,1.0,True,0.33999999999999986,PASS,matching track
1,2026-05-19 05:01:03.500993,09:29:12+00:00,37.421,-122.08289333333333,16.445760000000003,4.06,True,4.34555685197592,True,1.0,True,0.4199999999999995,PASS,matching track
1,2026-05-19 05:01:04.003746,09:29:13+00:00,37.42104333333333,-122.08289166666667,16.445760000000003,3.5,True,4.682861259390626,True,1.0,True,0.009999999999999787,PASS,matching track
1,2026-05-19 05:01:04.506397,09:29:14+00:00,37.421083333333335,-122.08288833333333,16.427239999999998,3.43,True,4.500288975395222,True,1.0,True,0.06000000000000005,PASS,matching track
1,2026-05-19 05:01:05.009214,09:29:15+00:00,37.421123333333334,-122.08288666666667,16.3902,5.49,True,4.478472159049502,True,1.0,True,0.20000000000000018,PASS,matching track
1,2026-05-19 05:01:05.511889,09:29:16+00:00,37.421165,-122.08288166666667,16.3902,6.83,True,4.708354987111303,True,1.0,True,0.1299999999999999,PASS,matching track
1,2026-05-19 05:01:06.014549,09:29:17+00:00,37.42120666666667,-122.08287666666666,16.37168,6.75,True,4.708354928245423,True,1.0,True,0.04999999999999982,PASS,matching track
1,2026-05-19 05:01:06.516736,09:29:18+00:00,37.42124666666667,-122.08287166666666,16.353160000000003,6.67,True,4.682861101583144,True,1.0,True,0.03000000000000025,PASS,matching track
1,2026-05-19 05:01:07.020513,09:29:19+00:00,37.42128666666667,-122.082865,16.297600000000003,9.69,True,4.708354811393751,True,1.0,True,0.09999999999999964,PASS,matching track
1,2026-05-19 05:01:07.523238,09:29:20+00:00,37.421326666666666,-122.08285666666667,16.260559999999998,14.66,True,4.738306850879653,True,1.0,True,0.17999999999999972,PASS,matching track
1,2026-05-19 05:01:08.026093,09:29:21+00:00,37.421368333333334,-122.082845,16.27908,28.98,True,4.98929420695336,True,1.0,True,0.25,PASS,matching track
1,2026-05-19 05:01:08.529551,09:29:22+00:00,37.42140333333333,-122.08282,16.16796,40.71,True,4.86540725940074,True,1.0,True,0.09000000000000341,PASS,matching track
1,2026-05-19 05:01:09.032192,09:29:23+00:00,37.42143333333333,-122.08278666666666,16.205000000000002,41.84,True,4.825438142500441,True,1.0,True,0.3999999999999986,PASS,matching track
1,2026-05-19 05:01:09.536091,09:29:24+00:00,37.421465,-122.08275333333333,16.205000000000002,40.15,True,4.968672400390635,True,1.0,True,0.46999999999999886,PASS,matching track
1,2026-05-19 05:01:10.038801,09:29:25+00:00,37.42149666666667,-122.08272,16.07536,24.33,True,4.878045641772044,True,1.0,True,0.5400000000000027,PASS,matching track
1,2026-05-19 05:01:10.541694,09:29:26+00:00,37.421533333333336,-122.0827,16.1124,19.52,True,4.951689415847866,True,1.0,True,0.6000000000000014,PASS,matching track
1,2026-05-19 05:01:11.044075,09:29:27+00:00,37.421571666666665,-122.08268166666667,16.130920000000003,14.71,True,0.5549278011840562,True,1.0,True,0.6599999999999984,PASS,matching track
1,2026-05-19 05:01:11.547357,09:29:28+00:00,37.42161,-122.08267,16.07536,14.97,True,4.919000584963016,True,1.0,True,0.3999999999999986,PASS,matching track
1,2026-05-19 05:01:12.050152,09:29:29+00:00,37.42165,-122.08265666666667,16.07536,5.99,True,0.5742036679839937,True,1.0,True,0.7699999999999996,PASS,matching track
1,2026-05-19 05:01:12.552513,09:29:30+00:00,37.42169,-122.08265,16.038320000000002,3.48,True,0.5742036519712447,True,1.0,True,0.81,PASS,matching track
1,2026-05-19 05:01:13.055069,09:29:31+00:00,37.421731666666666,-122.08264833333334,16.038320000000002,0.54,True,0.7965659428977017,True,1.0,True,0.8599999999999999,PASS,matching track
1,2026-05-19 05:01:13.557821,09:29:32+00:00,37.421773333333334,-122.08264666666666,15.96424,348.54,True,0.7965658868307877,True,1.0,True,0.8899999999999864,PASS,matching track
1,2026-05-19 05:01:14.060688,09:29:33+00:00,37.42181333333333,-122.08265666666667,15.927200000000001,341.2,True,0.7965658338698517,True,1.0,True,0.9200000000000159,PASS,matching track
1,2026-05-19 05:01:14.564097,09:29:34+00:00,37.42185166666667,-122.08267166666667,15.94572,334.38,True,0.796565782950895,True,1.0,True,0.9499999999999886,PASS,matching track
1,2026-05-19 05:01:15.066839,09:29:35+00:00,37.421888333333335,-122.082695,15.96424,327.11,True,0.8621723643560074,True,1.0,True,0.6100000000000136,PASS,matching track
1,2026-05-19 05:01:15.569730,09:29:36+00:00,37.42192333333333,-122.08272166666667,15.96424,327.09,True,0.8621722614827166,True,1.0,True,0.6300000000000523,PASS,matching track
1,2026-05-19 05:01:16.072665,09:29:37+00:00,37.42195666666667,-122.08274833333333,15.94572,327.08,True,0.8621721648882201,True,1.0,True,0.6400000000000432,PASS,matching track
1,2026-05-19 05:01:16.576177,09:29:38+00:00,37.42199166666666,-122.082775,15.94572,326.72,True,0.8621720627213404,True,1.0,True,1.0,PASS,matching track
1,2026-05-19 05:01:17.078914,09:29:39+00:00,37.42202666666667,-122.082805,15.927200000000001,327.82,True,0.9464110288794246,True,1.0,True,0.0999999999999659,PASS,matching track
1,2026-05-19 05:01:17.582461,09:29:40+00:00,37.422061666666664,-122.08283166666666,15.76052,334.27,True,0.9464108597508821,True,1.0,True,0.9900000000000091,PASS,matching track
1,2026-05-19 05:01:18.085502,09:29:41+00:00,37.42209833333333,-122.08285166666667,15.927200000000001,344.95,True,0.9464106847064384,True,1.0,True,0.9700000000000273,PASS,matching track
1,2026-05-19 05:01:18.587938,09:29:42+00:00,37.42213666666667,-122.082865,15.871640000000001,349.31,True,0.946410500565308,True,1.0,True,0.9499999999999886,PASS,matching track
1,2026-05-19 05:01:19.092300,09:29:43+00:00,37.422176666666665,-122.08287333333334,15.927200000000001,354.6,True,0.9464103108564363,True,1.0,True,0.38999999999998636,PASS,matching track
1,2026-05-19 05:01:19.595126,09:29:44+00:00,37.42221833333333,-122.08287666666666,15.927200000000001,354.09,True,0.9464101095819942,True,1.0,True,0.9000000000000341,PASS,matching track
1,2026-05-19 05:01:20.097361,09:29:45+00:00,37.42225833333333,-122.08288333333333,15.94572,354.61,True,1.0447838995732688,True,1.0,True,0.37999999999999545,PASS,matching track
1,2026-05-19 05:01:20.600574,09:29:46+00:00,37.42229833333333,-122.08288833333333,15.94572,354.38,True,1.0447836260018377,True,1.0,True,0.6100000000000136,PASS,matching track
1,2026-05-19 05:01:21.104463,09:29:47+00:00,37.42234,-122.08289166666667,15.96424,354.43,True,1.0447833426366646,True,1.0,True,0.5600000000000023,PASS,matching track
1,2026-05-19 05:01:21.606995,09:29:48+00:00,37.42238,-122.08289666666667,15.982760000000003,354.48,True,1.0447830683599524,True,1.0,True,0.7199999999999704,PASS,matching track
1,2026-05-19 05:01:22.110428,09:29:49+00:00,37.42242,-122.0829,16.00128,354.53,True,1.0447827940822214,True,1.0,True,0.6700000000000159,PASS,matching track
1,2026-05-19 05:01:22.613256,09:29:50+00:00,37.42246166666666,-122.082905,15.667920000000002,344.57,True,1.0447825093043532,True,1.0,True,0.6100000000000136,PASS,matching track
1,2026-05-19 05:01:23.116430,09:29:51+00:00,37.4225,-122.08291833333334,16.038320000000002,330.43,True,1.0447822487064957,True,1.0,True,0.5500000000000114,PASS,matching track
1,2026-05-19 05:01:23.619066,09:29:52+00:00,37.422533333333334,-122.08294166666667,15.94572,322.01,True,0.9230691789386114,True,1.0,True,0.4800000000000182,PASS,matching track
1,2026-05-19 05:01:24.121776,09:29:53+00:00,37.422565,-122.08297333333333,16.07536,316.53,True,0.9230689315083608,True,1.0,True,0.410000000000025,PASS,matching track
1,2026-05-19 05:01:24.624365,09:29:54+00:00,37.422595,-122.08300833333334,16.09388,298.91,True,0.9230686995387065,True,1.0,True,0.3199999999999932,PASS,matching track
1,2026-05-19 05:01:25.126978,09:29:55+00:00,37.422615,-122.08305333333334,16.1124,298.96,True,0.9230685437127986,True,1.0,True,0.27000000000003865,PASS,matching track
1,2026-05-19 05:01:25.629955,09:29:56+00:00,37.422635,-122.08309666666666,16.149440000000002,299.04,True,0.9230683882420968,True,1.0,True,0.18999999999999773,PASS,matching track
1,2026-05-19 05:01:26.134303,09:29:57+00:00,37.422655,-122.08314166666666,16.16796,299.37,True,0.9230682327699333,True,1.0,True,0.11000000000001364,PASS,matching track
1,2026-05-19 05:01:26.637961,09:29:58+00:00,37.422673333333336,-122.08318666666666,12.186160000000001,251.41,True,0.8252115736110908,True,1.0,True,0.03999999999999204,PASS,matching track
1,2026-05-19 05:01:27.140761,09:29:59+00:00,37.42266333333333,-122.08322333333334,16.22352,216.05,True,4.0513823442542884,True,1.0,True,0.040000000000020464,PASS,matching track
1,2026-05-19 05:01:27.643413,09:30:00+00:00,37.42263,-122.08325333333333,16.24204,215.91,True,4.753881433928753,True,1.0,True,0.09999999999999432,PASS,matching track
1,2026-05-19 05:01:28.146181,09:30:01+00:00,37.422596666666664,-122.08328166666666,15.742,238.56,True,4.649731146304366,True,1.0,True,0.18999999999999773,PASS,matching track
1,2026-05-19 05:01:28.649118,09:30:02+00:00,37.422575,-122.083325,15.76052,272.52,True,0.7604782875883472,True,1.0,True,0.2699999999999818,PASS,matching track
1,2026-05-19 05:01:29.153163,09:30:03+00:00,37.422576666666664,-122.08337333333333,16.297600000000003,285.97,True,0.7604782707010941,True,1.0,True,0.34000000000003183,PASS,matching track
1,2026-05-19 05:01:29.656105,09:30:04+00:00,37.42258666666667,-122.08342333333333,16.297600000000003,293.25,True,0.760478176444447,True,1.0,True,0.410000000000025,PASS,matching track
1,2026-05-19 05:01:30.158978,09:30:05+00:00,37.422603333333335,-122.08347,16.353160000000003,296.37,True,0.7604780181727788,True,1.0,True,0.05000000000001137,PASS,matching track
1,2026-05-19 05:01:30.661943,09:30:06+00:00,37.42261833333333,-122.083515,16.37168,296.44,True,0.7376384475255839,True,1.0,True,0.12000000000000455,PASS,matching track
1,2026-05-19 05:01:31.164662,09:30:07+00:00,37.42263666666667,-122.08356,16.3902,296.51,True,0.5901106146517684,True,1.0,True,0.18999999999999773,PASS,matching track
1,2026-05-19 05:01:31.667147,09:30:08+00:00,37.422655,-122.083605,16.40872,296.99,True,0.5901104707798502,True,1.0,True,0.6700000000000159,PASS,matching track
1,2026-05-19 05:01:32.169774,09:30:09+00:00,37.422671666666666,-122.08365166666667,16.3902,295.62,True,0.5901103387292489,True,1.0,True,0.2699999999999818,PASS,matching track
1,2026-05-19 05:01:32.673169,09:30:10+00:00,37.42268833333333,-122.08369666666667,16.445760000000003,289.07,True,4.9332730884535145,True,1.0,True,0.7699999999999818,PASS,matching track
1,2026-05-19 05:01:33.175849,09:30:11+00:00,37.4227,-122.083745,16.464280000000002,289.12,True,4.99331393135275,True,1.0,True,0.8199999999999932,PASS,matching track
1,2026-05-19 05:01:33.678380,09:30:12+00:00,37.422713333333334,-122.08379166666667,0.61116,289.16,True,4.895232547203353,True,1.0,True,0.8600000000000136,PASS,matching track
2,2026-05-19 05:01:34.235925,09:15:00+00:00,37.422718333333336,-122.08379166666667,16.205000000000002,108.3,True,0.7376374653222858,True,,True,0.0,PASS,matching track
2,2026-05-19 05:01:34.738823,09:15:01+00:00,37.422705,-122.08374333333333,16.22352,108.38,True,0.7376375973730316,True,1.0,True,0.0799999999999983,PASS,matching track
2,2026-05-19 05:01:35.241682,09:15:02+00:00,37.422695,-122.083695,16.22352,112.94,True,0.7604771444970088,True,1.0,True,0.14999999999999147,PASS,matching track
2,2026-05-19 05:01:35.744759,09:15:03+00:00,37.42267833333333,-122.08364833333333,16.27908,116.55,True,0.7604773055955596,True,1.0,True,0.23000000000000398,PASS,matching track
2,2026-05-19 05:01:36.247275,09:15:04+00:00,37.42266,-122.08360166666667,16.297600000000003,116.31,True,0.7604774779277278,True,1.0,True,0.009999999999990905,PASS,matching track
2,2026-05-19 05:01:36.750385,09:15:05+00:00,37.42264333333333,-122.08355666666667,16.33464,116.27,True,0.7604776369062116,True,1.0,True,0.04999999999999716,PASS,matching track
2,2026-05-19 05:01:37.254000,09:15:06+00:00,37.422626666666666,-122.08351,16.353160000000003,116.34,True,0.8252119805649195,True,1.0,True,0.020000000000010232,PASS,matching track
2,2026-05-19 05:01:37.756882,09:15:07+00:00,37.42261,-122.083465,16.353160000000003,115.56,True,4.9473828530503745,True,1.0,True,0.3299999999999983,PASS,matching track
2,2026-05-19 05:01:38.259376,09:15:08+00:00,37.42259166666667,-122.08341833333333,16.3902,107.86,True,0.8252122873694494,True,1.0,True,0.5799999999999983,PASS,matching track
2,2026-05-19 05:01:38.762122,09:15:09+00:00,37.42258,-122.08337,16.37168,101.51,True,0.8252123899910244,True,1.0,True,0.6400000000000006,PASS,matching track
2,2026-05-19 05:01:39.265326,09:15:10+00:00,37.42257166666667,-122.08332,16.33464,67.35,True,0.8252124606168018,True,1.0,True,0.6999999999999886,PASS,matching track
2,2026-05-19 05:01:39.768717,09:15:11+00:00,37.42259,-122.08327333333334,16.445760000000003,36.54,True,0.9230687374344099,True,1.0,True,0.7100000000000009,PASS,matching track
2,2026-05-19 05:01:40.271638,09:15:12+00:00,37.422623333333334,-122.083245,16.445760000000003,36.63,True,0.81004670041695,True,1.0,True,0.8000000000000043,PASS,matching track
2,2026-05-19 05:01:40.774325,09:15:13+00:00,37.42265666666667,-122.083215,14.278920000000001,48.71,True,0.8100465115108848,True,1.0,True,0.8400000000000034,PASS,matching track
2,2026-05-19 05:01:41.277299,09:15:14+00:00,37.42268,-122.08318333333334,16.464280000000002,120.54,True,4.626209957039742,True,1.0,True,0.8800000000000097,PASS,matching track
2,2026-05-19 05:01:41.780465,09:15:15+00:00,37.42266,-122.08313833333334,16.4828,120.14,True,4.866937870700085,True,1.0,True,0.480000000000004,PASS,matching track
2,2026-05-19 05:01:42.284346,09:15:16+00:00,37.422641666666664,-122.08309333333334,16.4828,120.17,True,4.806809861285681,True,1.0,True,0.5100000000000051,PASS,matching track
2,2026-05-19 05:01:42.787457,09:15:17+00:00,37.422621666666664,-122.08305166666666,16.4828,120.2,True,4.526997079613246,True,1.0,True,0.5400000000000063,PASS,matching track
2,2026-05-19 05:01:43.290296,09:15:18+00:00,37.422601666666665,-122.08300666666666,16.33464,133.3,True,4.666670478336884,True,1.0,True,0.9800000000000182,PASS,matching track
2,2026-05-19 05:01:43.793120,09:15:19+00:00,37.422575,-122.08297,16.445760000000003,139.83,True,4.3046362824333135,True,1.0,True,0.9900000000000091,PASS,matching track
2,2026-05-19 05:01:44.295586,09:15:20+00:00,37.422545,-122.082935,16.4828,151.98,True,4.386648268984651,True,1.0,True,1.0,PASS,matching track
2,2026-05-19 05:01:44.798452,09:15:21+00:00,37.42250833333333,-122.08291166666666,16.149440000000002,159.74,True,4.168447157162673,True,1.0,True,1.0,PASS,matching track
2,2026-05-19 05:01:45.301815,09:15:22+00:00,37.42247166666667,-122.082895,16.464280000000002,176.19,True,3.7709555644784754,True,1.0,True,0.9900000000000091,PASS,matching track
2,2026-05-19 05:01:45.804246,09:15:23+00:00,37.42243166666667,-122.08289,16.445760000000003,176.18,True,3.772340837678302,True,1.0,True,0.25,PASS,matching track
2,2026-05-19 05:01:46.307042,09:15:24+00:00,37.42239,-122.082885,16.427239999999998,176.16,True,3.9539114967734212,True,1.0,True,0.22999999999998977,PASS,matching track
2,2026-05-19 05:01:46.809950,09:15:25+00:00,37.42235,-122.08288333333333,16.40872,176.14,True,3.725898973060724,True,1.0,True,0.20999999999997954,PASS,matching track
2,2026-05-19 05:01:47.312921,09:15:26+00:00,37.42231,-122.08287833333333,16.40872,176.84,True,3.7462882012993237,True,1.0,True,0.9099999999999966,PASS,matching track
2,2026-05-19 05:01:47.815143,09:15:27+00:00,37.422268333333335,-122.082875,16.3902,175.43,True,3.9096270248851535,True,1.0,True,0.020000000000010232,PASS,matching track
2,2026-05-19 05:01:48.317159,09:15:28+00:00,37.42222833333334,-122.08287,16.353160000000003,176.24,True,3.7462882518384952,True,1.0,True,0.3100000000000023,PASS,matching track
2,2026-05-19 05:01:48.820002,09:15:29+00:00,37.42218833333333,-122.08286833333334,16.27908,173.58,True,3.711266624658106,True,1.0,True,0.7900000000000205,PASS,matching track
2,2026-05-19 05:01:49.323034,09:15:30+00:00,37.42214666666667,-122.08286166666667,16.31612,166.66,True,3.929063027136681,True,1.0,True,0.7400000000000091,PASS,matching track
2,2026-05-19 05:01:49.825511,09:15:31+00:00,37.422108333333334,-122.08284833333333,16.130920000000003,160.47,True,3.7074187917222097,True,1.0,True,0.6899999999999977,PASS,matching track
2,2026-05-19 05:01:50.328144,09:15:32+00:00,37.42207,-122.08283333333334,16.260559999999998,149.45,True,3.7569875865982993,True,1.0,True,0.6299999999999955,PASS,matching track
2,2026-05-19 05:01:50.830749,09:15:33+00:00,37.422035,-122.08280666666667,16.24204,148.54,True,3.8451946333851277,True,1.0,True,0.28000000000000114,PASS,matching track
2,2026-05-19 05:01:51.333652,09:15:34+00:00,37.42200166666667,-122.08278,16.22352,148.52,True,3.695455962161788,True,1.0,True,0.29999999999998295,PASS,matching track
2,2026-05-19 05:01:51.836342,09:15:35+00:00,37.42196666666667,-122.08275166666667,16.18648,148.51,True,3.931951026696835,True,1.0,True,0.3100000000000023,PASS,matching track
2,2026-05-19 05:01:52.339151,09:15:36+00:00,37.421931666666666,-122.08272666666667,16.16796,148.44,True,3.7622274574267407,True,1.0,True,0.3599999999999852,PASS,matching track
2,2026-05-19 05:01:52.841517,09:15:37+00:00,37.42189666666667,-122.0827,16.09388,153.33,True,3.762227970053844,True,1.0,True,0.29000000000002046,PASS,matching track
2,2026-05-19 05:01:53.344716,09:15:38+00:00,37.42186,-122.08267666666667,16.05684,159.5,True,3.770962019395354,True,1.0,True,0.21999999999999886,PASS,matching track
2,2026-05-19 05:01:53.848370,09:15:39+00:00,37.421821666666666,-122.08266,16.09388,167.7,True,3.8832191986684435,True,1.0,True,0.13999999999998636,PASS,matching track
2,2026-05-19 05:01:54.351282,09:15:40+00:00,37.42178166666667,-122.08265,16.0198,179.72,True,3.909627031097664,True,1.0,True,0.060000000000002274,PASS,matching track
2,2026-05-19 05:01:54.854190,09:15:41+00:00,37.42174166666667,-122.08264833333334,16.038320000000002,182.87,True,3.8956846561965244,True,1.0,True,0.009999999999990905,PASS,matching track
2,2026-05-19 05:01:55.356982,09:15:42+00:00,37.421701666666664,-122.08265166666666,16.038320000000002,186.67,True,3.953912311343826,True,1.0,True,0.09000000000000341,PASS,matching track
2,2026-05-19 05:01:55.860507,09:15:43+00:00,37.42165833333333,-122.08265833333333,15.94572,192.86,True,4.377990251676408,True,1.0,True,0.1699999999999875,PASS,matching track
2,2026-05-19 05:01:56.363468,09:15:44+00:00,37.42162,-122.08267166666667,16.00128,195.52,True,4.209852973969767,True,1.0,True,0.23999999999998067,PASS,matching track
2,2026-05-19 05:01:56.867073,09:15:45+00:00,37.42158,-122.082685,15.94572,197.98,True,4.437876966666494,True,1.0,True,0.3100000000000023,PASS,matching track
2,2026-05-19 05:01:57.369744,09:15:46+00:00,37.42154166666667,-122.08270166666667,15.96424,201.94,True,4.3994595774518235,True,1.0,True,0.3900000000000148,PASS,matching track
2,2026-05-19 05:01:57.872802,09:15:47+00:00,37.421503333333334,-122.08272,15.853120000000002,217.95,True,4.470619119689285,True,1.0,True,0.46000000000000796,PASS,matching track
2,2026-05-19 05:01:58.375074,09:15:48+00:00,37.42147,-122.08275166666667,15.927200000000001,220.9,True,4.753918335744424,True,1.0,True,0.5199999999999818,PASS,matching track
2,2026-05-19 05:01:58.877632,09:15:49+00:00,37.42144,-122.08278666666666,15.927200000000001,223.15,True,4.846816943969478,True,1.0,True,0.5900000000000034,PASS,matching track
2,2026-05-19 05:01:59.381255,09:15:50+00:00,37.421411666666664,-122.08282333333334,15.890160000000002,209.66,True,4.962467657952136,True,1.0,True,0.6500000000000057,PASS,matching track
2,2026-05-19 05:01:59.883967,09:15:51+00:00,37.42137666666667,-122.08284833333333,15.797559999999999,198.12,True,4.732070251136799,True,1.0,True,0.6999999999999886,PASS,matching track
2,2026-05-19 05:02:00.386872,09:15:52+00:00,37.42133666666667,-122.082865,15.890160000000002,190.96,True,4.795567971777295,True,1.0,True,0.7599999999999909,PASS,matching track
2,2026-05-19 05:02:00.891189,09:15:53+00:00,37.42129666666666,-122.082875,15.927200000000001,185.9,True,4.726738353687208,True,1.0,True,0.3199999999999932,PASS,matching track
2,2026-05-19 05:02:01.394634,09:15:54+00:00,37.421255,-122.08288166666667,15.927200000000001,185.85,True,4.811240871489795,True,1.0,True,0.37000000000000455,PASS,matching track
2,2026-05-19 05:02:01.897896,09:15:55+00:00,37.421215,-122.08288666666667,15.94572,185.81,True,4.593630709704084,True,1.0,True,0.4099999999999966,PASS,matching track
2,2026-05-19 05:02:02.401171,09:15:56+00:00,37.421173333333336,-122.08289333333333,15.94572,185.3,True,4.811241207887523,True,1.0,True,0.9199999999999875,PASS,matching track
2,2026-05-19 05:02:02.904401,09:15:57+00:00,37.42113333333333,-122.08289833333333,15.96424,182.2,True,4.77263386584967,True,1.0,True,0.950000000000017,PASS,matching track
2,2026-05-19 05:02:03.407120,09:15:58+00:00,37.42109166666667,-122.08290166666667,15.96424,182.18,True,4.919001575343177,True,1.0,True,0.9699999999999989,PASS,matching track
2,2026-05-19 05:02:03.909761,09:15:59+00:00,37.42105166666666,-122.082905,15.982760000000003,182.52,True,4.738307371339698,True,1.0,True,0.5999999999999943,PASS,matching track
2,2026-05-19 05:02:04.412313,09:16:00+00:00,37.42101,-122.08290666666667,16.00128,182.54,True,4.890156315759465,True,1.0,True,0.5800000000000125,PASS,matching track
2,2026-05-19 05:02:04.914762,09:16:01+00:00,37.420968333333334,-122.08291,16.0198,182.3,True,0.825226446210983,True,1.0,True,0.8199999999999932,PASS,matching track
2,2026-05-19 05:02:05.417857,09:16:02+00:00,37.420928333333336,-122.08291333333334,16.038320000000002,182.12,True,4.919001916093919,True,1.0,True,1.0,PASS,matching track
2,2026-05-19 05:02:05.920732,09:16:03+00:00,37.42088666666667,-122.08291666666666,16.05684,180.01,True,0.8252271599690849,True,1.0,True,0.9900000000000091,PASS,matching track
2,2026-05-19 05:02:06.424618,09:16:04+00:00,37.420845,-122.08291666666666,16.07536,180.02,True,0.923082279017112,True,1.0,True,0.9799999999999898,PASS,matching track
2,2026-05-19 05:02:06.928255,09:16:05+00:00,37.420805,-122.08291833333334,13.723320000000001,105.88,True,0.9230825903136378,True,1.0,True,0.960000000000008,PASS,matching track
2,2026-05-19 05:02:07.431051,09:16:06+00:00,37.420795,-122.08287666666666,16.130920000000003,93.82,True,3.3878741334615348,True,1.0,True,0.9300000000000068,PASS,matching track
2,2026-05-19 05:02:07.933924,09:16:07+00:00,37.420791666666666,-122.08282666666666,16.149440000000002,93.85,True,3.802475968594553,True,1.0,True,0.7900000000000063,PASS,matching track
2,2026-05-19 05:02:08.436599,09:16:08+00:00,37.420788333333334,-122.082775,16.16796,93.91,True,3.9457399785736804,True,1.0,True,0.730000000000004,PASS,matching track
2,2026-05-19 05:02:08.939041,09:16:09+00:00,37.420785,-122.082725,16.205000000000002,93.98,True,3.8024762851380465,True,1.0,True,0.6599999999999966,PASS,matching track
2,2026-05-19 05:02:09.442982,09:16:10+00:00,37.42077833333333,-122.08267333333333,16.22352,93.86,True,4.0484630808859885,True,1.0,True,0.7800000000000011,PASS,matching track
2,2026-05-19 05:02:09.947204,09:16:11+00:00,37.42077666666667,-122.08262166666667,16.260559999999998,93.91,True,3.9457405571627375,True,1.0,True,0.730000000000004,PASS,matching track
2,2026-05-19 05:02:10.449440,09:16:12+00:00,37.42077333333334,-122.08257,16.27908,93.96,True,4.135071599627709,True,1.0,True,0.6800000000000068,PASS,matching track
2,2026-05-19 05:02:10.951964,09:16:13+00:00,37.42077,-122.08252,16.297600000000003,94.02,True,3.993150106952242,True,1.0,True,0.6000000000000085,PASS,matching track
2,2026-05-19 05:02:11.455269,09:16:14+00:00,37.420766666666665,-122.08246833333334,16.31612,94.08,True,4.1350719383051455,True,1.0,True,0.4899999999999949,PASS,matching track
2,2026-05-19 05:02:11.958395,09:16:15+00:00,37.42076333333333,-122.08241833333334,16.353160000000003,94.15,True,3.9931504319034063,True,1.0,True,0.4199999999999875,PASS,matching track
2,2026-05-19 05:02:12.461145,09:16:16+00:00,37.42076,-122.08236833333333,16.37168,94.2,True,3.9931505947324037,True,1.0,True,0.36999999999999034,PASS,matching track
2,2026-05-19 05:02:12.966301,09:16:17+00:00,37.42075666666667,-122.082315,16.3902,94.22,True,4.277373764080013,True,1.0,True,0.3499999999999943,PASS,matching track
2,2026-05-19 05:02:13.469705,09:16:18+00:00,37.42075333333333,-122.082265,16.40872,94.29,True,4.135072618838567,True,1.0,True,0.2799999999999869,PASS,matching track
2,2026-05-19 05:02:13.972545,09:16:19+00:00,37.42075,-122.08221333333333,16.427239999999998,94.37,True,4.277374117542238,True,1.0,True,0.19999999999998863,PASS,matching track
2,2026-05-19 05:02:14.475292,09:16:20+00:00,37.420746666666666,-122.08216333333333,16.445760000000003,94.44,True,4.135072959282352,True,1.0,True,0.12999999999999545,PASS,matching track
2,2026-05-19 05:02:14.978289,09:16:21+00:00,37.420743333333334,-122.08211,16.445760000000003,94.52,True,4.420018774538265,True,1.0,True,0.04999999999999716,PASS,matching track
2,2026-05-19 05:02:15.480894,09:16:22+00:00,37.42074,-122.08206,16.464280000000002,94.61,True,4.277374647558995,True,1.0,True,0.01999999999999602,PASS,matching track
2,2026-05-19 05:02:15.983899,09:16:23+00:00,37.42073666666667,-122.08200833333333,16.464280000000002,94.81,True,4.420019140665393,True,1.0,True,0.10000000000000853,PASS,matching track
2,2026-05-19 05:02:16.486551,09:16:24+00:00,37.42073333333333,-122.08195833333333,16.4828,94.89,True,4.2773750006677185,True,1.0,True,0.18000000000000682,PASS,matching track
2,2026-05-19 05:02:16.988758,09:16:25+00:00,37.42073,-122.08190666666667,16.4828,94.96,True,4.420019506792911,True,1.0,True,0.25,PASS,matching track
2,2026-05-19 05:02:17.493309,09:16:26+00:00,37.42072666666667,-122.081855,16.4828,94.46,True,4.5629748224936595,True,1.0,True,0.25,PASS,matching track
2,2026-05-19 05:02:17.995693,09:16:27+00:00,37.420723333333335,-122.081805,16.4828,94.39,True,4.420019872920423,True,1.0,True,0.2600000000000051,PASS,matching track
2,2026-05-19 05:02:18.499214,09:16:28+00:00,37.420721666666665,-122.08175166666666,16.4828,94.46,True,4.666054191533898,True,1.0,True,0.25,PASS,matching track
2,2026-05-19 05:02:19.002086,09:16:29+00:00,37.42071833333333,-122.08170166666666,16.4828,94.52,True,4.562975297662526,True,1.0,True,0.39000000000000057,PASS,matching track
2,2026-05-19 05:02:19.505009,09:16:30+00:00,37.420715,-122.08165,16.464280000000002,94.59,True,4.706213116220298,True,1.0,True,0.6000000000000085,PASS,matching track
2,2026-05-19 05:02:20.007738,09:16:31+00:00,37.420715,-122.0816,16.464280000000002,94.65,True,4.487362749829915,True,1.0,True,0.6600000000000108,PASS,matching track
2,2026-05-19 05:02:20.510868,09:16:32+00:00,37.42071166666667,-122.08154666666667,16.445760000000003,94.7,True,4.810747868712591,True,1.0,True,0.710000000000008,PASS,matching track
2,2026-05-19 05:02:21.013599,09:16:33+00:00,37.42070833333333,-122.08149666666667,16.427239999999998,94.75,True,4.666054984725907,True,1.0,True,0.7600000000000051,PASS,matching track
2,2026-05-19 05:02:21.515940,09:16:34+00:00,37.42070666666667,-122.081445,16.427239999999998,94.8,True,4.7786351328820444,True,1.0,True,0.7599999999999909,PASS,matching track
2,2026-05-19 05:02:22.019225,09:16:35+00:00,37.420703333333336,-122.08139333333334,16.40872,94.84,True,4.8107483808625595,True,1.0,True,0.7400000000000091,PASS,matching track
2,2026-05-19 05:02:22.522018,09:16:36+00:00,37.4207,-122.08134333333334,16.3902,94.88,True,4.810748585580988,True,1.0,True,0.7800000000000011,PASS,matching track
2,2026-05-19 05:02:23.024849,09:16:37+00:00,37.4207,-122.08129166666667,16.37168,94.96,True,4.9000617240335815,True,1.0,True,0.8599999999999994,PASS,matching track
2,2026-05-19 05:02:23.527469,09:16:38+00:00,37.420696666666664,-122.08124166666667,16.33464,95.05,True,4.778635753062182,True,1.0,True,0.8599999999999994,PASS,matching track
2,2026-05-19 05:02:24.029902,09:16:39+00:00,37.42069333333333,-122.08118833333333,16.31612,95.07,True,0.576848451362851,True,1.0,True,0.8299999999999983,PASS,matching track
2,2026-05-19 05:02:24.533331,09:16:40+00:00,37.42069,-122.08113833333333,16.297600000000003,95.09,True,4.92444141917237,True,1.0,True,0.8500000000000085,PASS,matching track
2,2026-05-19 05:02:25.035536,09:16:41+00:00,37.42069,-122.08108666666666,16.27908,95.19,True,0.47969354755579297,True,1.0,True,0.9500000000000028,PASS,matching track
2,2026-05-19 05:02:25.538669,09:16:42+00:00,37.42068666666667,-122.08103666666666,16.24204,95.24,True,4.900062582764123,True,1.0,True,1.0,PASS,matching track
2,2026-05-19 05:02:26.041165,09:16:43+00:00,37.420683333333336,-122.08098333333334,16.22352,95.13,True,0.6184373085151682,True,1.0,True,0.8900000000000006,PASS,matching track
2,2026-05-19 05:02:26.543988,09:16:44+00:00,37.42068,-122.08093333333333,16.205000000000002,95.06,True,0.618437333483743,True,1.0,True,0.8200000000000074,PASS,matching track
2,2026-05-19 05:02:27.046542,09:16:45+00:00,37.42068,-122.08088166666667,16.16796,95.05,True,0.5901259681028531,True,1.0,True,0.8100000000000023,PASS,matching track
2,2026-05-19 05:02:27.549267,09:16:46+00:00,37.420676666666665,-122.08083166666667,16.149440000000002,94.89,True,0.5901259942602011,True,1.0,True,0.7600000000000051,PASS,matching track
2,2026-05-19 05:02:28.051854,09:16:47+00:00,37.42067333333333,-122.08078,16.130920000000003,94.14,True,0.5901260204175467,True,1.0,True,0.07000000000000739,PASS,matching track
2,2026-05-19 05:02:28.555226,09:16:48+00:00,37.420671666666664,-122.08073,16.09388,94.5,True,0.5901260334962188,True,1.0,True,0.4300000000000068,PASS,matching track
2,2026-05-19 05:02:29.058134,09:16:49+00:00,37.42067,-122.08067666666666,16.07536,94.7,True,0.7604963978571807,True,1.0,True,0.769999999999996,PASS,matching track
2,2026-05-19 05:02:29.561164,09:16:50+00:00,37.42066833333333,-122.08062666666666,16.05684,94.66,True,0.7604964136842179,True,1.0,True,0.11999999999999034,PASS,matching track
2,2026-05-19 05:02:30.064735,09:16:51+00:00,37.420665,-122.08057666666667,16.038320000000002,94.61,True,0.7604964449855047,True,1.0,True,0.060000000000002274,PASS,matching track
2,2026-05-19 05:02:30.567555,09:16:52+00:00,37.42066166666667,-122.080525,16.0198,94.56,True,0.7604964769935642,True,1.0,True,0.010000000000005116,PASS,matching track
2,2026-05-19 05:02:31.069590,09:16:53+00:00,37.42066166666667,-122.080475,16.00128,95.21,True,0.8252291546924295,True,1.0,True,0.5999999999999943,PASS,matching track
2,2026-05-19 05:02:31.572521,09:16:54+00:00,37.420658333333336,-122.08042333333333,15.982760000000003,95.16,True,0.8252291863330994,True,1.0,True,0.5,PASS,matching track
2,2026-05-19 05:02:32.076105,09:16:55+00:00,37.420655,-122.08037333333333,15.96424,95.1,True,0.8252292155032076,True,1.0,True,0.4399999999999977,PASS,matching track
2,2026-05-19 05:02:32.578788,09:16:56+00:00,37.420651666666664,-122.08032166666666,15.94572,95.09,True,0.8252292443189392,True,1.0,True,0.4300000000000068,PASS,matching track
2,2026-05-19 05:02:33.082212,09:16:57+00:00,37.42064833333333,-122.08027166666666,15.94572,95.07,True,0.8252292741940987,True,1.0,True,0.4099999999999966,PASS,matching track
2,2026-05-19 05:02:33.585264,09:16:58+00:00,37.42064666666667,-122.08022,15.94572,95.0,True,0.923083863238217,True,1.0,True,0.3400000000000034,PASS,matching track
2,2026-05-19 05:02:34.088613,09:16:59+00:00,37.42064333333333,-122.08017,15.927200000000001,94.93,True,0.9230838870891405,True,1.0,True,0.27000000000001023,PASS,matching track
2,2026-05-19 05:02:34.591738,09:17:00+00:00,37.420695,-122.08018,15.927200000000001,94.85,False,6.2909109303682085,True,1.0,True,0.18999999999999773,FAIL,distance is over tolerance: 6.29m
2,2026-05-19 05:02:35.095527,09:17:01+00:00,37.42069166666667,-122.08013,15.927200000000001,94.78,False,6.296098550086618,True,1.0,True,0.12000000000000455,FAIL,distance is over tolerance: 6.30m
2,2026-05-19 05:02:35.599790,09:17:02+00:00,37.42068833333333,-122.08008,15.927200000000001,94.7,False,6.296098547134788,True,1.0,True,0.04000000000000625,FAIL,distance is over tolerance: 6.30m
2,2026-05-19 05:02:36.103346,09:17:03+00:00,37.420685,-122.08002833333333,15.927200000000001,94.62,False,6.29091092080683,True,1.0,True,0.03999999999999204,FAIL,distance is over tolerance: 6.29m
2,2026-05-19 05:02:36.607209,09:17:04+00:00,37.42068166666667,-122.07997833333333,15.94572,94.55,False,6.29609854052214,True,1.0,True,0.10999999999999943,FAIL,distance is over tolerance: 6.30m
2,2026-05-19 05:02:37.111517,09:17:05+00:00,37.420678333333335,-122.07992666666667,15.94572,94.47,False,6.290910913136314,True,1.0,True,0.18999999999999773,FAIL,distance is over tolerance: 6.29m
2,2026-05-19 05:02:37.615474,09:17:06+00:00,37.420675,-122.07987666666666,15.96424,94.4,False,6.296098536384429,True,1.0,True,0.25,FAIL,distance is over tolerance: 6.30m
2,2026-05-19 05:02:38.118548,09:17:07+00:00,37.42067333333333,-122.079825,15.96424,93.81,False,6.475837393488467,True,1.0,True,0.28000000000000114,FAIL,distance is over tolerance: 6.48m
2,2026-05-19 05:02:38.621636,09:17:08+00:00,37.420671666666664,-122.079775,15.982760000000003,93.68,False,6.665666406688454,True,1.0,True,0.4099999999999966,FAIL,distance is over tolerance: 6.67m
2,2026-05-19 05:02:39.125226,09:17:09+00:00,37.42066833333333,-122.079725,16.00128,93.61,False,6.480876989046878,True,1.0,True,0.480000000000004,FAIL,distance is over tolerance: 6.48m
2,2026-05-19 05:02:39.628535,09:17:10+00:00,37.420665,-122.079675,16.0198,93.55,False,6.489267629202537,True,1.0,True,0.5400000000000063,FAIL,distance is over tolerance: 6.49m
2,2026-05-19 05:02:40.132053,09:17:11+00:00,37.42066166666667,-122.079625,16.038320000000002,94.05,False,6.48926762550912,True,1.0,True,0.04000000000000625,FAIL,distance is over tolerance: 6.49m
2,2026-05-19 05:02:40.636190,09:17:12+00:00,37.420658333333336,-122.07957333333333,16.05684,94.9,False,6.480876980084614,True,1.0,True,0.2400000000000091,FAIL,distance is over tolerance: 6.48m
2,2026-05-19 05:02:41.140438,09:17:13+00:00,37.420655,-122.07952333333333,16.07536,94.85,False,6.489267620590659,True,1.0,True,0.18999999999999773,FAIL,distance is over tolerance: 6.49m
2,2026-05-19 05:02:41.644331,09:17:14+00:00,37.420651666666664,-122.07947166666666,16.09388,94.8,False,6.480876974462084,True,1.0,True,0.14000000000000057,FAIL,distance is over tolerance: 6.48m
2,2026-05-19 05:02:42.147251,09:17:15+00:00,37.42064666666667,-122.07942333333334,16.130920000000003,94.75,False,6.316806423590346,True,1.0,True,0.8199999999999932,FAIL,distance is over tolerance: 6.32m
2,2026-05-19 05:02:42.650834,09:17:16+00:00,37.420588333333335,-122.07931166666667,16.149440000000002,94.71,True,4.882581027868357,True,1.0,True,0.8599999999999994,PASS,matching track
2,2026-05-19 05:02:43.153594,09:17:17+00:00,37.420585,-122.07926,16.16796,94.67,True,0.8621761628427662,True,1.0,True,0.8999999999999915,PASS,matching track
2,2026-05-19 05:02:43.656993,09:17:18+00:00,37.42058,-122.07921,16.205000000000002,94.64,True,4.8720584940348575,True,1.0,True,0.9299999999999926,PASS,matching track
2,2026-05-19 05:02:44.159541,09:17:19+00:00,37.42057666666667,-122.07915833333334,16.22352,94.62,True,0.86217618752019,True,1.0,True,0.9499999999999886,PASS,matching track
2,2026-05-19 05:02:44.663339,09:17:20+00:00,37.42057333333333,-122.07910833333334,16.24204,94.6,True,4.882581994794487,True,1.0,True,0.9699999999999989,PASS,matching track
2,2026-05-19 05:02:45.166286,09:17:21+00:00,37.420568333333335,-122.07906,16.27908,94.58,True,4.724637226147598,True,1.0,True,0.14000000000000057,PASS,matching track
2,2026-05-19 05:02:45.669678,09:17:22+00:00,37.420565,-122.07900833333333,16.297600000000003,94.57,True,4.882582534291641,True,1.0,True,0.15000000000000568,PASS,matching track
2,2026-05-19 05:02:46.172733,09:17:23+00:00,37.420561666666664,-122.07895833333333,16.31612,94.57,True,4.735488318654674,True,1.0,True,0.15000000000000568,PASS,matching track
2,2026-05-19 05:02:46.674882,09:17:24+00:00,37.42055666666667,-122.07890833333333,16.353160000000003,93.72,True,4.724637957999909,True,1.0,True,0.5400000000000063,PASS,matching track
2,2026-05-19 05:02:47.177831,09:17:25+00:00,37.42055166666667,-122.07885833333333,16.37168,93.27,True,4.577223283347147,True,1.0,True,0.9900000000000091,PASS,matching track
2,2026-05-19 05:02:47.680873,09:17:26+00:00,37.420548333333336,-122.07880666666667,16.3902,93.29,True,4.724638480833596,True,1.0,True,0.9699999999999989,PASS,matching track
2,2026-05-19 05:02:48.183462,09:17:27+00:00,37.42054666666667,-122.07875666666666,16.40872,93.46,True,4.588422875271435,True,1.0,True,0.8000000000000114,PASS,matching track
2,2026-05-19 05:02:48.686378,09:17:28+00:00,37.420543333333335,-122.07870833333334,16.427239999999998,93.56,True,4.429816560543354,True,1.0,True,0.7000000000000028,PASS,matching track
2,2026-05-19 05:02:49.188782,09:17:29+00:00,37.42054,-122.07865666666666,16.427239999999998,93.6,True,4.577223993656603,True,1.0,True,0.6600000000000108,PASS,matching track
2,2026-05-19 05:02:49.692338,09:17:30+00:00,37.420535,-122.07860666666667,16.445760000000003,93.63,True,4.4259532952211575,True,1.0,True,0.7800000000000011,PASS,matching track
2,2026-05-19 05:02:50.195051,09:17:31+00:00,37.42053166666667,-122.07855666666667,16.464280000000002,93.68,True,4.425953492658545,True,1.0,True,0.8099999999999881,PASS,matching track
2,2026-05-19 05:02:50.698461,09:17:32+00:00,37.42052833333333,-122.07850666666667,16.464280000000002,93.72,True,4.278421898329505,True,1.0,True,0.769999999999996,PASS,matching track
2,2026-05-19 05:02:51.201161,09:17:33+00:00,37.420525,-122.078455,16.4828,93.77,True,4.425953885017411,True,1.0,True,0.6099999999999994,PASS,matching track
2,2026-05-19 05:02:51.704805,09:17:34+00:00,37.420521666666666,-122.078405,16.4828,93.83,True,4.278422277609713,True,1.0,True,0.6599999999999966,PASS,matching track
2,2026-05-19 05:02:52.207718,09:17:35+00:00,37.420516666666664,-122.078355,16.4828,93.89,True,4.282419327837011,True,1.0,True,0.5999999999999943,PASS,matching track
2,2026-05-19 05:02:52.710367,09:17:36+00:00,37.420515,-122.078305,16.464280000000002,92.62,True,4.130890841482058,True,1.0,True,0.539999999999992,PASS,matching track
2,2026-05-19 05:02:53.213305,09:17:37+00:00,37.42051166666667,-122.07825333333334,16.464280000000002,94.91,True,4.2824196110392405,True,1.0,True,0.4200000000000017,PASS,matching track
2,2026-05-19 05:02:53.716789,09:17:38+00:00,37.42050833333333,-122.07820333333333,16.4828,96.42,True,4.135030577190695,True,1.0,True,0.3999999999999915,PASS,matching track
2,2026-05-19 05:02:54.219488,09:17:39+00:00,37.42050166666667,-122.078155,16.464280000000002,96.49,True,4.021827749917658,True,1.0,True,0.3299999999999983,PASS,matching track
2,2026-05-19 05:02:54.721716,09:17:40+00:00,37.420496666666665,-122.07810333333333,16.464280000000002,96.56,True,4.1679984503640215,True,1.0,True,0.2599999999999909,PASS,matching track
2,2026-05-19 05:02:55.224031,09:17:41+00:00,37.42049166666666,-122.07805333333333,16.445760000000003,97.55,True,4.021828274602702,True,1.0,True,0.18000000000000682,PASS,matching track
2,2026-05-19 05:02:55.727317,09:17:42+00:00,37.42048666666667,-122.07800333333333,16.427239999999998,97.93,True,4.021828537386478,True,1.0,True,0.09999999999999432,PASS,matching track
2,2026-05-19 05:02:56.230085,09:17:43+00:00,37.42048,-122.077955,12.260240000000001,76.51,True,3.906538123135746,True,1.0,True,0.030000000000001137,PASS,matching track
2,2026-05-19 05:02:56.733568,09:17:44+00:00,37.42048666666667,-122.07791833333333,16.40872,0.54,True,2.712935092808824,True,1.0,True,0.050000000000000044,PASS,matching track
2,2026-05-19 05:02:57.237291,09:17:45+00:00,37.42052666666667,-122.07791666666667,16.3902,0.62,True,4.2774056395114375,True,1.0,True,0.13,PASS,matching track
2,2026-05-19 05:02:57.740185,09:17:46+00:00,37.420568333333335,-122.07791666666667,16.37168,0.2,True,4.478472320276509,True,1.0,True,0.2,PASS,matching track
2,2026-05-19 05:02:58.242941,09:17:47+00:00,37.420606666666664,-122.07791666666667,16.353160000000003,0.28,True,4.11203531577227,True,1.0,True,0.20999999999999996,PASS,matching track
2,2026-05-19 05:02:58.745313,09:17:48+00:00,37.42064833333333,-122.07791833333333,16.31612,1.47,True,4.317921750226348,True,1.0,True,0.34999999999999987,PASS,matching track
2,2026-05-19 05:02:59.247755,09:17:49+00:00,37.42068833333333,-122.07791666666667,16.297600000000003,0.42,True,4.112035278578615,True,1.0,True,0.06,PASS,matching track
2,2026-05-19 05:02:59.750526,09:17:50+00:00,37.42072833333334,-122.07791666666667,16.27908,0.49,True,4.135785742294302,True,1.0,True,0.010000000000000009,PASS,matching track
2,2026-05-19 05:03:00.253461,09:17:51+00:00,37.420768333333335,-122.07791666666667,16.24204,0.55,True,4.135785697945007,True,1.0,True,0.07000000000000006,PASS,matching track
2,2026-05-19 05:03:00.755785,09:17:52+00:00,37.42080833333333,-122.07791666666667,16.22352,1.1,True,3.953913409330413,True,1.0,True,0.42000000000000004,PASS,matching track
2,2026-05-19 05:03:01.259056,09:17:53+00:00,37.42085,-122.07791666666667,16.205000000000002,1.36,True,4.1357856124570445,True,1.0,True,0.68,PASS,matching track
2,2026-05-19 05:03:01.761712,09:17:54+00:00,37.42089,-122.07791666666667,16.16796,1.41,True,3.9539133124049983,True,1.0,True,0.7299999999999999,PASS,matching track
2,2026-05-19 05:03:02.264215,09:17:55+00:00,37.42093166666667,-122.077915,16.149440000000002,1.17,True,4.112035171909788,True,1.0,True,0.4899999999999999,PASS,matching track
2,2026-05-19 05:03:02.767815,09:17:56+00:00,37.42097166666667,-122.077915,16.130920000000003,0.83,True,3.9539132161860047,True,1.0,True,0.1499999999999999,PASS,matching track
2,2026-05-19 05:03:03.271270,09:17:57+00:00,37.42101,-122.077915,16.09388,0.87,True,3.7723427327596384,True,1.0,True,0.18999999999999995,PASS,matching track
2,2026-05-19 05:03:03.774699,09:17:58+00:00,37.42105166666666,-122.077915,16.07536,0.29,True,3.9539131217135637,True,1.0,True,0.10000000000000003,PASS,matching track
2,2026-05-19 05:03:04.277284,09:17:59+00:00,37.42109166666667,-122.07791666666667,16.05684,358.09,True,3.8039436549102636,True,1.0,True,0.92999999999995,PASS,matching track
2,2026-05-19 05:03:04.781132,09:18:00+00:00,37.42113333333333,-122.07791833333333,16.038320000000002,357.25,True,3.9840740930426297,True,1.0,True,0.08999999999997499,PASS,matching track
2,2026-05-19 05:03:05.284048,09:18:01+00:00,37.421173333333336,-122.07792166666667,16.0198,356.68,True,3.8409548885324343,True,1.0,True,0.38999999999998636,PASS,matching track
2,2026-05-19 05:03:05.786569,09:18:02+00:00,37.421213333333334,-122.077925,16.00128,353.92,True,3.8409547664922057,True,1.0,True,0.6800000000000068,PASS,matching track
2,2026-05-19 05:03:06.288943,09:18:03+00:00,37.421255,-122.07793166666667,15.982760000000003,354.07,True,4.105152774673033,True,1.0,True,0.8299999999999841,PASS,matching track
2,2026-05-19 05:03:06.791901,09:18:04+00:00,37.421295,-122.07793833333334,15.96424,354.24,True,3.930574743475964,True,1.0,True,1.0,PASS,matching track
2,2026-05-19 05:03:07.294746,09:18:05+00:00,37.421335,-122.07794333333334,15.96424,354.21,True,3.8832213679507626,True,1.0,True,0.20999999999997954,PASS,matching track
2,2026-05-19 05:03:07.797889,09:18:06+00:00,37.421375,-122.07795,15.94572,354.2,True,3.9305743125501977,True,1.0,True,0.18999999999999773,PASS,matching track
2,2026-05-19 05:03:08.300636,09:18:07+00:00,37.421416666666666,-122.07795666666667,15.94572,354.1,True,4.105151952239337,True,1.0,True,0.009999999999990905,PASS,matching track
2,2026-05-19 05:03:08.805139,09:18:08+00:00,37.421456666666664,-122.07796166666667,15.927200000000001,354.95,True,3.883220860103498,True,1.0,True,0.5600000000000023,PASS,matching track
2,2026-05-19 05:03:09.307977,09:18:09+00:00,37.42149666666667,-122.07796833333333,15.927200000000001,355.31,True,3.930573658406163,True,1.0,True,0.6200000000000045,PASS,matching track
2,2026-05-19 05:03:09.810217,09:18:10+00:00,37.42153666666667,-122.07797333333333,15.927200000000001,355.0,True,3.8832205268302493,True,1.0,True,0.6100000000000136,PASS,matching track
2,2026-05-19 05:03:10.313445,09:18:11+00:00,37.421578333333336,-122.07797666666667,15.927200000000001,354.96,True,4.0194259293079355,True,1.0,True,0.5699999999999932,PASS,matching track
2,2026-05-19 05:03:10.816670,09:18:12+00:00,37.421618333333335,-122.07798166666667,15.90868,356.74,True,3.840953515389181,True,1.0,True,0.37999999999999545,PASS,matching track
2,2026-05-19 05:03:11.320402,09:18:13+00:00,37.42165833333333,-122.077985,15.94572,357.88,True,3.8039424483209894,True,1.0,True,0.5500000000000114,PASS,matching track
2,2026-05-19 05:03:11.823450,09:18:14+00:00,37.4217,-122.07798833333334,15.94572,357.97,True,3.984072975958726,True,1.0,True,0.03000000000002956,PASS,matching track
2,2026-05-19 05:03:12.325837,09:18:15+00:00,37.42174,-122.07799,15.94572,357.98,True,3.7723417815135374,True,1.0,True,0.040000000000020464,PASS,matching track
2,2026-05-19 05:03:12.828525,09:18:16+00:00,37.42178166666667,-122.07799166666666,15.96424,357.92,True,3.9539122581600354,True,1.0,True,0.01999999999998181,PASS,matching track
2,2026-05-19 05:03:13.330724,09:18:17+00:00,37.421821666666666,-122.07799333333334,15.982760000000003,358.47,True,3.7462885246877162,True,1.0,True,0.5300000000000296,PASS,matching track
2,2026-05-19 05:03:13.832927,09:18:18+00:00,37.421863333333334,-122.077995,16.00128,359.71,True,3.9290631952693684,True,1.0,True,0.2699999999999818,PASS,matching track
2,2026-05-19 05:03:14.335151,09:18:19+00:00,37.421905,-122.07799666666666,16.0198,359.7,True,4.112034739941465,True,1.0,True,0.2599999999999909,PASS,matching track
2,2026-05-19 05:03:14.837857,09:18:20+00:00,37.421945,-122.077995,16.038320000000002,359.76,True,3.8956847176441234,True,1.0,True,0.2400000000000091,PASS,matching track
2,2026-05-19 05:03:15.340174,09:18:21+00:00,37.42198666666667,-122.077995,16.05684,0.24,True,4.080153410438156,True,1.0,True,0.24,PASS,matching track
2,2026-05-19 05:03:15.842950,09:18:22+00:00,37.42202666666667,-122.077995,16.07536,1.24,True,3.895684747992668,True,1.0,True,0.16999999999999993,PASS,matching track
2,2026-05-19 05:03:16.346462,09:18:23+00:00,37.422066666666666,-122.077995,16.09388,2.26,True,3.8956847603343596,True,1.0,True,0.08999999999999986,PASS,matching track
2,2026-05-19 05:03:16.849068,09:18:24+00:00,37.42211,-122.07799,16.130920000000003,2.08,True,4.257003954173552,True,1.0,True,0.020000000000000018,PASS,matching track
2,2026-05-19 05:03:17.351790,09:18:25+00:00,37.42215,-122.07798833333334,16.149440000000002,1.91,True,4.069470923558297,True,1.0,True,0.06000000000000005,PASS,matching track
2,2026-05-19 05:03:17.854949,09:18:26+00:00,37.42219166666667,-122.07798666666666,16.16796,2.78,True,4.254446902902137,True,1.0,True,0.14000000000000012,PASS,matching track
2,2026-05-19 05:03:18.357725,09:18:27+00:00,37.42223166666667,-122.077985,16.205000000000002,3.26,True,4.069470978737408,True,1.0,True,0.2100000000000004,PASS,matching track
2,2026-05-19 05:03:18.860458,09:18:28+00:00,37.42227333333334,-122.07798,16.22352,3.35,True,4.264666162310423,True,1.0,True,0.1200000000000001,PASS,matching track
2,2026-05-19 05:03:19.363276,09:18:29+00:00,37.422315,-122.07797666666667,16.24204,4.45,True,4.449217295215793,True,1.0,True,0.05999999999999961,PASS,matching track
2,2026-05-19 05:03:19.865969,09:18:30+00:00,37.422355,-122.07797166666667,16.27908,4.08,True,4.277405839212986,True,1.0,True,0.11000000000000032,PASS,matching track
2,2026-05-19 05:03:20.368687,09:18:31+00:00,37.422396666666664,-122.07796666666667,16.297600000000003,3.69,True,4.461430004793142,True,1.0,True,0.04999999999999982,PASS,matching track
2,2026-05-19 05:03:20.871579,09:18:32+00:00,37.42243833333333,-122.07796333333333,16.31612,3.63,True,4.461430010357887,True,1.0,True,0.3200000000000003,PASS,matching track
2,2026-05-19 05:03:21.374604,09:18:33+00:00,37.42247833333333,-122.07795833333333,16.33464,3.76,True,4.478471769668992,True,1.0,True,0.1900000000000004,PASS,matching track
2,2026-05-19 05:03:21.878046,09:18:34+00:00,37.42252,-122.077955,16.37168,4.21,True,4.645529798029542,True,1.0,True,0.019999999999999574,PASS,matching track
2,2026-05-19 05:03:22.380820,09:18:35+00:00,37.42256,-122.07794833333334,16.3902,3.21,True,4.500287697205139,True,1.0,True,0.04999999999999982,PASS,matching track
2,2026-05-19 05:03:22.883541,09:18:36+00:00,37.422601666666665,-122.077945,16.40872,2.71,True,4.661898577859284,True,1.0,True,0.08999999999999986,PASS,matching track
2,2026-05-19 05:03:23.386274,09:18:37+00:00,37.42264333333333,-122.07794166666666,16.427239999999998,2.67,True,4.845443197848829,True,1.0,True,0.1299999999999999,PASS,matching track
2,2026-05-19 05:03:23.889603,09:18:38+00:00,37.42268333333333,-122.07794,16.427239999999998,2.29,True,4.645529833148495,True,1.0,True,0.08000000000000007,PASS,matching track
2,2026-05-19 05:03:24.393087,09:18:39+00:00,37.42272333333333,-122.077935,16.445760000000003,1.89,True,4.682859963708443,True,1.0,True,0.17999999999999994,PASS,matching track
2,2026-05-19 05:03:24.896070,09:18:40+00:00,37.42276666666667,-122.07793166666667,16.464280000000002,1.27,True,0.5768391865920208,True,1.0,True,0.7999999999999998,PASS,matching track
2,2026-05-19 05:03:25.399591,09:18:41+00:00,37.422806666666666,-122.07793,16.464280000000002,1.15,True,4.845443173690388,True,1.0,True,0.9199999999999999,PASS,matching track
2,2026-05-19 05:03:25.902886,09:18:42+00:00,37.422848333333334,-122.07792833333333,16.4828,1.09,True,0.576838820755691,True,1.0,True,0.9799999999999998,PASS,matching track
2,2026-05-19 05:03:26.406623,09:18:43+00:00,37.42288833333333,-122.077925,16.4828,1.55,True,4.865613826371162,True,1.0,True,0.22999999999999998,PASS,matching track
2,2026-05-19 05:03:26.909349,09:18:44+00:00,37.42292833333333,-122.07792333333333,16.4828,1.72,True,4.8656137992149855,True,1.0,True,0.06000000000000005,PASS,matching track
2,2026-05-19 05:03:27.411996,09:18:45+00:00,37.42297166666667,-122.07792,16.4828,1.1,True,0.8100447314843064,True,1.0,True,0.2999999999999998,PASS,matching track
2,2026-05-19 05:03:27.914542,09:18:46+00:00,37.42301166666667,-122.07791833333333,16.4828,0.79,True,0.8100445061408973,True,1.0,True,0.1499999999999999,PASS,matching track
2,2026-05-19 05:03:28.417702,09:18:47+00:00,37.423053333333336,-122.07791666666667,16.4828,0.42,True,0.810044270978204,True,1.0,True,0.38000000000000006,PASS,matching track
2,2026-05-19 05:03:28.922450,09:18:48+00:00,37.423093333333334,-122.07791333333333,16.464280000000002,0.51,True,0.9230648214916859,True,1.0,True,0.29000000000000004,PASS,matching track
2,2026-05-19 05:03:29.425019,09:18:49+00:00,37.423135,-122.07791333333333,16.464280000000002,360.0,True,0.9230644975618117,True,1.0,True,0.10000000000002274,PASS,matching track
2,2026-05-19 05:03:29.927411,09:18:50+00:00,37.42317666666667,-122.07791166666667,16.445760000000003,359.88,True,1.0447776232421988,True,1.0,True,0.13999999999998636,PASS,matching track
2,2026-05-19 05:03:30.429735,09:18:51+00:00,37.42321666666667,-122.07791166666667,16.445760000000003,359.22,True,1.0447773479064952,True,1.0,True,0.5199999999999818,PASS,matching track
2,2026-05-19 05:03:30.932564,09:18:52+00:00,37.42325833333334,-122.07791166666667,16.427239999999998,358.9,True,1.04477706418638,True,1.0,True,0.8400000000000318,PASS,matching track
2,2026-05-19 05:03:31.435932,09:18:53+00:00,37.423298333333335,-122.07791166666667,16.40872,358.94,True,1.0447767906153627,True,1.0,True,0.8000000000000114,PASS,matching track
2,2026-05-19 05:03:31.939175,09:18:54+00:00,37.42334,-122.07791166666667,16.3902,358.99,True,1.0447765044241093,True,1.0,True,0.75,PASS,matching track
2,2026-05-19 05:03:32.443035,09:18:55+00:00,37.42338,-122.07791166666667,11.112,302.39,True,1.0447762326202736,True,1.0,True,0.6999999999999886,PASS,matching track
2,2026-05-19 05:03:32.946821,09:18:56+00:00,37.423395,-122.07794,16.353160000000003,262.88,True,2.9860569811415067,True,1.0,True,0.5900000000000318,PASS,matching track
2,2026-05-19 05:03:33.449547,09:18:57+00:00,37.42339,-122.07799166666666,16.31612,262.93,True,3.8401382540321265,True,1.0,True,0.5400000000000205,PASS,matching track
2,2026-05-19 05:03:33.952096,09:18:58+00:00,37.423386666666666,-122.07804166666666,16.297600000000003,262.95,True,3.706662791064699,True,1.0,True,0.5200000000000387,PASS,matching track
2,2026-05-19 05:03:34.456150,09:18:59+00:00,37.423381666666664,-122.07809166666667,16.27908,263.02,True,3.692790571202092,True,1.0,True,0.4500000000000455,PASS,matching track
2,2026-05-19 05:03:34.958554,09:19:00+00:00,37.42337666666667,-122.07814333333333,16.24204,320.15,True,3.8401389326682454,True,1.0,False,51.27999999999997,FAIL,heading is over tolerance: 51.28deg
2,2026-05-19 05:03:35.461347,09:19:01+00:00,37.42337333333333,-122.07819333333333,16.22352,323.51,True,3.7066634417132547,True,1.0,False,54.639999999999986,FAIL,heading is over tolerance: 54.64deg
2,2026-05-19 05:03:35.964602,09:19:02+00:00,37.42337166666667,-122.078245,16.205000000000002,323.63,True,3.8756158950330755,True,1.0,False,54.75999999999999,FAIL,heading is over tolerance: 54.76deg
2,2026-05-19 05:03:36.468983,09:19:03+00:00,37.42337166666667,-122.078295,16.18648,323.87,True,3.7616417264509687,True,1.0,False,55.0,FAIL,heading is over tolerance: 55.00deg
2,2026-05-19 05:03:36.971458,09:19:04+00:00,37.42337,-122.07834666666666,16.149440000000002,323.87,True,3.8756159791084412,True,1.0,False,54.75999999999999,FAIL,heading is over tolerance: 54.76deg
2,2026-05-19 05:03:37.475314,09:19:05+00:00,37.42337,-122.07839666666666,16.130920000000003,323.87,True,3.7616418075342097,True,1.0,False,54.420000000000016,FAIL,heading is over tolerance: 54.42deg
2,2026-05-19 05:03:37.978368,09:19:06+00:00,37.423368333333336,-122.07844833333333,16.1124,323.87,True,3.875616063183921,True,1.0,False,54.420000000000016,FAIL,heading is over tolerance: 54.42deg
2,2026-05-19 05:03:38.482593,09:19:07+00:00,37.423368333333336,-122.07849833333333,16.07536,324.11,True,3.7616418872040067,True,1.0,False,54.660000000000025,FAIL,heading is over tolerance: 54.66deg
2,2026-05-19 05:03:38.985688,09:19:08+00:00,37.423368333333336,-122.07855,16.05684,324.45,True,3.9063938643100187,True,1.0,False,55.0,FAIL,heading is over tolerance: 55.00deg
2,2026-05-19 05:03:39.489875,09:19:09+00:00,37.423366666666666,-122.0786,16.038320000000002,324.45,True,3.72966984725466,True,1.0,False,55.0,FAIL,heading is over tolerance: 55.00deg
2,2026-05-19 05:03:39.992613,09:19:10+00:00,37.423366666666666,-122.07865166666667,16.0198,324.45,True,3.9063939482056624,True,1.0,False,55.0,FAIL,heading is over tolerance: 55.00deg
2,2026-05-19 05:03:40.496072,09:19:11+00:00,37.423366666666666,-122.07870333333334,16.00128,324.45,True,3.9063939482056624,True,1.0,False,55.0,FAIL,heading is over tolerance: 55.00deg
2,2026-05-19 05:03:40.998694,09:19:12+00:00,37.423365,-122.078755,15.96424,323.48,True,4.021677830092898,True,1.0,False,54.03000000000003,FAIL,heading is over tolerance: 54.03deg
2,2026-05-19 05:03:41.502838,09:19:13+00:00,37.423363333333334,-122.078805,15.96424,320.16,True,3.8534816631046773,True,1.0,False,50.710000000000036,FAIL,heading is over tolerance: 50.71deg
2,2026-05-19 05:03:42.005874,09:19:14+00:00,37.42336,-122.07885666666667,15.96424,320.16,True,3.9875011018193707,True,1.0,False,50.710000000000036,FAIL,heading is over tolerance: 50.71deg
2,2026-05-19 05:03:42.509885,09:19:15+00:00,37.42335666666666,-122.07890666666667,15.94572,320.16,True,3.8401399529188254,True,1.0,False,51.68000000000001,FAIL,heading is over tolerance: 51.68deg
2,2026-05-19 05:03:43.013080,09:19:16+00:00,37.42335333333333,-122.07896,15.94572,265.91,True,4.134874547739461,True,1.0,True,0.75,PASS,matching track
2,2026-05-19 05:03:43.516001,09:19:17+00:00,37.42334833333334,-122.07901,15.927200000000001,265.96,True,3.9832089439683593,True,1.0,True,0.7999999999999545,PASS,matching track
2,2026-05-19 05:03:44.018482,09:19:18+00:00,37.423345,-122.07906166666666,15.927200000000001,266.0,True,4.130735383892326,True,1.0,True,0.839999999999975,PASS,matching track
2,2026-05-19 05:03:44.521100,09:19:19+00:00,37.423341666666666,-122.07911166666666,15.927200000000001,266.04,True,3.983209297114194,True,1.0,True,0.8300000000000409,PASS,matching track
2,2026-05-19 05:03:45.024030,09:19:20+00:00,37.423338333333334,-122.079165,15.927200000000001,266.07,True,4.27826202780601,True,1.0,True,0.7099999999999795,PASS,matching track
2,2026-05-19 05:03:45.527114,09:19:21+00:00,37.423335,-122.079215,15.927200000000001,266.1,True,4.130735934488113,True,1.0,True,0.7400000000000091,PASS,matching track
2,2026-05-19 05:03:46.030195,09:19:22+00:00,37.42333,-122.079265,15.927200000000001,266.17,True,4.13487573791489,True,1.0,True,0.8100000000000023,PASS,matching track
2,2026-05-19 05:03:46.532922,09:19:23+00:00,37.42332666666667,-122.07931666666667,15.94572,266.34,True,4.2822596101494215,True,1.0,True,0.9799999999999613,PASS,matching track
2,2026-05-19 05:03:47.035733,09:19:24+00:00,37.423323333333336,-122.07936833333333,15.94572,266.35,True,4.282259799510399,True,1.0,True,0.9900000000000091,PASS,matching track
2,2026-05-19 05:03:47.538406,09:19:25+00:00,37.42332,-122.07942,15.96424,266.36,True,4.429653186015623,True,1.0,True,1.0,PASS,matching track
2,2026-05-19 05:03:48.040750,09:19:26+00:00,37.423315,-122.07947,15.982760000000003,266.36,True,4.294228800595724,True,1.0,True,1.0,PASS,matching track
2,2026-05-19 05:03:48.542828,09:19:27+00:00,37.42331166666666,-122.07952333333333,16.00128,266.35,True,4.588255074297888,True,1.0,True,0.9900000000000091,PASS,matching track
2,2026-05-19 05:03:49.045440,09:19:28+00:00,37.42330833333333,-122.07957333333333,16.0198,266.34,True,4.4412252067354325,True,1.0,True,0.9799999999999613,PASS,matching track
2,2026-05-19 05:03:49.548225,09:19:29+00:00,37.42330333333334,-122.07962333333333,16.038320000000002,266.32,True,4.4604443827456155,True,1.0,True,0.9599999999999795,PASS,matching track
2,2026-05-19 05:03:50.051486,09:19:30+00:00,37.4233,-122.079675,16.05684,266.3,True,4.606861321443598,True,1.0,True,0.9399999999999977,PASS,matching track
2,2026-05-19 05:03:50.554556,09:19:31+00:00,37.423296666666666,-122.07972666666667,16.07536,266.27,True,4.606861523550671,True,1.0,True,0.9099999999999682,PASS,matching track
2,2026-05-19 05:03:51.057624,09:19:32+00:00,37.42329333333333,-122.07977833333334,16.09388,266.24,True,4.753347099593588,True,1.0,True,0.8799999999999955,PASS,matching track
2,2026-05-19 05:03:51.560948,09:19:33+00:00,37.42329,-122.07982833333334,16.1124,266.2,True,4.606861925115383,True,1.0,True,0.839999999999975,PASS,matching track
2,2026-05-19 05:03:52.063685,09:19:34+00:00,37.423285,-122.07988166666667,16.149440000000002,264.86,True,4.924275371316217,True,1.0,True,0.5,PASS,matching track
2,2026-05-19 05:03:52.566942,09:19:35+00:00,37.42328,-122.07993166666667,16.16796,264.72,True,4.810589714021644,True,1.0,True,0.6399999999999864,PASS,matching track
2,2026-05-19 05:03:53.069395,09:19:36+00:00,37.423276666666666,-122.07998166666667,16.18648,264.67,True,4.778475786335507,True,1.0,True,0.6000000000000227,PASS,matching track
2,2026-05-19 05:03:53.573046,09:19:37+00:00,37.423271666666665,-122.08003333333333,16.22352,264.61,True,4.955445575592738,True,1.0,True,0.5400000000000205,PASS,matching track
2,2026-05-19 05:03:54.076030,09:19:38+00:00,37.42326666666666,-122.080085,16.24204,264.55,True,4.955445893935231,True,1.0,True,0.5699999999999932,PASS,matching track
2,2026-05-19 05:03:54.578644,09:19:39+00:00,37.42326166666667,-122.08013666666666,16.260559999999998,264.49,True,0.7098038079417571,True,1.0,True,0.37999999999999545,PASS,matching track
2,2026-05-19 05:03:55.082796,09:19:40+00:00,37.42325833333334,-122.08018666666666,16.297600000000003,264.42,True,4.95544642191567,True,1.0,True,0.3100000000000023,PASS,matching track
2,2026-05-19 05:03:55.585251,09:19:41+00:00,37.423253333333335,-122.08023666666666,16.31612,264.35,True,4.993278395689333,True,1.0,True,0.2400000000000091,PASS,matching track
2,2026-05-19 05:03:56.088568,09:19:42+00:00,37.42325,-122.08029,16.33464,264.4,True,0.8100431298434161,True,1.0,True,0.2899999999999636,PASS,matching track
2,2026-05-19 05:03:56.591128,09:19:43+00:00,37.42324333333333,-122.08034,16.353160000000003,264.31,True,0.9464051647647221,True,1.0,True,0.19999999999998863,PASS,matching track
2,2026-05-19 05:03:57.094305,09:19:44+00:00,37.42324,-122.08039,16.37168,263.52,True,0.9464051783655157,True,1.0,True,0.13999999999998636,PASS,matching track
2,2026-05-19 05:03:57.597160,09:19:45+00:00,37.423235,-122.08044166666667,16.40872,263.45,True,0.9464052042431138,True,1.0,True,0.06999999999999318,PASS,matching track
2,2026-05-19 05:03:58.100413,09:19:46+00:00,37.42323,-122.08049166666666,13.964080000000001,220.57,True,0.9464052276472258,True,1.0,True,0.010000000000019327,PASS,matching track
2,2026-05-19 05:03:58.603617,09:19:47+00:00,37.42320333333333,-122.08052,16.427239999999998,196.92,True,4.825391309541281,True,1.0,True,0.09000000000000341,PASS,matching track
2,2026-05-19 05:03:59.106369,09:19:48+00:00,37.423165,-122.08053666666666,16.445760000000003,196.85,True,1.0447776568646314,True,1.0,True,0.1599999999999966,PASS,matching track
2,2026-05-19 05:03:59.608541,09:19:49+00:00,37.42312666666667,-122.08055166666666,16.427239999999998,200.49,True,1.0447779171082383,True,1.0,True,0.23999999999998067,PASS,matching track
2,2026-05-19 05:04:00.111433,09:19:50+00:00,37.42308833333333,-122.08057,16.445760000000003,206.26,True,1.0447781812397696,True,1.0,True,0.3100000000000023,PASS,matching track
2,2026-05-19 05:04:00.614584,09:19:51+00:00,37.423051666666666,-122.08059333333334,16.4828,207.52,True,1.0447784306275005,True,1.0,True,0.37999999999999545,PASS,matching track
2,2026-05-19 05:04:01.116962,09:19:52+00:00,37.42301666666667,-122.08061666666667,16.4828,207.45,True,1.04477867057666,True,1.0,True,0.45000000000001705,PASS,matching track
2,2026-05-19 05:04:01.619746,09:19:53+00:00,37.42298,-122.08064,16.464280000000002,208.83,True,1.044778921027343,True,1.0,True,0.5199999999999818,PASS,matching track
2,2026-05-19 05:04:02.123194,09:19:54+00:00,37.422945,-122.080665,16.4828,213.12,True,1.0447791595614178,True,1.0,True,0.5799999999999841,PASS,matching track
2,2026-05-19 05:04:02.625980,09:19:55+00:00,37.42291,-122.08069333333333,16.4828,214.68,True,1.0447794002181903,True,1.0,True,0.539999999999992,PASS,matching track
2,2026-05-19 05:04:03.129242,09:19:56+00:00,37.42287833333334,-122.08072333333334,16.4828,214.9,True,1.0447796166907786,True,1.0,True,0.3199999999999932,PASS,matching track
2,2026-05-19 05:04:03.632116,09:19:57+00:00,37.422845,-122.08075333333333,16.464280000000002,214.62,True,1.0447798433126658,True,1.0,True,0.5999999999999943,PASS,matching track
2,2026-05-19 05:04:04.135147,09:19:58+00:00,37.42281166666667,-122.08078333333333,16.464280000000002,214.42,True,1.0447800713464337,True,1.0,True,0.8000000000000114,PASS,matching track
2,2026-05-19 05:04:04.637543,09:19:59+00:00,37.42277833333333,-122.08081166666666,16.445760000000003,214.37,True,1.0447802986748747,True,1.0,True,0.8499999999999943,PASS,matching track
2,2026-05-19 05:04:05.140897,09:20:00+00:00,37.422745,-122.08084166666667,16.445760000000003,214.34,True,1.0447805281226195,True,1.0,True,0.8799999999999955,PASS,matching track
2,2026-05-19 05:04:05.643535,09:20:01+00:00,37.422711666666665,-122.08087166666667,16.40872,212.33,True,1.044780755804594,True,1.0,True,0.8400000000000034,PASS,matching track
2,2026-05-19 05:04:06.146192,09:20:02+00:00,37.42267833333333,-122.0809,16.40872,210.54,True,1.0447809824251544,True,1.0,True,0.950000000000017,PASS,matching track
2,2026-05-19 05:04:06.650324,09:20:03+00:00,37.42264333333333,-122.08092666666667,16.3902,210.52,True,1.0447812227280207,True,1.0,True,0.9699999999999989,PASS,matching track
2,2026-05-19 05:04:07.153416,09:20:04+00:00,37.422608333333336,-122.08095333333333,16.31612,206.09,True,1.0447814598499372,True,1.0,True,0.9799999999999898,PASS,matching track
2,2026-05-19 05:04:07.656856,09:20:05+00:00,37.422575,-122.08097666666667,16.353160000000003,201.64,True,0.9230688174665742,True,1.0,True,0.9900000000000091,PASS,matching track
2,2026-05-19 05:04:08.160061,09:20:06+00:00,37.422536666666666,-122.08099666666666,16.33464,201.63,True,0.9230691125991278,True,1.0,True,1.0,PASS,matching track
2,2026-05-19 05:04:08.663115,09:20:07+00:00,37.4225,-122.081015,16.22352,198.15,True,0.923069397217885,True,1.0,True,1.0,PASS,matching track
2,2026-05-19 05:04:09.165681,09:20:08+00:00,37.42246166666666,-122.08103166666666,16.27908,190.06,True,0.923069697649305,True,1.0,True,0.5500000000000114,PASS,matching track
2,2026-05-19 05:04:09.668302,09:20:09+00:00,37.422421666666665,-122.08104166666666,16.260559999999998,190.07,True,0.923070009298072,True,1.0,True,0.5600000000000023,PASS,matching track
2,2026-05-19 05:04:10.171012,09:20:10+00:00,37.422381666666666,-122.08105,16.205000000000002,188.55,True,0.8100480392158648,True,1.0,True,0.9599999999999795,PASS,matching track
2,2026-05-19 05:04:10.673289,09:20:11+00:00,37.42234333333333,-122.08105833333333,16.205000000000002,183.86,True,4.989290223019168,True,1.0,True,0.09000000000000341,PASS,matching track
2,2026-05-19 05:04:11.178008,09:20:12+00:00,37.42230166666667,-122.08106333333333,16.18648,183.89,True,0.6964897983026164,True,1.0,True,0.11999999999997613,PASS,matching track
2,2026-05-19 05:04:11.680965,09:20:13+00:00,37.422261666666664,-122.08106666666667,16.130920000000003,182.9,True,4.8901546524940995,True,1.0,True,0.8700000000000045,PASS,matching track
2,2026-05-19 05:04:12.183298,09:20:14+00:00,37.422221666666665,-122.08107,16.1124,177.34,True,4.890154705737963,True,1.0,True,0.8299999999999841,PASS,matching track
2,2026-05-19 05:04:12.686444,09:20:15+00:00,37.42218166666667,-122.08106666666667,16.1124,174.95,True,4.818417215821491,True,1.0,True,0.6599999999999966,PASS,matching track
2,2026-05-19 05:04:13.189122,09:20:16+00:00,37.42214166666667,-122.08106333333333,16.07536,175.0,True,4.626751447399885,True,1.0,True,0.710000000000008,PASS,matching track
2,2026-05-19 05:04:13.692019,09:20:17+00:00,37.4221,-122.08106,16.038320000000002,173.61,True,4.811636922645829,True,1.0,True,0.5100000000000193,PASS,matching track
2,2026-05-19 05:04:14.194786,09:20:18+00:00,37.42206,-122.081055,16.038320000000002,172.48,True,4.624398736517956,True,1.0,True,0.6200000000000045,PASS,matching track
2,2026-05-19 05:04:14.698178,09:20:19+00:00,37.422021666666666,-122.08104833333333,16.0198,172.54,True,4.441873384086512,True,1.0,True,0.5600000000000023,PASS,matching track
2,2026-05-19 05:04:15.200800,09:20:20+00:00,37.42198166666667,-122.08104,16.00128,172.61,True,4.449217152900009,True,1.0,True,0.4899999999999807,PASS,matching track
2,2026-05-19 05:04:15.703653,09:20:21+00:00,37.42194,-122.081035,15.982760000000003,172.67,True,4.626751300323629,True,1.0,True,0.4300000000000068,PASS,matching track
2,2026-05-19 05:04:16.206170,09:20:22+00:00,37.4219,-122.08102833333334,15.96424,172.74,True,4.449217110808816,True,1.0,True,0.3599999999999852,PASS,matching track
2,2026-05-19 05:04:16.709481,09:20:23+00:00,37.421861666666665,-122.08102,15.96424,172.82,True,4.277405787847379,True,1.0,True,0.28000000000000114,PASS,matching track
2,2026-05-19 05:04:17.212111,09:20:24+00:00,37.421821666666666,-122.081015,15.90868,168.58,True,4.264665976460565,True,1.0,True,0.20999999999997954,PASS,matching track
2,2026-05-19 05:04:17.715025,09:20:25+00:00,37.42178166666667,-122.081005,15.94572,165.39,True,4.317920620149039,True,1.0,True,0.13000000000002387,PASS,matching track
2,2026-05-19 05:04:18.217765,09:20:26+00:00,37.42174166666667,-122.08099166666666,15.927200000000001,165.46,True,4.377990038409993,True,1.0,True,0.060000000000002274,PASS,matching track
2,2026-05-19 05:04:18.720462,09:20:27+00:00,37.42170333333333,-122.08097666666667,15.927200000000001,165.54,True,4.237162651156929,True,1.0,True,0.01999999999998181,PASS,matching track
2,2026-05-19 05:04:19.223188,09:20:28+00:00,37.421665,-122.080965,15.927200000000001,165.62,True,4.019425576791814,True,1.0,True,0.09999999999999432,PASS,matching track
2,2026-05-19 05:04:19.726951,09:20:29+00:00,37.421625,-122.08095166666666,15.927200000000001,165.69,True,4.237162941184968,True,1.0,True,0.1699999999999875,PASS,matching track
2,2026-05-19 05:04:20.230112,09:20:30+00:00,37.42158666666667,-122.08093833333334,15.927200000000001,165.77,True,4.059834835164227,True,1.0,True,0.25,PASS,matching track
2,2026-05-19 05:04:20.734047,09:20:31+00:00,37.421548333333334,-122.08092333333333,9.26,153.12,True,4.10515110481617,True,1.0,True,0.3199999999999932,PASS,matching track
2,2026-05-19 05:04:21.237440,09:20:32+00:00,37.421526666666665,-122.08091,15.94572,19.67,True,2.2769669071702867,True,1.0,True,0.39000000000000057,PASS,matching track
2,2026-05-19 05:04:21.741183,09:20:33+00:00,37.421565,-122.08089333333334,15.94572,19.74,True,4.472901720033657,True,1.0,True,0.4599999999999973,PASS,matching track
2,2026-05-19 05:04:22.244634,09:20:34+00:00,37.42160333333333,-122.080875,15.890160000000002,15.85,True,0.6284941517271327,True,1.0,True,0.5299999999999994,PASS,matching track
2,2026-05-19 05:04:22.747318,09:20:35+00:00,37.421643333333336,-122.08086166666666,15.982760000000003,9.83,True,0.6284940821330007,True,1.0,True,0.5899999999999999,PASS,matching track
2,2026-05-19 05:04:23.251069,09:20:36+00:00,37.421683333333334,-122.08085333333334,15.797559999999999,3.8,True,0.6284940107734767,True,1.0,True,0.6499999999999999,PASS,matching track
2,2026-05-19 05:04:23.753685,09:20:37+00:00,37.421725,-122.08085,16.00128,351.56,True,0.7965659524892259,True,1.0,True,0.6299999999999955,PASS,matching track
2,2026-05-19 05:04:24.256630,09:20:38+00:00,37.421765,-122.08085666666666,16.0198,351.69,True,0.8621727243723653,True,1.0,True,0.7599999999999909,PASS,matching track
2,2026-05-19 05:04:24.759633,09:20:39+00:00,37.421805,-122.080865,16.05684,351.74,True,0.8621726079635676,True,1.0,True,0.8100000000000023,PASS,matching track
2,2026-05-19 05:04:25.262941,09:20:40+00:00,37.421845,-122.08087333333333,16.07536,351.78,True,0.8621724901409795,True,1.0,True,0.8499999999999659,PASS,matching track
2,2026-05-19 05:04:25.766885,09:20:41+00:00,37.421885,-122.08088166666667,16.09388,351.82,True,0.8621723751446027,True,1.0,True,0.8899999999999864,PASS,matching track
2,2026-05-19 05:04:26.269660,09:20:42+00:00,37.421925,-122.08088833333333,16.09388,350.63,True,0.9464115173661932,True,1.0,True,0.30000000000001137,PASS,matching track
2,2026-05-19 05:04:26.772844,09:20:43+00:00,37.421965,-122.08089666666666,16.149440000000002,347.55,True,0.946411325539956,True,1.0,True,0.9499999999999886,PASS,matching track
2,2026-05-19 05:04:27.275850,09:20:44+00:00,37.422005,-122.08090833333333,16.149440000000002,347.33,True,0.9464111344195256,True,1.0,True,0.7299999999999613,PASS,matching track
2,2026-05-19 05:04:27.778465,09:20:45+00:00,37.422045,-122.08092,16.18648,317.17,True,0.946410940826421,True,1.0,True,0.9900000000000091,PASS,matching track
2,2026-05-19 05:04:28.281258,09:20:46+00:00,37.422075,-122.08095666666667,14.908600000000002,299.79,True,4.859256147912461,True,1.0,True,1.0,PASS,matching track
2,2026-05-19 05:04:28.783814,09:20:47+00:00,37.42209166666667,-122.080995,15.742,270.77,True,3.816205415222093,True,1.0,True,1.0,PASS,matching track
2,2026-05-19 05:04:29.286900,09:20:48+00:00,37.42209166666667,-122.081045,16.260559999999998,356.87,True,3.761703250074046,True,1.0,True,0.7900000000000205,PASS,matching track
2,2026-05-19 05:04:29.789804,09:20:49+00:00,37.422133333333335,-122.08104833333333,16.297600000000003,356.86,True,1.0447847567343127,True,1.0,True,0.7800000000000296,PASS,matching track
2,2026-05-19 05:04:30.292857,09:20:50+00:00,37.42217333333333,-122.08105166666667,16.31612,357.06,True,1.0447844806894573,True,1.0,True,0.9800000000000182,PASS,matching track
2,2026-05-19 05:04:30.795623,09:20:51+00:00,37.42221333333333,-122.081055,16.31612,2.71,True,1.0447842074722593,True,1.0,True,0.96,PASS,matching track
2,2026-05-19 05:04:31.298676,09:20:52+00:00,37.422255,-122.08105333333333,16.353160000000003,5.73,True,1.0447839234004275,True,1.0,True,0.9300000000000006,PASS,matching track
2,2026-05-19 05:04:31.801342,09:20:53+00:00,37.422295,-122.08105,16.37168,5.7,True,1.0447836491240774,True,1.0,True,0.9000000000000004,PASS,matching track
2,2026-05-19 05:04:32.303550,09:20:54+00:00,37.422335,-122.081045,16.37168,7.73,True,1.0447833744924437,True,1.0,True,0.8600000000000003,PASS,matching track
2,2026-05-19 05:04:32.806196,09:20:55+00:00,37.422376666666665,-122.08104,16.40872,11.87,True,1.0447830911277913,True,1.0,True,0.8199999999999985,PASS,matching track
2,2026-05-19 05:04:33.309124,09:20:56+00:00,37.42241666666666,-122.08103,16.427239999999998,11.83,True,1.0447828182637722,True,1.0,True,0.7799999999999994,PASS,matching track
2,2026-05-19 05:04:33.811578,09:20:57+00:00,37.422455,-122.08102,16.37168,14.98,True,1.044782554840112,True,1.0,True,0.7300000000000004,PASS,matching track
2,2026-05-19 05:04:34.314681,09:20:58+00:00,37.422493333333335,-122.08100666666667,16.464280000000002,23.3,True,0.9230694902357292,True,1.0,True,0.03999999999999915,PASS,matching track
2,2026-05-19 05:04:34.817395,09:20:59+00:00,37.422531666666664,-122.08098666666666,16.464280000000002,23.24,True,0.9230691919239774,True,1.0,True,0.10000000000000142,PASS,matching track
2,2026-05-19 05:04:35.320229,09:21:08+00:00,37.42256833333333,-122.08096833333333,16.445760000000003,23.89,False,21.724798608456297,False,9.0,True,7.82,FAIL,"distance is over tolerance: 21.72m
update time is over tolerance: 9.00s"
2,2026-05-19 05:04:35.823358,09:21:01+00:00,37.422605,-122.08094833333334,16.4828,31.97,True,0.9230686205660986,False,-7.0,True,0.28999999999999915,FAIL,update time is over tolerance: -7.00s
2,2026-05-19 05:04:36.326327,09:21:02+00:00,37.42264,-122.08092,16.4828,31.91,True,0.9230683485791387,True,1.0,True,0.23000000000000043,PASS,matching track
2,2026-05-19 05:04:36.829579,09:21:03+00:00,37.422675,-122.08089333333334,16.4828,32.02,True,0.9230680758848085,True,1.0,True,0.3400000000000034,PASS,matching track
2,2026-05-19 05:04:37.332486,09:21:04+00:00,37.42270833333333,-122.08086666666667,16.4828,35.49,True,0.825211268572608,True,1.0,True,0.2700000000000031,PASS,matching track
2,2026-05-19 05:04:37.835586,09:21:05+00:00,37.42274166666667,-122.08083833333333,16.4828,35.42,True,0.8252109768824225,True,1.0,True,0.1700000000000017,PASS,matching track
2,2026-05-19 05:04:38.338996,09:21:06+00:00,37.422775,-122.08080833333334,16.464280000000002,35.34,True,0.825210682365517,True,1.0,True,0.12000000000000455,PASS,matching track
2,2026-05-19 05:04:38.841389,09:21:07+00:00,37.422808333333336,-122.08077833333333,16.464280000000002,35.26,True,0.8252103931481135,True,1.0,True,0.03999999999999915,PASS,matching track
2,2026-05-19 05:04:39.344327,09:21:08+00:00,37.42283833333333,-122.08075,16.445760000000003,35.56,True,4.921419111922374,True,1.0,True,0.030000000000001137,PASS,matching track
2,2026-05-19 05:04:39.847766,09:21:09+00:00,37.422871666666666,-122.08072,16.445760000000003,35.49,True,0.7604754671673744,True,1.0,True,0.10000000000000142,PASS,matching track
2,2026-05-19 05:04:40.350466,09:21:10+00:00,37.422905,-122.08069166666667,16.427239999999998,34.13,True,0.6184207061174768,True,1.0,True,0.18999999999999773,PASS,matching track
2,2026-05-19 05:04:40.853319,09:21:11+00:00,37.422938333333335,-122.08066333333333,16.3902,31.45,True,4.96863530988797,True,1.0,True,0.26000000000000156,PASS,matching track
2,2026-05-19 05:04:41.356122,09:21:12+00:00,37.42297166666667,-122.080635,16.3902,27.57,True,4.968634470959417,True,1.0,True,0.3299999999999983,PASS,matching track
2,2026-05-19 05:04:41.858314,09:21:13+00:00,37.423006666666666,-122.08061166666667,16.37168,27.49,True,4.705412607904827,True,1.0,True,0.41000000000000014,PASS,matching track
2,2026-05-19 05:04:42.361148,09:21:14+00:00,37.42304333333333,-122.08058833333334,16.353160000000003,27.43,True,4.85923802105573,True,1.0,True,0.46999999999999886,PASS,matching track
2,2026-05-19 05:04:42.863876,09:21:15+00:00,37.42308,-122.080565,16.31612,23.45,True,4.859237333345285,True,1.0,True,0.5399999999999991,PASS,matching track
2,2026-05-19 05:04:43.366911,09:21:16+00:00,37.423115,-122.080545,16.31612,16.41,True,4.470597054833483,True,1.0,True,0.6000000000000014,PASS,matching track
2,2026-05-19 05:04:43.870062,09:21:17+00:00,37.42315333333333,-122.08053,16.27908,16.35,True,4.43786350885963,True,1.0,True,0.6600000000000001,PASS,matching track
2,2026-05-19 05:04:44.373596,09:21:18+00:00,37.42319333333333,-122.080515,16.260559999999998,16.29,True,4.608074936314707,True,1.0,True,0.7200000000000024,PASS,matching track
2,2026-05-19 05:04:44.876733,09:21:19+00:00,37.423231666666666,-122.08050166666666,15.77904,79.94,True,4.38110176940524,True,1.0,True,0.769999999999996,PASS,matching track
2,2026-05-19 05:04:45.379138,09:21:20+00:00,37.42323666666667,-122.08045333333334,16.205000000000002,82.56,True,4.58825982248582,True,1.0,True,0.8199999999999932,PASS,matching track
2,2026-05-19 05:04:45.881753,09:21:21+00:00,37.42324,-122.08040166666666,16.18648,82.72,True,4.868373501212435,True,1.0,True,0.6599999999999966,PASS,matching track
2,2026-05-19 05:04:46.385186,09:21:22+00:00,37.423245,-122.08035166666667,16.149440000000002,83.47,True,4.7244693174296755,True,1.0,True,0.09000000000000341,PASS,matching track
2,2026-05-19 05:04:46.889072,09:21:23+00:00,37.42325,-122.08030166666667,16.130920000000003,83.05,True,4.724469003835399,True,1.0,True,0.3299999999999983,PASS,matching track
2,2026-05-19 05:04:47.392031,09:21:24+00:00,37.423253333333335,-122.08025166666667,16.1124,83.03,True,4.573319750323848,True,1.0,True,0.5499999999999972,PASS,matching track
2,2026-05-19 05:04:47.894573,09:21:25+00:00,37.42325666666667,-122.08020166666667,16.09388,83.01,True,4.5733195475924,True,1.0,True,0.9699999999999989,PASS,matching track
2,2026-05-19 05:04:48.397104,09:21:26+00:00,37.42326,-122.08015,16.05684,82.99,True,4.724468272071345,True,1.0,True,0.9900000000000091,PASS,matching track
2,2026-05-19 05:04:48.900191,09:21:27+00:00,37.423265,-122.08010166666666,16.038320000000002,82.98,True,4.425792620459106,True,1.0,True,1.0,PASS,matching track
2,2026-05-19 05:04:49.402746,09:21:28+00:00,37.42326833333333,-122.08005166666666,16.0198,82.98,True,4.429656224198828,True,1.0,True,1.0,PASS,matching track
2,2026-05-19 05:04:49.905568,09:21:29+00:00,37.423273333333334,-122.08,16.00128,82.98,True,4.573318533934919,True,1.0,True,1.0,PASS,matching track
2,2026-05-19 05:04:50.408905,09:21:30+00:00,37.423275,-122.07995166666667,15.982760000000003,82.99,True,4.294231066540458,True,1.0,True,0.9900000000000091,PASS,matching track
2,2026-05-19 05:04:50.912053,09:21:31+00:00,37.42328,-122.0799,15.96424,83.9,True,4.429655538170282,True,1.0,True,0.0799999999999983,PASS,matching track
2,2026-05-19 05:04:51.415133,09:21:32+00:00,37.42328333333333,-122.07985,15.96424,84.41,True,4.294230595396174,True,1.0,True,0.4299999999999926,PASS,matching track
2,2026-05-19 05:04:51.918619,09:21:33+00:00,37.42328666666667,-122.0798,15.94572,84.43,True,4.294230405330833,True,1.0,True,0.4399999999999977,PASS,matching track
2,2026-05-19 05:04:52.420870,09:21:34+00:00,37.42329,-122.07975,15.94572,84.47,True,4.294230216148839,True,1.0,True,0.4000000000000057,PASS,matching track
2,2026-05-19 05:04:52.924362,09:21:35+00:00,37.42329333333333,-122.0797,15.927200000000001,84.5,True,4.147271629228737,True,1.0,True,0.8599999999999994,PASS,matching track
2,2026-05-19 05:04:53.427149,09:21:36+00:00,37.423296666666666,-122.07964833333334,15.927200000000001,84.54,True,4.294229838667879,True,1.0,True,0.8199999999999932,PASS,matching track
2,2026-05-19 05:04:53.930096,09:21:37+00:00,37.4233,-122.07959833333334,15.927200000000001,84.59,True,4.147271265118199,True,1.0,True,0.769999999999996,PASS,matching track
2,2026-05-19 05:04:54.433319,09:21:38+00:00,37.42330333333334,-122.07954833333334,15.927200000000001,84.64,True,4.147271082179707,True,1.0,True,0.7199999999999989,PASS,matching track
2,2026-05-19 05:04:54.936224,09:21:39+00:00,37.42330666666667,-122.07949833333333,15.927200000000001,84.7,True,4.000354338757884,True,1.0,True,0.5999999999999943,PASS,matching track
2,2026-05-19 05:04:55.438463,09:21:40+00:00,37.42331,-122.07944833333333,15.927200000000001,84.76,True,4.000354163122845,True,1.0,True,0.3999999999999915,PASS,matching track
2,2026-05-19 05:04:55.946636,09:21:41+00:00,37.42331333333333,-122.07939666666667,15.94572,84.82,True,4.147270535042407,True,1.0,True,0.3400000000000034,PASS,matching track
2,2026-05-19 05:04:56.449271,09:21:42+00:00,37.423316666666665,-122.07934833333333,15.94572,84.83,True,3.8534838628978685,True,1.0,True,0.3299999999999983,PASS,matching track
2,2026-05-19 05:04:56.954492,09:21:43+00:00,37.42332,-122.07929666666666,15.96424,84.76,True,4.000353635334408,True,1.0,True,0.3999999999999915,PASS,matching track
2,2026-05-19 05:04:57.457364,09:21:44+00:00,37.423323333333336,-122.07924666666666,15.982760000000003,84.83,True,3.853483524203247,True,1.0,True,0.3299999999999983,PASS,matching track
2,2026-05-19 05:04:57.961397,09:21:45+00:00,37.42332666666667,-122.079195,15.982760000000003,84.9,True,4.000353283887525,True,1.0,True,0.2599999999999909,PASS,matching track
2,2026-05-19 05:04:58.464390,09:21:46+00:00,37.42333,-122.079145,16.00128,84.98,True,3.8534831858617338,True,1.0,True,0.1799999999999926,PASS,matching track
2,2026-05-19 05:04:58.968209,09:21:47+00:00,37.42333333333333,-122.079095,16.0198,85.05,True,3.853483016558536,True,1.0,True,0.10999999999999943,PASS,matching track
2,2026-05-19 05:04:59.470512,09:21:48+00:00,37.423336666666664,-122.079045,16.038320000000002,85.13,True,3.7066650698366503,True,1.0,True,0.030000000000001137,PASS,matching track
2,2026-05-19 05:04:59.973045,09:21:49+00:00,37.42334,-122.078995,16.07536,85.21,True,3.706664906600434,True,1.0,True,0.04999999999999716,PASS,matching track
2,2026-05-19 05:05:00.476292,09:21:50+00:00,37.423343333333335,-122.07894333333333,16.09388,85.28,True,3.8534825092672063,True,1.0,True,0.12000000000000455,PASS,matching track
2,2026-05-19 05:05:00.979166,09:21:51+00:00,37.42334666666667,-122.07889333333334,16.1124,85.36,True,3.7066645803045586,True,1.0,True,0.20000000000000284,PASS,matching track
2,2026-05-19 05:05:01.481745,09:21:52+00:00,37.42335166666667,-122.07884166666666,16.1124,86.95,True,3.8401401228428402,True,1.0,True,0.269999999999996,PASS,matching track
2,2026-05-19 05:05:01.983888,09:21:53+00:00,37.42335333333333,-122.07879166666666,16.16796,89.8,True,3.7066642561283354,True,1.0,True,0.3499999999999943,PASS,matching track
2,2026-05-19 05:05:02.486341,09:21:54+00:00,37.423355,-122.07874,16.18648,89.87,True,3.8534819165734695,True,1.0,True,0.4200000000000017,PASS,matching track
2,2026-05-19 05:05:02.989950,09:21:55+00:00,37.423355,-122.07869,16.205000000000002,89.94,True,3.7296701717755663,True,1.0,True,0.4899999999999949,PASS,matching track
2,2026-05-19 05:05:03.492611,09:21:56+00:00,37.423355,-122.07863833333333,16.24204,90.0,True,3.875616485327333,True,1.0,True,0.5499999999999972,PASS,matching track
2,2026-05-19 05:05:03.996149,09:21:57+00:00,37.42335666666666,-122.07858833333333,16.260559999999998,89.97,True,3.7066640937752875,True,1.0,True,0.519999999999996,PASS,matching track
2,2026-05-19 05:05:04.498675,09:21:58+00:00,37.42335833333333,-122.07853666666666,16.27908,89.54,True,3.8401397831714394,True,1.0,True,0.09000000000000341,PASS,matching track
2,2026-05-19 05:05:05.001403,09:21:59+00:00,37.42335833333333,-122.07848666666666,16.31612,89.6,True,3.706664012510342,True,1.0,True,0.14999999999999147,PASS,matching track
2,2026-05-19 05:05:05.504687,09:22:00+00:00,37.42336,-122.078435,16.33464,89.65,True,3.840139698209488,True,1.0,True,0.29000000000000625,PASS,matching track
2,2026-05-19 05:05:06.007150,09:22:01+00:00,37.42336,-122.078385,16.353160000000003,89.69,True,3.706663931422045,True,1.0,True,0.8199999999999932,PASS,matching track
2,2026-05-19 05:05:06.509439,09:22:02+00:00,37.423363333333334,-122.07833333333333,16.37168,89.68,True,3.835681922007556,True,1.0,True,0.8100000000000023,PASS,matching track
2,2026-05-19 05:05:07.012368,09:22:03+00:00,37.423363333333334,-122.07828166666667,16.3902,89.36,True,3.8401395291687583,True,1.0,True,0.4899999999999949,PASS,matching track
2,2026-05-19 05:05:07.514779,09:22:04+00:00,37.423365,-122.07823166666667,16.3902,88.22,True,3.688155611620434,True,1.0,True,0.23999999999999488,PASS,matching track
2,2026-05-19 05:05:08.017282,09:22:05+00:00,37.423366666666666,-122.07818,16.427239999999998,84.43,True,3.8356817507164136,True,1.0,True,0.960000000000008,PASS,matching track
2,2026-05-19 05:05:08.519785,09:22:06+00:00,37.42337333333333,-122.07813,16.445760000000003,84.45,True,3.7296695234407142,True,1.0,True,0.980000000000004,PASS,matching track
2,2026-05-19 05:05:09.023799,09:22:07+00:00,37.42337666666667,-122.07808,11.27868,122.71,True,3.7066632797135477,True,1.0,True,0.9899999999999949,PASS,matching track
2,2026-05-19 05:05:09.526382,09:22:08+00:00,37.423363333333334,-122.07805,16.464280000000002,180.15,True,2.4223841094244785,True,1.0,True,0.5999999999999943,PASS,matching track
2,2026-05-19 05:05:10.029594,09:22:09+00:00,37.423321666666666,-122.07805,16.464280000000002,180.15,True,4.682859469614275,True,1.0,True,0.5999999999999943,PASS,matching track
2,2026-05-19 05:05:10.532081,09:22:10+00:00,37.42328333333333,-122.07804666666667,16.4828,180.15,True,4.277405943987783,True,1.0,True,0.5999999999999943,PASS,matching track
2,2026-05-19 05:05:11.034973,09:22:11+00:00,37.42324166666667,-122.07804666666667,16.4828,180.54,True,4.478471538825291,True,1.0,True,0.5300000000000011,PASS,matching track
2,2026-05-19 05:05:11.538012,09:22:12+00:00,37.423201666666664,-122.078045,16.4828,182.04,True,4.277405934839237,True,1.0,True,0.09999999999999432,PASS,matching track
2,2026-05-19 05:05:12.041449,09:22:13+00:00,37.423161666666665,-122.07804666666667,16.4828,182.42,True,4.317919288662463,True,1.0,True,0.2699999999999818,PASS,matching track
2,2026-05-19 05:05:12.543634,09:22:14+00:00,37.42312166666667,-122.07804833333333,16.4828,182.39,True,4.317919328008661,True,1.0,True,0.23999999999998067,PASS,matching track
2,2026-05-19 05:05:13.046176,09:22:15+00:00,37.42308166666667,-122.07804833333333,16.464280000000002,182.83,True,4.112034201592088,True,1.0,True,0.0,PASS,matching track
2,2026-05-19 05:05:13.549681,09:22:16+00:00,37.42304,-122.07805,16.464280000000002,183.0,True,4.295177590073449,True,1.0,True,0.1699999999999875,PASS,matching track
2,2026-05-19 05:05:14.052162,09:22:17+00:00,37.423,-122.07805166666667,16.445760000000003,182.88,True,4.112034237371214,True,1.0,True,0.04999999999998295,PASS,matching track
2,2026-05-19 05:05:14.555191,09:22:18+00:00,37.422961666666666,-122.07805333333333,16.445760000000003,183.59,True,3.929062596219989,True,1.0,True,0.03999999999999204,PASS,matching track
2,2026-05-19 05:05:15.057915,09:22:19+00:00,37.42292,-122.07805333333333,16.427239999999998,184.26,True,4.0934675057409216,True,1.0,True,0.7099999999999795,PASS,matching track
2,2026-05-19 05:05:15.561032,09:22:20+00:00,37.42288,-122.07805666666667,16.40872,184.05,True,3.929062640616241,True,1.0,True,0.0700000000000216,PASS,matching track
2,2026-05-19 05:05:16.064457,09:22:21+00:00,37.42283833333333,-122.07806,16.3902,184.01,True,4.112034310024806,True,1.0,True,0.030000000000001137,PASS,matching track
2,2026-05-19 05:05:16.567774,09:22:22+00:00,37.42279833333333,-122.07806333333333,16.37168,184.03,True,3.929062682893104,True,1.0,True,0.05000000000001137,PASS,matching track
2,2026-05-19 05:05:17.070308,09:22:23+00:00,37.422758333333334,-122.078065,16.353160000000003,184.44,True,3.9096270197645544,True,1.0,True,0.18999999999999773,PASS,matching track
2,2026-05-19 05:05:17.573312,09:22:24+00:00,37.422718333333336,-122.07806833333333,16.33464,184.64,True,3.9096270197563845,True,1.0,True,0.17000000000001592,PASS,matching track
2,2026-05-19 05:05:18.076269,09:22:25+00:00,37.42267833333333,-122.07807166666667,16.31612,185.13,True,3.725898948231556,True,1.0,True,0.2400000000000091,PASS,matching track
2,2026-05-19 05:05:18.579472,09:22:26+00:00,37.42263833333333,-122.078075,16.27908,185.1,True,3.7258989521743073,True,1.0,True,0.21000000000000796,PASS,matching track
2,2026-05-19 05:05:19.082204,09:22:27+00:00,37.422596666666664,-122.07807833333334,16.260559999999998,185.06,True,3.8956849649563643,True,1.0,True,0.17000000000001592,PASS,matching track
2,2026-05-19 05:05:19.585075,09:22:28+00:00,37.422556666666665,-122.07808333333334,16.24204,185.58,True,3.725898957584098,True,1.0,True,0.01999999999998181,PASS,matching track
2,2026-05-19 05:05:20.087917,09:22:29+00:00,37.42251666666667,-122.07808833333333,16.205000000000002,185.62,True,3.7258989615251226,True,1.0,True,0.020000000000010232,PASS,matching track
2,2026-05-19 05:05:20.591358,09:22:30+00:00,37.422475,-122.07809166666667,16.18648,185.61,True,3.8956849212036713,True,1.0,True,0.010000000000019327,PASS,matching track
2,2026-05-19 05:05:21.093685,09:22:31+00:00,37.422435,-122.07809666666667,16.16796,185.42,True,3.7112667025482877,True,1.0,True,0.020000000000010232,PASS,matching track
2,2026-05-19 05:05:21.596098,09:22:32+00:00,37.422395,-122.07810166666667,16.130920000000003,185.23,True,3.7112666888578816,True,1.0,True,0.21000000000000796,PASS,matching track
2,2026-05-19 05:05:22.099064,09:22:33+00:00,37.422353333333334,-122.078105,16.1124,183.98,True,3.887295584886581,True,1.0,True,0.04999999999998295,PASS,matching track
2,2026-05-19 05:05:22.602026,09:22:34+00:00,37.422313333333335,-122.07810833333333,16.09388,183.57,True,3.699519145407419,True,1.0,True,0.01999999999998181,PASS,matching track
2,2026-05-19 05:05:23.104673,09:22:35+00:00,37.42227333333334,-122.07811166666667,16.07536,183.12,True,3.699519118316303,True,1.0,True,0.4300000000000068,PASS,matching track
2,2026-05-19 05:05:23.608864,09:22:36+00:00,37.42223166666667,-122.078115,16.038320000000002,181.7,True,3.884495048376701,True,1.0,True,0.18999999999999773,PASS,matching track
2,2026-05-19 05:05:24.110886,09:22:37+00:00,37.42219166666667,-122.078115,16.0198,181.33,True,3.71126662641652,True,1.0,True,0.08999999999997499,PASS,matching track
2,2026-05-19 05:05:24.613692,09:22:38+00:00,37.42215,-122.07811666666667,16.00128,180.8,True,3.895684802644354,True,1.0,True,0.13999999999998636,PASS,matching track
2,2026-05-19 05:05:25.116358,09:22:39+00:00,37.42211,-122.07811833333334,15.982760000000003,180.26,True,3.7112665997426912,True,1.0,True,0.3300000000000125,PASS,matching track
2,2026-05-19 05:05:25.619533,09:22:40+00:00,37.42207,-122.07812,15.982760000000003,179.85,True,3.711266587467322,True,1.0,True,0.539999999999992,PASS,matching track
2,2026-05-19 05:05:26.123350,09:22:41+00:00,37.42202833333333,-122.07811833333334,15.96424,178.52,True,3.9290630895340684,True,1.0,True,0.060000000000002274,PASS,matching track
2,2026-05-19 05:05:26.626793,09:22:42+00:00,37.42198833333333,-122.07811833333334,15.94572,178.15,True,3.7462884031081165,True,1.0,True,0.4300000000000068,PASS,matching track
2,2026-05-19 05:05:27.129119,09:22:43+00:00,37.42194666666666,-122.07811666666667,15.94572,177.71,True,3.9539120209200527,True,1.0,True,0.3499999999999943,PASS,matching track
2,2026-05-19 05:05:27.632616,09:22:44+00:00,37.421906666666665,-122.078115,15.927200000000001,176.45,True,3.7723415217292176,True,1.0,True,0.3300000000000125,PASS,matching track
2,2026-05-19 05:05:28.135217,09:22:45+00:00,37.421863333333334,-122.07811333333333,15.927200000000001,176.26,True,4.135784486035766,True,1.0,True,0.5200000000000102,PASS,matching track
2,2026-05-19 05:05:28.637591,09:22:46+00:00,37.421823333333336,-122.07811,15.927200000000001,176.24,True,3.984072664314898,True,1.0,True,0.539999999999992,PASS,matching track
2,2026-05-19 05:05:29.140105,09:22:47+00:00,37.42178333333333,-122.07810666666667,15.927200000000001,175.8,True,3.9840727436337753,True,1.0,True,0.6000000000000227,PASS,matching track
2,2026-05-19 05:05:29.643264,09:22:48+00:00,37.42174166666667,-122.07810333333333,15.927200000000001,174.21,True,4.198460716674169,True,1.0,True,0.3200000000000216,PASS,matching track
2,2026-05-19 05:05:30.146103,09:22:49+00:00,37.421701666666664,-122.0781,15.927200000000001,172.89,True,4.019425471005714,True,1.0,True,0.14000000000001478,PASS,matching track
2,2026-05-19 05:05:30.649080,09:22:50+00:00,37.421661666666665,-122.07809333333333,15.94572,172.78,True,4.10515052766761,True,1.0,True,0.25,PASS,matching track
2,2026-05-19 05:05:31.151655,09:22:51+00:00,37.421618333333335,-122.07808833333333,15.94572,172.76,True,4.415118834343737,True,1.0,True,0.27000000000001023,PASS,matching track
2,2026-05-19 05:05:31.653999,09:22:52+00:00,37.421578333333336,-122.07808333333334,15.96424,172.05,True,4.2371631147880775,True,1.0,True,0.009999999999990905,PASS,matching track
2,2026-05-19 05:05:32.156674,09:22:53+00:00,37.42153833333333,-122.07807666666666,15.982760000000003,171.41,True,4.280602539107239,True,1.0,True,0.020000000000010232,PASS,matching track
2,2026-05-19 05:05:32.659322,09:22:54+00:00,37.42149833333333,-122.07807,15.982760000000003,171.12,True,4.280602731872648,True,1.0,True,0.060000000000002274,PASS,matching track
2,2026-05-19 05:05:33.162135,09:22:55+00:00,37.421455,-122.07806333333333,16.00128,170.51,True,4.633728756699281,True,1.0,True,0.3300000000000125,PASS,matching track
2,2026-05-19 05:05:33.664605,09:22:56+00:00,37.421415,-122.078055,16.0198,169.96,True,4.502979499324164,True,1.0,True,0.8799999999999955,PASS,matching track
2,2026-05-19 05:05:34.167762,09:22:57+00:00,37.421375,-122.07804666666667,16.038320000000002,170.33,True,4.502979730804681,True,1.0,True,0.5099999999999909,PASS,matching track
2,2026-05-19 05:05:34.670250,09:22:58+00:00,37.421335,-122.07803833333334,16.05684,172.78,True,4.5029799608734935,True,1.0,True,0.8000000000000114,PASS,matching track
2,2026-05-19 05:05:35.173166,09:22:59+00:00,37.42129333333333,-122.07803333333334,16.09388,175.57,True,4.593630450579324,True,1.0,True,0.75,PASS,matching track
2,2026-05-19 05:05:35.675703,09:23:00+00:00,37.42125166666667,-122.07803,16.1124,176.5,True,4.738306925331589,True,1.0,True,0.18000000000000682,PASS,matching track
2,2026-05-19 05:05:36.177855,09:23:01+00:00,37.421211666666665,-122.07802666666667,16.130920000000003,177.42,True,4.557956216716027,True,1.0,True,0.21999999999999886,PASS,matching track
2,2026-05-19 05:05:36.680567,09:23:02+00:00,37.421171666666666,-122.078025,16.16796,179.38,True,4.526810971101994,True,1.0,True,0.5800000000000125,PASS,matching track
2,2026-05-19 05:05:37.183566,09:23:03+00:00,37.421128333333336,-122.078025,16.18648,179.48,True,4.8656149956854104,True,1.0,True,0.4800000000000182,PASS,matching track
2,2026-05-19 05:05:37.685896,09:23:04+00:00,37.42108833333333,-122.078025,16.205000000000002,179.55,True,4.6828611918865795,True,1.0,True,0.4099999999999966,PASS,matching track
2,2026-05-19 05:05:38.188619,09:23:05+00:00,37.42104666666667,-122.078025,16.24204,179.62,True,4.865615051306646,True,1.0,True,0.3400000000000034,PASS,matching track
2,2026-05-19 05:05:38.691203,09:23:06+00:00,37.42100666666666,-122.078025,16.260559999999998,180.13,True,4.682861254709827,True,1.0,True,0.12999999999999545,PASS,matching track
2,2026-05-19 05:05:39.193623,09:23:07+00:00,37.420965,-122.07802666666667,16.27908,180.29,True,4.845443436501185,True,1.0,True,0.15000000000000568,PASS,matching track
2,2026-05-19 05:05:39.696136,09:23:08+00:00,37.420923333333334,-122.07802666666667,16.31612,180.37,True,0.8252268394631187,True,1.0,True,0.06999999999999318,PASS,matching track
2,2026-05-19 05:05:40.199832,09:23:09+00:00,37.420883333333336,-122.07802833333334,16.33464,180.45,True,4.845443447697086,True,1.0,True,0.009999999999990905,PASS,matching track
2,2026-05-19 05:05:40.703113,09:23:10+00:00,37.42084166666667,-122.07802833333334,16.353160000000003,180.52,True,0.6964994585446255,True,1.0,True,0.009999999999990905,PASS,matching track
2,2026-05-19 05:05:41.205727,09:23:11+00:00,37.42080166666667,-122.07803,16.37168,180.6,True,4.829696069134008,True,1.0,True,0.06999999999999318,PASS,matching track
2,2026-05-19 05:05:41.708849,09:23:12+00:00,37.42075833333333,-122.07803,16.3902,180.43,True,0.8100572123570672,True,1.0,True,0.09999999999999432,PASS,matching track
2,2026-05-19 05:05:42.212362,09:23:13+00:00,37.42071833333333,-122.07803,16.40872,179.46,True,0.8100574384079501,True,1.0,True,0.1799999999999784,PASS,matching track
2,2026-05-19 05:05:42.715042,09:23:14+00:00,37.420678333333335,-122.07803,16.427239999999998,179.94,True,0.8100576662252874,True,1.0,True,0.060000000000002274,PASS,matching track
2,2026-05-19 05:05:43.218065,09:23:15+00:00,37.42063666666667,-122.07803166666666,16.445760000000003,180.37,True,0.7098132496964756,True,1.0,True,0.09000000000000341,PASS,matching track
2,2026-05-19 05:05:43.722141,09:23:16+00:00,37.42059666666667,-122.07803166666666,11.019400000000001,232.32,True,0.7098133940070339,True,1.0,True,0.4399999999999977,PASS,matching track
2,2026-05-19 05:05:44.225632,09:23:17+00:00,37.42057833333333,-122.07805833333333,16.464280000000002,277.3,True,3.222535932962026,True,1.0,True,0.5099999999999909,PASS,matching track
2,2026-05-19 05:05:44.727880,09:23:18+00:00,37.42058333333333,-122.07810833333333,16.464280000000002,277.36,True,3.987647931808641,True,1.0,True,0.5699999999999932,PASS,matching track
2,2026-05-19 05:05:45.230570,09:23:19+00:00,37.420586666666665,-122.07816,16.4828,276.58,True,4.147419703799406,True,1.0,True,0.21000000000003638,PASS,matching track
2,2026-05-19 05:05:45.732682,09:23:20+00:00,37.420655,-122.07816,16.4828,320.2,False,6.850465868236137,True,1.0,False,43.40999999999997,FAIL,"distance is over tolerance: 6.85m
heading is over tolerance: 43.41deg"
2,2026-05-19 05:05:46.235599,09:23:21+00:00,37.420658333333336,-122.07821166666666,16.4828,320.15,False,6.665666393890941,True,1.0,False,43.35999999999996,FAIL,"distance is over tolerance: 6.67m
heading is over tolerance: 43.36deg"
2,2026-05-19 05:05:46.739526,09:23:22+00:00,37.42066166666667,-122.07826333333334,16.4828,320.15,False,6.660766607580568,True,1.0,False,44.19999999999999,FAIL,"distance is over tolerance: 6.66m
heading is over tolerance: 44.20deg"
2,2026-05-19 05:05:47.243222,09:23:23+00:00,37.42066666666667,-122.07831333333333,16.4828,320.15,False,6.850465880880885,True,1.0,False,44.94999999999999,FAIL,"distance is over tolerance: 6.85m
heading is over tolerance: 44.95deg"
2,2026-05-19 05:05:47.746205,09:23:24+00:00,37.42067,-122.078365,16.464280000000002,320.15,False,6.660766616721098,True,1.0,False,45.0,FAIL,"distance is over tolerance: 6.66m
heading is over tolerance: 45.00deg"
2,2026-05-19 05:05:48.249823,09:23:25+00:00,37.42067333333333,-122.07841666666667,16.464280000000002,320.15,False,6.659132557331206,True,1.0,False,45.0,FAIL,"distance is over tolerance: 6.66m
heading is over tolerance: 45.00deg"
2,2026-05-19 05:05:48.752998,09:23:26+00:00,37.420676666666665,-122.07846666666667,16.464280000000002,320.15,False,6.6607666231198985,True,1.0,False,45.0,FAIL,"distance is over tolerance: 6.66m
heading is over tolerance: 45.00deg"
2,2026-05-19 05:05:49.257202,09:23:27+00:00,37.42068,-122.07851833333334,16.445760000000003,320.15,False,6.659132563020465,True,1.0,False,45.0,FAIL,"distance is over tolerance: 6.66m
heading is over tolerance: 45.00deg"
2,2026-05-19 05:05:49.761107,09:23:28+00:00,37.420683333333336,-122.07857,16.427239999999998,320.15,False,6.659132567809495,True,1.0,False,45.0,FAIL,"distance is over tolerance: 6.66m
heading is over tolerance: 45.00deg"
2,2026-05-19 05:05:50.264890,09:23:29+00:00,37.42068833333333,-122.07862,16.40872,320.15,False,6.844108476495721,True,1.0,False,45.0,FAIL,"distance is over tolerance: 6.84m
heading is over tolerance: 45.00deg"
2,2026-05-19 05:05:50.769298,09:23:30+00:00,37.42069166666667,-122.07867166666666,16.3902,320.15,False,6.660766641132791,True,1.0,False,45.0,FAIL,"distance is over tolerance: 6.66m
heading is over tolerance: 45.00deg"
2,2026-05-19 05:05:51.274253,09:23:31+00:00,37.420631666666665,-122.07877333333333,16.37168,276.15,True,4.588417521194226,True,1.0,True,1.0,PASS,matching track
2,2026-05-19 05:05:51.777530,09:23:32+00:00,37.420635,-122.078825,16.353160000000003,276.14,True,4.735483519089747,True,1.0,True,0.9900000000000091,PASS,matching track
2,2026-05-19 05:05:52.280267,09:23:33+00:00,37.420638333333336,-122.07887666666667,16.33464,276.13,True,4.73548331223717,True,1.0,True,0.9800000000000182,PASS,matching track
2,2026-05-19 05:05:52.782672,09:23:34+00:00,37.42064166666667,-122.07892833333334,16.31612,276.11,True,4.882577370257465,True,1.0,True,0.9600000000000364,PASS,matching track
2,2026-05-19 05:05:53.286147,09:23:35+00:00,37.42064666666667,-122.07897833333334,16.297600000000003,276.09,True,4.724632207845322,True,1.0,True,0.9399999999999977,PASS,matching track
2,2026-05-19 05:05:53.789726,09:23:36+00:00,37.42065,-122.07902833333333,16.260559999999998,276.06,True,4.735482580833727,True,1.0,True,0.910000000000025,PASS,matching track
2,2026-05-19 05:05:54.292882,09:23:37+00:00,37.420653333333334,-122.07908166666667,16.24204,275.63,True,0.8621759435600134,True,1.0,True,0.4800000000000182,PASS,matching track
2,2026-05-19 05:05:54.796879,09:23:38+00:00,37.420656666666666,-122.07913166666667,16.205000000000002,275.59,True,4.882576401918264,True,1.0,True,0.4399999999999977,PASS,matching track
2,2026-05-19 05:05:55.299554,09:23:39+00:00,37.42066166666667,-122.07918333333333,16.18648,275.54,True,0.7098131598983645,True,1.0,True,0.3900000000000432,PASS,matching track
2,2026-05-19 05:05:55.802177,09:23:40+00:00,37.420665,-122.07923333333333,16.16796,275.5,True,4.872052887372469,True,1.0,True,0.75,PASS,matching track
2,2026-05-19 05:05:56.304763,09:23:41+00:00,37.42066833333333,-122.07928666666666,16.130920000000003,275.44,True,0.8100577230055085,True,1.0,True,0.6899999999999977,PASS,matching track
2,2026-05-19 05:05:56.808791,09:23:42+00:00,37.420671666666664,-122.07933666666666,16.1124,275.38,True,0.8100577026634602,True,1.0,True,0.6299999999999955,PASS,matching track
2,2026-05-19 05:05:57.311771,09:23:43+00:00,37.420675,-122.07938666666666,16.09388,275.32,True,0.810057683738613,True,1.0,True,0.5699999999999932,PASS,matching track
2,2026-05-19 05:05:57.815168,09:23:44+00:00,37.42068,-122.07943833333333,16.07536,275.26,True,0.6965005276491021,True,1.0,True,0.5099999999999909,PASS,matching track
2,2026-05-19 05:05:58.318159,09:23:45+00:00,37.420683333333336,-122.07948833333333,16.038320000000002,275.19,True,0.6965005055218557,True,1.0,True,0.4399999999999977,PASS,matching track
2,2026-05-19 05:05:58.820928,09:23:46+00:00,37.42068666666667,-122.07954166666667,16.0198,275.12,True,0.8252289079923087,True,1.0,True,0.37000000000000455,PASS,matching track
2,2026-05-19 05:05:59.323799,09:23:47+00:00,37.42069,-122.07959166666667,16.00128,275.05,True,0.8252288791770553,True,1.0,True,0.30000000000001137,PASS,matching track
2,2026-05-19 05:05:59.827229,09:23:48+00:00,37.42069333333333,-122.07964333333334,15.982760000000003,274.97,True,0.8252288503602629,True,1.0,True,0.22000000000002728,PASS,matching track
2,2026-05-19 05:06:00.330382,09:23:49+00:00,37.420698333333334,-122.07969333333334,15.982760000000003,274.9,True,0.7604961133207881,True,1.0,True,0.14999999999997726,PASS,matching track
2,2026-05-19 05:06:00.833721,09:23:50+00:00,37.420701666666666,-122.07974333333334,15.96424,274.82,True,0.760496082019938,True,1.0,True,0.06999999999999318,PASS,matching track
2,2026-05-19 05:06:01.336472,09:23:51+00:00,37.420705,-122.079795,15.94572,274.74,True,0.7604960496594705,True,1.0,True,0.009999999999990905,PASS,matching track
2,2026-05-19 05:06:01.839940,09:23:52+00:00,37.42070833333333,-122.079845,15.94572,274.67,True,0.7604960187112794,True,1.0,True,0.029999999999972715,PASS,matching track
2,2026-05-19 05:06:02.343251,09:23:53+00:00,37.42071333333333,-122.07989666666667,15.927200000000001,274.59,True,0.737657134105027,True,1.0,True,0.11000000000001364,PASS,matching track
2,2026-05-19 05:06:02.846328,09:23:54+00:00,37.420716666666664,-122.07994666666667,15.927200000000001,274.47,True,0.7376571014083145,True,1.0,True,0.22999999999996135,PASS,matching track
2,2026-05-19 05:06:03.349683,09:23:55+00:00,37.42072,-122.07999833333334,15.927200000000001,273.83,True,0.7376570687115995,True,1.0,True,0.3100000000000023,PASS,matching track
2,2026-05-19 05:06:03.852707,09:23:56+00:00,37.420723333333335,-122.08004833333334,15.927200000000001,273.76,True,0.7376570360148821,True,1.0,True,0.37999999999999545,PASS,matching track
2,2026-05-19 05:06:04.356332,09:23:57+00:00,37.42072833333334,-122.0801,15.927200000000001,273.69,True,0.7604958446125119,True,1.0,True,0.37999999999999545,PASS,matching track
2,2026-05-19 05:06:04.859901,09:23:58+00:00,37.42073,-122.08015,15.927200000000001,273.62,True,0.7604958270183704,True,1.0,True,0.2599999999999909,PASS,matching track
2,2026-05-19 05:06:05.362673,09:23:59+00:00,37.42073333333333,-122.0802,15.94572,274.28,True,0.7604957953646431,True,1.0,True,0.13999999999998636,PASS,matching track
2,2026-05-19 05:06:05.865374,09:24:00+00:00,37.42073666666667,-122.08025166666667,15.94572,273.43,True,0.7604957647695616,True,1.0,True,0.44999999999998863,PASS,matching track
2,2026-05-19 05:06:06.368977,09:24:01+00:00,37.420741666666665,-122.08030166666667,15.96424,273.18,True,0.8252284578149088,True,1.0,True,0.6999999999999886,PASS,matching track
2,2026-05-19 05:06:06.871880,09:24:02+00:00,37.420745,-122.08035333333333,15.96424,273.13,True,0.8252284275857275,True,1.0,True,0.75,PASS,matching track
2,2026-05-19 05:06:07.374442,09:24:03+00:00,37.420746666666666,-122.08040333333334,15.982760000000003,273.08,True,0.8252284131785005,True,1.0,True,0.8000000000000114,PASS,matching track
2,2026-05-19 05:06:07.877304,09:24:04+00:00,37.42075,-122.080455,11.334240000000001,237.21,True,0.8252283854219338,True,1.0,True,0.8400000000000034,PASS,matching track
2,2026-05-19 05:06:08.379917,09:24:05+00:00,37.42073666666667,-122.080485,16.0198,182.15,True,3.570116454399042,True,1.0,True,0.09000000000000341,PASS,matching track
2,2026-05-19 05:06:08.883490,09:24:06+00:00,37.420695,-122.08048833333334,16.0198,181.14,True,4.198463551587004,True,1.0,True,0.9200000000000159,PASS,matching track
2,2026-05-19 05:06:09.385979,09:24:07+00:00,37.420655,-122.08049,16.05684,177.28,True,3.984074968330621,True,1.0,True,0.9399999999999977,PASS,matching track
2,2026-05-19 05:06:09.888833,09:24:08+00:00,37.420613333333336,-122.08048833333334,16.09388,177.25,True,4.112035296167047,True,1.0,True,0.9699999999999989,PASS,matching track
2,2026-05-19 05:06:10.391641,09:24:09+00:00,37.42057333333333,-122.080485,16.1124,177.32,True,3.9096270470556376,True,1.0,True,0.9000000000000057,PASS,matching track
2,2026-05-19 05:06:10.894504,09:24:10+00:00,37.42053333333333,-122.08048333333333,16.130920000000003,177.95,True,3.909627045987066,True,1.0,True,0.27000000000001023,PASS,matching track
2,2026-05-19 05:06:11.397888,09:24:11+00:00,37.42049333333333,-122.08048333333333,16.149440000000002,178.18,True,3.929063897572007,True,1.0,True,0.03999999999999204,PASS,matching track
2,2026-05-19 05:06:11.900748,09:24:12+00:00,37.420453333333334,-122.08048166666667,16.18648,178.19,True,3.7258991180432934,True,1.0,True,0.11000000000001364,PASS,matching track
2,2026-05-19 05:06:12.403999,09:24:13+00:00,37.420411666666666,-122.08048166666667,16.205000000000002,178.2,True,3.9290639402002223,True,1.0,True,0.7400000000000091,PASS,matching track
2,2026-05-19 05:06:12.907534,09:24:14+00:00,37.42037166666667,-122.08047833333333,16.22352,178.21,True,3.7112660562921036,True,1.0,True,0.9699999999999989,PASS,matching track
2,2026-05-19 05:06:13.411329,09:24:15+00:00,37.42033166666667,-122.08047833333333,16.260559999999998,179.22,True,3.7258991252777975,True,1.0,True,0.030000000000001137,PASS,matching track
2,2026-05-19 05:06:13.913980,09:24:16+00:00,37.42029,-122.08047833333333,16.27908,179.42,True,3.9096270469738776,True,1.0,True,0.22999999999998977,PASS,matching track
2,2026-05-19 05:06:14.416403,09:24:17+00:00,37.42025,-122.08047833333333,16.297600000000003,179.45,True,3.7258991324541832,True,1.0,True,0.2599999999999909,PASS,matching track
2,2026-05-19 05:06:14.919971,09:24:18+00:00,37.420208333333335,-122.08047666666667,16.33464,179.49,True,3.895684104436549,True,1.0,True,0.6899999999999977,PASS,matching track
2,2026-05-19 05:06:15.423227,09:24:19+00:00,37.420168333333336,-122.08047833333333,16.353160000000003,179.53,True,3.725899138927134,True,1.0,True,0.7199999999999989,PASS,matching track
2,2026-05-19 05:06:15.926534,09:24:20+00:00,37.42012666666667,-122.08047833333333,16.37168,179.57,True,3.8956840755006925,True,1.0,True,0.6800000000000068,PASS,matching track
2,2026-05-19 05:06:16.430314,09:24:21+00:00,37.42008666666667,-122.08047833333333,16.3902,179.55,True,3.7112659661197545,True,1.0,True,0.6999999999999886,PASS,matching track
2,2026-05-19 05:06:16.933697,09:24:22+00:00,37.420046666666664,-122.08047666666667,16.40872,179.57,True,3.7024582769553165,True,1.0,True,0.6800000000000068,PASS,matching track
2,2026-05-19 05:06:17.436680,09:24:23+00:00,37.420005,-122.08047666666667,16.427239999999998,179.63,True,3.8872942156338643,True,1.0,True,0.6200000000000045,PASS,matching track
2,2026-05-19 05:06:17.939873,09:24:24+00:00,37.419965,-122.08047666666667,16.445760000000003,179.69,True,3.7024582301852407,True,1.0,True,0.5600000000000023,PASS,matching track
2,2026-05-19 05:06:18.442585,09:24:25+00:00,37.41992333333334,-122.08047666666667,16.445760000000003,179.75,True,3.8872941669520884,True,1.0,True,0.5,PASS,matching track
2,2026-05-19 05:06:18.945954,09:24:26+00:00,37.41988333333333,-122.08047666666667,16.464280000000002,179.82,True,3.702458184476248,True,1.0,True,0.4300000000000068,PASS,matching track
2,2026-05-19 05:06:19.453910,09:24:27+00:00,37.41984166666667,-122.08047666666667,16.464280000000002,179.89,True,3.884493474617047,True,1.0,True,0.36000000000001364,PASS,matching track
2,2026-05-19 05:06:19.957271,09:24:28+00:00,37.419801666666665,-122.08047666666667,16.4828,179.96,True,3.6995175687185666,True,1.0,True,0.28999999999999204,PASS,matching track
2,2026-05-19 05:06:20.460274,09:24:29+00:00,37.419761666666666,-122.080475,16.4828,180.04,True,3.7024581197959625,True,1.0,True,0.21000000000000796,PASS,matching track
2,2026-05-19 05:06:20.963198,09:24:30+00:00,37.41972,-122.080475,16.4828,180.11,True,3.887294049138444,True,1.0,True,0.13999999999998636,PASS,matching track
2,2026-05-19 05:06:21.466174,09:24:31+00:00,37.41968,-122.080475,16.4828,180.19,True,3.702458073379353,True,1.0,True,0.060000000000002274,PASS,matching track
2,2026-05-19 05:06:21.969124,09:24:32+00:00,37.41963666666667,-122.080475,16.4828,180.27,True,4.072142656723024,True,1.0,True,0.020000000000010232,PASS,matching track
2,2026-05-19 05:06:22.473175,09:24:33+00:00,37.41959666666666,-122.080475,16.4828,180.34,True,3.887293977872138,True,1.0,True,0.09000000000000341,PASS,matching track
2,2026-05-19 05:06:22.975788,09:24:34+00:00,37.419555,-122.080475,12.463960000000002,205.23,True,4.080152442573979,True,1.0,True,0.1699999999999875,PASS,matching track
2,2026-05-19 05:06:23.478999,09:24:35+00:00,37.41952833333333,-122.08049166666666,16.464280000000002,270.25,True,2.6787222950074465,True,1.0,True,0.009999999999990905,PASS,matching track
2,2026-05-19 05:06:23.981476,09:24:36+00:00,37.41952833333333,-122.08054166666666,16.445760000000003,270.56,True,4.168051427221156,True,1.0,True,0.22000000000002728,PASS,matching track
2,2026-05-19 05:06:24.483844,09:24:37+00:00,37.41952833333333,-122.08059166666666,16.427239999999998,270.73,True,4.168051427221156,True,1.0,True,0.3900000000000432,PASS,matching track
2,2026-05-19 05:06:24.987457,09:24:38+00:00,37.41952666666667,-122.08064166666666,16.40872,270.8,True,4.000553858621345,True,1.0,True,0.4600000000000364,PASS,matching track
2,2026-05-19 05:06:25.489945,09:24:39+00:00,37.41952666666667,-122.08069333333333,16.3902,270.87,True,4.147477873124033,True,1.0,True,0.5300000000000296,PASS,matching track
2,2026-05-19 05:06:25.992929,09:24:40+00:00,37.41952666666667,-122.08074333333333,11.630560000000001,321.08,True,4.000553858621345,True,1.0,True,0.589999999999975,PASS,matching track
2,2026-05-19 05:06:26.495322,09:24:41+00:00,37.41955,-122.080765,16.353160000000003,1.28,True,3.30695249714456,True,1.0,True,0.65,PASS,matching track
2,2026-05-19 05:06:26.997972,09:24:42+00:00,37.41958833333333,-122.080765,16.33464,0.85,True,4.661899225980985,True,1.0,True,0.21999999999999997,PASS,matching track
2,2026-05-19 05:06:27.501041,09:24:43+00:00,37.419628333333335,-122.080765,16.31612,0.76,True,4.661899219209977,True,1.0,True,0.13,PASS,matching track
2,2026-05-19 05:06:28.003574,09:24:44+00:00,37.419669999999996,-122.080765,13.53812,284.28,True,4.845443630989979,True,1.0,True,0.8099999999999454,PASS,matching track
2,2026-05-19 05:06:28.505992,09:24:45+00:00,37.41967833333333,-122.080805,16.260559999999998,270.85,True,3.1524955508838555,True,1.0,True,0.8500000000000227,PASS,matching track
2,2026-05-19 05:06:29.008768,09:24:46+00:00,37.41967666666667,-122.080855,16.24204,270.89,True,3.8358699708184725,True,1.0,True,0.8899999999999864,PASS,matching track
2,2026-05-19 05:06:29.511571,09:24:47+00:00,37.41967666666667,-122.080905,16.22352,270.92,True,3.6883365095314935,True,1.0,True,0.9200000000000159,PASS,matching track
2,2026-05-19 05:06:30.014986,09:24:48+00:00,37.41967666666667,-122.08095666666667,14.760440000000001,276.82,True,3.8358699708184725,True,1.0,True,0.9499999999999886,PASS,matching track
2,2026-05-19 05:06:30.517714,09:24:49+00:00,37.41968,-122.08100333333333,16.16796,1.15,True,3.413376961865406,True,1.0,True,0.97,PASS,matching track
2,2026-05-19 05:06:31.021201,09:24:50+00:00,37.419718333333336,-122.08100166666667,16.149440000000002,1.17,True,4.345559019841233,True,1.0,True,0.99,PASS,matching track
2,2026-05-19 05:06:31.524387,09:24:51+00:00,37.41976,-122.08100166666667,16.1124,1.18,True,4.500290119470016,True,1.0,True,1.0,PASS,matching track
2,2026-05-19 05:06:32.027109,09:24:52+00:00,37.4198,-122.08100166666667,16.09388,1.18,True,4.317922569175689,True,1.0,True,1.0,PASS,matching track
2,2026-05-19 05:06:32.530407,09:24:53+00:00,37.41984166666667,-122.08100166666667,16.07536,1.18,True,4.500290049796262,True,1.0,True,1.0,PASS,matching track
2,2026-05-19 05:06:33.033394,09:24:54+00:00,37.41988,-122.08100166666667,16.05684,1.17,True,4.135786649470696,True,1.0,True,0.99,PASS,matching track
2,2026-05-19 05:06:33.535916,09:24:55+00:00,37.41992,-122.08100166666667,16.038320000000002,1.16,True,4.135786605473478,True,1.0,True,0.98,PASS,matching track
2,2026-05-19 05:06:34.038035,09:24:56+00:00,37.419961666666666,-122.08100166666667,16.0198,1.14,True,4.3179224132553475,True,1.0,True,0.96,PASS,matching track
2,2026-05-19 05:06:34.540779,09:24:57+00:00,37.420001666666664,-122.08100166666667,16.00128,1.11,True,4.135786520338333,True,1.0,True,0.9200000000000002,PASS,matching track
2,2026-05-19 05:06:35.044556,09:24:58+00:00,37.42004166666667,-122.08100166666667,15.982760000000003,1.08,True,4.135786477753567,True,1.0,True,0.8600000000000001,PASS,matching track
2,2026-05-19 05:06:35.547628,09:24:59+00:00,37.42008166666667,-122.08100166666667,15.96424,1.05,True,3.953914270805459,True,1.0,True,0.8300000000000001,PASS,matching track
2,2026-05-19 05:06:36.050651,09:25:00+00:00,37.420123333333336,-122.081,15.94572,1.01,True,4.16463127785927,True,1.0,True,0.79,PASS,matching track
2,2026-05-19 05:06:36.553996,09:25:01+00:00,37.420163333333335,-122.081,15.94572,1.0,True,3.9539141728186946,True,1.0,True,0.78,PASS,matching track
2,2026-05-19 05:06:37.056440,09:25:02+00:00,37.42020333333333,-122.081,15.927200000000001,0.95,True,3.9539141245235174,True,1.0,True,0.73,PASS,matching track
2,2026-05-19 05:06:37.558840,09:25:03+00:00,37.420245,-122.081,15.927200000000001,0.89,True,4.135786258895562,True,1.0,True,0.67,PASS,matching track
2,2026-05-19 05:06:38.062062,09:25:04+00:00,37.42028333333333,-122.081,15.927200000000001,0.83,True,3.7723436787149964,True,1.0,True,0.61,PASS,matching track
2,2026-05-19 05:06:38.565138,09:25:05+00:00,37.420325,-122.081,15.927200000000001,0.77,True,3.95391397965559,True,1.0,True,0.55,PASS,matching track
2,2026-05-19 05:06:39.067932,09:25:06+00:00,37.420365,-122.081,14.00112,278.84,True,3.772343572118399,True,1.0,True,0.48999999999995225,PASS,matching track
2,2026-05-19 05:06:39.570853,09:25:07+00:00,37.42037,-122.08104333333333,15.927200000000001,270.42,True,3.103691133654883,True,1.0,True,0.4200000000000159,PASS,matching track
2,2026-05-19 05:06:40.074260,09:25:08+00:00,37.42037,-122.081095,15.94572,270.35,True,3.906543631288518,True,1.0,True,0.35000000000002274,PASS,matching track
2,2026-05-19 05:06:40.577814,09:25:09+00:00,37.42037,-122.08114833333333,15.94572,270.27,True,4.051501725461596,True,1.0,True,0.2699999999999818,PASS,matching track
2,2026-05-19 05:06:41.080441,09:25:10+00:00,37.42037,-122.08119833333333,15.96424,270.2,True,3.906543631288518,True,1.0,True,0.19999999999998863,PASS,matching track
2,2026-05-19 05:06:41.584079,09:25:11+00:00,37.42037,-122.08125,15.96424,270.12,True,4.051501725461596,True,1.0,True,0.12000000000000455,PASS,matching track
2,2026-05-19 05:06:42.086385,09:25:12+00:00,37.42037,-122.0813,15.982760000000003,270.05,True,3.906543631288518,True,1.0,True,0.05000000000001137,PASS,matching track
2,2026-05-19 05:06:42.589175,09:25:13+00:00,37.42037,-122.08135166666666,15.982760000000003,267.91,True,4.051501725461596,True,1.0,True,0.029999999999972715,PASS,matching track
2,2026-05-19 05:06:43.093015,09:25:14+00:00,37.420368333333336,-122.08140333333333,15.03824,250.97,True,4.089328957421905,True,1.0,True,0.11000000000001364,PASS,matching track
2,2026-05-19 05:06:43.595797,09:25:15+00:00,37.42035666666666,-122.08144833333333,15.667920000000002,209.87,True,4.0837730571355735,True,1.0,True,0.18000000000000682,PASS,matching track
2,2026-05-19 05:06:44.097832,09:25:16+00:00,37.420321666666666,-122.08147333333334,15.890160000000002,187.15,True,4.951698407909007,True,1.0,True,0.2599999999999909,PASS,matching track
2,2026-05-19 05:06:44.600716,09:25:17+00:00,37.42028166666667,-122.08148,16.07536,180.59,True,0.8621770263536573,True,1.0,True,0.15000000000000568,PASS,matching track
2,2026-05-19 05:06:45.103878,09:25:18+00:00,37.42024166666667,-122.08148333333334,16.1124,180.49,True,0.7965679249359262,True,1.0,True,0.25,PASS,matching track
2,2026-05-19 05:06:45.606643,09:25:19+00:00,37.4202,-122.08148333333334,16.130920000000003,180.27,True,0.7965679817099187,True,1.0,True,0.46999999999999886,PASS,matching track
2,2026-05-19 05:06:46.109272,09:25:20+00:00,37.42016,-122.081485,16.149440000000002,180.2,True,0.7965680339657396,True,1.0,True,0.5400000000000205,PASS,matching track
2,2026-05-19 05:06:46.612901,09:25:21+00:00,37.42012,-122.081485,16.18648,180.14,True,0.7965680890468401,True,1.0,True,0.6000000000000227,PASS,matching track
2,2026-05-19 05:06:47.115656,09:25:22+00:00,37.420078333333336,-122.08148666666666,16.205000000000002,180.08,True,0.7544687843121036,True,1.0,True,0.6599999999999966,PASS,matching track
2,2026-05-19 05:06:47.618571,09:25:23+00:00,37.42003833333333,-122.08148833333334,16.22352,180.02,True,0.7544687942656952,True,1.0,True,0.6299999999999955,PASS,matching track
2,2026-05-19 05:06:48.122743,09:25:24+00:00,37.41999666666667,-122.08148833333334,16.260559999999998,179.97,True,0.7544688048547311,True,1.0,True,0.6299999999999955,PASS,matching track
2,2026-05-19 05:06:48.624886,09:25:25+00:00,37.419958333333334,-122.08149166666666,16.27908,179.92,True,4.996527438471522,True,1.0,True,0.6800000000000068,PASS,matching track
2,2026-05-19 05:06:49.128067,09:25:26+00:00,37.419918333333335,-122.08149166666666,16.297600000000003,179.79,True,4.994348822468945,True,1.0,True,0.8100000000000023,PASS,matching track
2,2026-05-19 05:06:49.631084,09:25:27+00:00,37.41987666666667,-122.08149166666666,16.33464,179.71,True,0.5549276421802902,True,1.0,True,0.8899999999999864,PASS,matching track
2,2026-05-19 05:06:50.134581,09:25:28+00:00,37.41983666666667,-122.08149333333333,16.353160000000003,179.67,True,4.996527343693036,True,1.0,True,0.9300000000000068,PASS,matching track
2,2026-05-19 05:06:50.636943,09:25:29+00:00,37.419795,-122.081495,16.37168,179.65,True,0.5742044325588256,True,1.0,True,0.9099999999999966,PASS,matching track
2,2026-05-19 05:06:51.140255,09:25:30+00:00,37.419755,-122.081495,16.3902,179.63,True,4.996527277875282,True,1.0,True,0.9200000000000159,PASS,matching track
2,2026-05-19 05:06:51.642778,09:25:31+00:00,37.419715,-122.08149666666667,16.40872,179.61,True,0.39828431713177503,True,1.0,True,0.38999999999998636,PASS,matching track
2,2026-05-19 05:06:52.145964,09:25:32+00:00,37.419675,-122.08149666666667,16.427239999999998,179.56,True,4.81163509398566,True,1.0,True,0.4399999999999977,PASS,matching track
2,2026-05-19 05:06:52.648980,09:25:33+00:00,37.419635,-122.08149833333333,16.445760000000003,179.55,True,4.818415753743195,True,1.0,True,0.44999999999998863,PASS,matching track
2,2026-05-19 05:06:53.151356,09:25:34+00:00,37.41959333333333,-122.0815,16.445760000000003,179.0,True,0.47321133664890447,True,1.0,True,1.0,PASS,matching track
2,2026-05-19 05:06:53.653595,09:25:35+00:00,37.419555,-122.0815,13.186240000000002,196.0,True,4.6338008392266286,True,1.0,True,0.9900000000000091,PASS,matching track
2,2026-05-19 05:06:54.156044,09:25:36+00:00,37.41952333333333,-122.08151333333333,16.464280000000002,269.74,True,3.982844343024201,True,1.0,True,0.7199999999999704,PASS,matching track
2,2026-05-19 05:06:54.659170,09:25:37+00:00,37.41952333333333,-122.08156333333334,16.4828,269.76,True,4.872126742770983,True,1.0,True,0.07999999999998408,PASS,matching track
2,2026-05-19 05:06:55.162389,09:25:38+00:00,37.419525,-122.081615,16.4828,269.78,True,0.4796998592499569,True,1.0,True,0.0999999999999659,PASS,matching track
2,2026-05-19 05:06:55.664953,09:25:39+00:00,37.41952666666667,-122.081665,16.4828,269.56,True,4.8686139042127055,True,1.0,True,0.12000000000000455,PASS,matching track
2,2026-05-19 05:06:56.168973,09:25:40+00:00,37.41952666666667,-122.08171666666667,16.4828,268.82,True,0.44260126413370204,True,1.0,True,0.8600000000000136,PASS,matching track
2,2026-05-19 05:06:56.672328,09:25:41+00:00,37.41952666666667,-122.08176833333333,16.4828,268.86,True,0.5901350184256199,True,1.0,True,0.8199999999999932,PASS,matching track
2,2026-05-19 05:06:57.175017,09:25:42+00:00,37.41952666666667,-122.08182,16.4828,268.91,True,0.5901350184256199,True,1.0,True,0.7699999999999818,PASS,matching track
2,2026-05-19 05:06:57.678585,09:25:43+00:00,37.41952833333333,-122.08187166666667,16.464280000000002,268.96,True,0.6184459601534712,True,1.0,True,0.7200000000000273,PASS,matching track
2,2026-05-19 05:06:58.181626,09:25:44+00:00,37.41952833333333,-122.08192166666667,16.464280000000002,269.02,True,0.6184459601534712,True,1.0,True,0.660000000000025,PASS,matching track
2,2026-05-19 05:06:58.685211,09:25:45+00:00,37.41952666666667,-122.08197333333334,16.445760000000003,269.07,True,0.6184459714014823,True,1.0,True,0.6100000000000136,PASS,matching track
2,2026-05-19 05:06:59.188021,09:25:46+00:00,37.41952666666667,-122.082025,16.427239999999998,269.14,True,0.76050726767803,True,1.0,True,0.5400000000000205,PASS,matching track
2,2026-05-19 05:06:59.690536,09:25:47+00:00,37.41952833333333,-122.08207666666667,16.40872,269.2,True,0.8252390597985847,True,1.0,True,0.4800000000000182,PASS,matching track
2,2026-05-19 05:07:00.193716,09:25:48+00:00,37.41952833333333,-122.08212666666667,16.40872,269.52,True,0.8252390619190492,True,1.0,True,0.160000000000025,PASS,matching track
2,2026-05-19 05:07:00.696570,09:25:49+00:00,37.41952833333333,-122.08217833333333,16.3902,270.28,True,0.8252390597985847,True,1.0,True,0.34000000000003183,PASS,matching track
2,2026-05-19 05:07:01.198941,09:25:50+00:00,37.41952833333333,-122.08222833333333,16.353160000000003,270.36,True,0.8252390597985847,True,1.0,True,0.2599999999999909,PASS,matching track
2,2026-05-19 05:07:01.701506,09:25:51+00:00,37.41953,-122.08228,16.33464,270.43,True,0.8252390460975957,True,1.0,True,0.18999999999999773,PASS,matching track
2,2026-05-19 05:07:02.205276,09:25:52+00:00,37.419531666666664,-122.08233,16.31612,270.51,True,0.9230925370556574,True,1.0,True,0.11000000000001364,PASS,matching track
2,2026-05-19 05:07:02.708808,09:25:53+00:00,37.419531666666664,-122.08238166666666,16.297600000000003,270.59,True,0.9230925370556574,True,1.0,True,0.03000000000002956,PASS,matching track
2,2026-05-19 05:07:03.212842,09:25:54+00:00,37.419531666666664,-122.08243166666666,16.27908,270.66,True,0.9230925370556574,True,1.0,True,0.040000000000020464,PASS,matching track
2,2026-05-19 05:07:03.716170,09:25:55+00:00,37.419533333333334,-122.08248333333333,16.24204,270.51,True,0.9230925251303685,True,1.0,True,0.11000000000001364,PASS,matching track
2,2026-05-19 05:07:04.219608,09:25:56+00:00,37.419533333333334,-122.082535,16.22352,270.19,True,0.9230925251303685,True,1.0,True,0.18999999999999773,PASS,matching track
2,2026-05-19 05:07:04.722618,09:25:57+00:00,37.419535,-122.082585,13.908520000000001,280.42,True,1.044802519154474,True,1.0,True,0.27000000000003865,PASS,matching track
2,2026-05-19 05:07:05.225033,09:25:58+00:00,37.41954,-122.08262833333333,16.16796,1.35,True,4.7533051648954014,True,1.0,True,0.3400000000000001,PASS,matching track
2,2026-05-19 05:07:05.727754,09:25:59+00:00,37.419581666666666,-122.08262666666667,16.149440000000002,1.42,True,1.0448022014618816,True,1.0,True,0.4099999999999999,PASS,matching track
2,2026-05-19 05:07:06.231184,09:26:00+00:00,37.419621666666664,-122.08262666666667,16.1124,0.83,True,1.0448019254164784,True,1.0,True,0.18000000000000005,PASS,matching track
2,2026-05-19 05:07:06.734721,09:26:01+00:00,37.41966333333333,-122.08262666666667,16.09388,0.86,True,1.0448016409919205,True,1.0,True,0.15000000000000002,PASS,matching track
2,2026-05-19 05:07:07.237408,09:26:02+00:00,37.41970333333333,-122.082625,16.07536,0.92,True,1.0448013670673926,True,1.0,True,0.08999999999999997,PASS,matching track
2,2026-05-19 05:07:07.740260,09:26:03+00:00,37.419745,-122.082625,16.05684,0.98,True,1.0448010822907758,True,1.0,True,0.63,PASS,matching track
2,2026-05-19 05:07:08.242752,09:26:04+00:00,37.419785,-122.082625,16.038320000000002,1.04,True,1.0448008101323774,True,1.0,True,0.66,PASS,matching track
2,2026-05-19 05:07:08.746712,09:26:05+00:00,37.419825,-122.082625,16.0198,1.09,True,1.0448005369138265,True,1.0,True,0.6800000000000002,PASS,matching track
2,2026-05-19 05:07:09.249284,09:26:06+00:00,37.419866666666664,-122.082625,16.00128,1.13,True,1.0448002503688065,True,1.0,True,0.72,PASS,matching track
2,2026-05-19 05:07:09.752339,09:26:07+00:00,37.41990666666667,-122.082625,15.982760000000003,1.24,True,1.044799978565539,True,1.0,True,0.8300000000000001,PASS,matching track
2,2026-05-19 05:07:10.255347,09:26:08+00:00,37.41994833333333,-122.08262166666667,15.96424,1.31,True,0.9464209933202126,True,1.0,True,0.9000000000000001,PASS,matching track
2,2026-05-19 05:07:10.758454,09:26:09+00:00,37.419988333333336,-122.08262166666667,15.94572,1.34,True,0.946420802554037,True,1.0,True,0.9300000000000002,PASS,matching track
2,2026-05-19 05:07:11.261070,09:26:10+00:00,37.42003,-122.08262166666667,15.94572,1.37,True,0.946420603043342,True,1.0,True,0.9600000000000002,PASS,matching track
2,2026-05-19 05:07:11.764312,09:26:11+00:00,37.42007,-122.08262166666667,15.94572,1.39,True,0.9464204122780835,True,1.0,True,0.98,PASS,matching track
2,2026-05-19 05:07:12.266498,09:26:12+00:00,37.42011,-122.08262166666667,15.927200000000001,1.4,True,0.9464202197453194,True,1.0,True,0.99,PASS,matching track
2,2026-05-19 05:07:12.769742,09:26:13+00:00,37.42015166666667,-122.08262,15.927200000000001,1.41,True,0.9464200198841988,True,1.0,True,1.0,PASS,matching track
2,2026-05-19 05:07:13.272141,09:26:14+00:00,37.42019166666667,-122.08261833333333,15.927200000000001,1.41,True,0.8621773095872574,True,1.0,True,1.0,PASS,matching track
2,2026-05-19 05:07:13.774525,09:26:15+00:00,37.420233333333336,-122.08261833333333,15.927200000000001,1.4,True,0.8621771886693906,True,1.0,True,0.99,PASS,matching track
2,2026-05-19 05:07:14.277272,09:26:16+00:00,37.420273333333334,-122.08261833333333,15.927200000000001,1.38,True,0.8621770697858562,True,1.0,True,0.97,PASS,matching track
2,2026-05-19 05:07:14.780020,09:26:17+00:00,37.420315,-122.08261666666667,15.94572,1.36,True,0.8621769502788602,True,1.0,True,0.9500000000000002,PASS,matching track
2,2026-05-19 05:07:15.282762,09:26:18+00:00,37.420355,-122.082615,15.94572,1.34,True,0.7965677834712359,True,1.0,True,0.9400000000000001,PASS,matching track
2,2026-05-19 05:07:15.785570,09:26:19+00:00,37.42039333333334,-122.082615,15.96424,1.31,True,0.6284962812293842,True,1.0,True,0.92,PASS,matching track
2,2026-05-19 05:07:16.287966,09:26:20+00:00,37.420435,-122.082615,15.96424,1.28,True,0.6284962060413309,True,1.0,True,0.89,PASS,matching track
2,2026-05-19 05:07:16.790924,09:26:21+00:00,37.420475,-122.082615,15.982760000000003,1.24,True,0.6284961389217075,True,1.0,True,0.85,PASS,matching track
2,2026-05-19 05:07:17.293917,09:26:22+00:00,37.420516666666664,-122.08261166666666,16.00128,1.2,True,0.5742041360759074,True,1.0,True,0.8099999999999999,PASS,matching track
2,2026-05-19 05:07:17.797672,09:26:23+00:00,37.42055666666667,-122.08261166666666,12.4084,1.15,True,4.996527875630125,True,1.0,True,0.7599999999999999,PASS,matching track
2,2026-05-19 05:07:18.300596,09:26:24+00:00,37.420586666666665,-122.08261166666666,16.038320000000002,181.11,True,3.887294533254034,True,1.0,True,0.710000000000008,PASS,matching track
2,2026-05-19 05:07:18.803583,09:26:25+00:00,37.42054666666667,-122.08261,16.05684,181.06,True,3.884493916391668,True,1.0,True,0.6599999999999966,PASS,matching track
2,2026-05-19 05:07:19.306493,09:26:26+00:00,37.420505,-122.08261,16.07536,181.0,True,4.254445714378672,True,1.0,True,0.5999999999999943,PASS,matching track
2,2026-05-19 05:07:19.809815,09:26:27+00:00,37.420465,-122.08261166666666,16.09388,180.93,True,4.072143168546378,True,1.0,True,0.5300000000000011,PASS,matching track
2,2026-05-19 05:07:20.312538,09:26:28+00:00,37.42042333333333,-122.08261166666666,16.130920000000003,180.87,True,4.2544456551685474,True,1.0,True,0.46999999999999886,PASS,matching track
2,2026-05-19 05:07:20.815345,09:26:29+00:00,37.420381666666664,-122.08261,16.149440000000002,180.8,True,4.257002851485116,True,1.0,True,0.4000000000000057,PASS,matching track
2,2026-05-19 05:07:21.318272,09:26:30+00:00,37.420341666666666,-122.08261,16.16796,180.72,True,4.257002826312674,True,1.0,True,0.3199999999999932,PASS,matching track
2,2026-05-19 05:07:21.821700,09:26:31+00:00,37.4203,-122.08261166666666,16.205000000000002,180.65,True,4.439421462522258,True,1.0,True,0.25,PASS,matching track
2,2026-05-19 05:07:22.324498,09:26:32+00:00,37.42026,-122.08261,16.22352,180.58,True,4.264665278485102,True,1.0,True,0.18000000000000682,PASS,matching track
2,2026-05-19 05:07:22.826927,09:26:33+00:00,37.42021666666667,-122.08261,16.260559999999998,180.5,True,4.6338011923697815,True,1.0,True,0.09999999999999432,PASS,matching track
2,2026-05-19 05:07:23.329576,09:26:34+00:00,37.42017666666667,-122.08261,16.27908,180.42,True,4.44921626472739,True,1.0,True,0.01999999999998181,PASS,matching track
2,2026-05-19 05:07:23.832888,09:26:35+00:00,37.420135,-122.08261,16.297600000000003,180.35,True,4.633801149074057,True,1.0,True,0.05000000000001137,PASS,matching track
2,2026-05-19 05:07:24.335664,09:26:36+00:00,37.420095,-122.08261,16.31612,180.27,True,4.449216222284803,True,1.0,True,0.12999999999999545,PASS,matching track
2,2026-05-19 05:07:24.838664,09:26:37+00:00,37.420053333333335,-122.08261,16.353160000000003,180.19,True,4.64552926439637,True,1.0,True,0.1599999999999966,PASS,matching track
2,2026-05-19 05:07:25.340928,09:26:38+00:00,37.42001166666667,-122.08261,16.37168,180.12,True,4.829695852751677,True,1.0,True,0.18999999999999773,PASS,matching track
2,2026-05-19 05:07:25.843892,09:26:39+00:00,37.41997166666667,-122.08261,16.3902,180.05,True,4.64552924471988,True,1.0,True,0.2599999999999909,PASS,matching track
2,2026-05-19 05:07:26.347279,09:26:40+00:00,37.41993,-122.08260833333334,16.40872,179.92,True,4.8454435868794645,True,1.0,True,0.3900000000000148,PASS,matching track
2,2026-05-19 05:07:26.849733,09:26:41+00:00,37.41988833333333,-122.08261,16.427239999999998,179.82,True,4.82969582014367,True,1.0,True,0.4900000000000091,PASS,matching track
2,2026-05-19 05:07:27.352266,09:26:42+00:00,37.419846666666665,-122.08261,16.445760000000003,179.75,True,0.6965060400022792,True,1.0,True,0.5600000000000023,PASS,matching track
2,2026-05-19 05:07:27.855761,09:26:43+00:00,37.419806666666666,-122.08261,16.445760000000003,179.69,True,4.845443605036511,True,1.0,True,0.6200000000000045,PASS,matching track
2,2026-05-19 05:07:28.358911,09:26:44+00:00,37.41976666666667,-122.08261,16.464280000000002,179.63,True,4.845443612452453,True,1.0,True,0.6800000000000068,PASS,matching track
2,2026-05-19 05:07:28.861618,09:26:45+00:00,37.41972333333333,-122.08261,16.464280000000002,179.58,True,0.8100630627278308,True,1.0,True,0.7299999999999898,PASS,matching track
2,2026-05-19 05:07:29.364559,09:26:46+00:00,37.41968333333333,-122.08261,16.4828,179.53,True,0.9230913181923525,True,1.0,True,0.7800000000000011,PASS,matching track
2,2026-05-19 05:07:29.867277,09:26:47+00:00,37.419641666666664,-122.08261,16.4828,179.68,True,0.923091642122016,True,1.0,True,0.6299999999999955,PASS,matching track
2,2026-05-19 05:07:30.369630,09:26:48+00:00,37.419601666666665,-122.08261,16.4828,180.14,True,0.923091953419189,True,1.0,True,0.17000000000001592,PASS,matching track
2,2026-05-19 05:07:30.872517,09:26:49+00:00,37.41956,-122.08261,15.371600000000003,184.52,True,0.9230922780538646,True,1.0,True,0.9099999999999966,PASS,matching track
2,2026-05-19 05:07:31.375783,09:26:50+00:00,37.41952333333333,-122.082615,16.4828,269.4,True,4.633800823157468,True,1.0,True,0.9399999999999977,PASS,matching track
2,2026-05-19 05:07:31.878632,09:26:51+00:00,37.41952166666667,-122.08266666666667,16.4828,269.38,True,3.9065860973665396,True,1.0,True,0.660000000000025,PASS,matching track
2,2026-05-19 05:07:32.381546,09:26:52+00:00,37.41952166666667,-122.08271666666667,16.464280000000002,269.36,True,3.761826450459393,True,1.0,True,0.6800000000000068,PASS,matching track
2,2026-05-19 05:07:32.885348,09:26:53+00:00,37.41952166666667,-122.08276833333333,16.464280000000002,269.35,True,3.9065860973665396,True,1.0,True,0.6899999999999977,PASS,matching track
2,2026-05-19 05:07:33.388439,09:26:54+00:00,37.41952166666667,-122.08281833333334,16.445760000000003,269.04,True,3.761826450459393,True,1.0,True,1.0,PASS,matching track
2,2026-05-19 05:07:33.890971,09:26:55+00:00,37.41952166666667,-122.08287,12.14912,296.24,True,3.9065860973665396,True,1.0,True,1.0,PASS,matching track
2,2026-05-19 05:07:34.393759,09:26:56+00:00,37.419536666666666,-122.08290333333333,16.427239999999998,359.93,True,2.398499119087113,True,1.0,True,0.6200000000000045,PASS,matching track
2,2026-05-19 05:07:34.897132,09:26:57+00:00,37.419576666666664,-122.08290166666667,16.40872,359.57,True,3.8039468798907508,True,1.0,True,0.9800000000000182,PASS,matching track
2,2026-05-19 05:07:35.399794,09:26:58+00:00,37.41961666666667,-122.08290166666667,16.3902,359.58,True,3.772344548784039,True,1.0,True,0.9700000000000273,PASS,matching track
2,2026-05-19 05:07:35.902923,09:26:59+00:00,37.41965833333333,-122.08290166666667,16.37168,359.6,True,3.953914768334105,True,1.0,True,0.9499999999999886,PASS,matching track
2,2026-05-19 05:07:36.405754,09:27:00+00:00,37.419698333333336,-122.08290166666667,16.33464,359.63,True,3.772344441127762,True,1.0,True,0.9200000000000159,PASS,matching track
2,2026-05-19 05:07:36.908401,09:27:01+00:00,37.41974,-122.0829,16.31612,359.66,True,3.9840768424351474,True,1.0,True,0.8899999999999864,PASS,matching track
2,2026-05-19 05:07:37.410871,09:27:02+00:00,37.41978,-122.0829,16.297600000000003,359.7,True,3.7723443359438935,True,1.0,True,0.8500000000000227,PASS,matching track
2,2026-05-19 05:07:37.913361,09:27:03+00:00,37.419821666666664,-122.0829,16.27908,359.75,True,3.9539145762493826,True,1.0,True,0.8000000000000114,PASS,matching track
2,2026-05-19 05:07:38.416535,09:27:04+00:00,37.41986166666667,-122.08289833333333,16.24204,359.79,True,3.803946274127515,True,1.0,True,0.7599999999999909,PASS,matching track
2,2026-05-19 05:07:38.919667,09:27:05+00:00,37.41990166666667,-122.08289833333333,16.22352,359.85,True,3.772344178168547,True,1.0,True,0.6999999999999886,PASS,matching track
2,2026-05-19 05:07:39.423470,09:27:06+00:00,37.419943333333336,-122.08289833333333,16.205000000000002,359.9,True,3.95391443279468,True,1.0,True,0.6500000000000341,PASS,matching track
2,2026-05-19 05:07:39.926418,09:27:07+00:00,37.419983333333334,-122.08289666666667,16.16796,359.96,True,3.8039460144637665,True,1.0,True,0.5900000000000318,PASS,matching track
2,2026-05-19 05:07:40.430348,09:27:08+00:00,37.420025,-122.08289833333333,16.149440000000002,0.03,True,3.9290641638214048,True,1.0,True,0.52,PASS,matching track
2,2026-05-19 05:07:40.932982,09:27:09+00:00,37.420065,-122.08289833333333,16.130920000000003,0.1,True,3.746289606900597,True,1.0,True,0.45000000000000007,PASS,matching track
2,2026-05-19 05:07:41.436070,09:27:10+00:00,37.42010666666667,-122.08289833333333,16.09388,0.17,True,3.9290641215452844,True,1.0,True,0.38,PASS,matching track
2,2026-05-19 05:07:41.938386,09:27:11+00:00,37.42014666666667,-122.08289666666667,16.07536,0.24,True,3.772343857318091,True,1.0,True,0.2699999999999818,PASS,matching track
2,2026-05-19 05:07:42.442036,09:27:12+00:00,37.420188333333336,-122.08289666666667,16.05684,0.34,True,3.929064077499057,True,1.0,True,0.21000000000000002,PASS,matching track
2,2026-05-19 05:07:42.945185,09:27:13+00:00,37.42023,-122.08289833333333,16.038320000000002,0.45,True,4.093467371210965,True,1.0,True,0.10000000000000003,PASS,matching track
2,2026-05-19 05:07:43.447836,09:27:14+00:00,37.42027,-122.08289666666667,16.0198,359.88,True,3.9290640359291924,True,1.0,True,0.09000000000003183,PASS,matching track
2,2026-05-19 05:07:43.950778,09:27:15+00:00,37.42031166666666,-122.08289666666667,16.00128,359.46,True,4.093467375974139,True,1.0,True,0.010000000000047748,PASS,matching track
2,2026-05-19 05:07:44.453282,09:27:16+00:00,37.42035166666667,-122.08289833333333,15.982760000000003,359.54,True,3.895684143484873,True,1.0,True,0.06999999999999318,PASS,matching track
2,2026-05-19 05:07:44.955511,09:27:17+00:00,37.42039166666667,-122.08289833333333,15.96424,359.61,True,3.909627048282162,True,1.0,True,0.13999999999998636,PASS,matching track
2,2026-05-19 05:07:45.458078,09:27:18+00:00,37.420435,-122.0829,15.96424,359.32,True,4.264665337928737,True,1.0,True,0.1500000000000341,PASS,matching track
2,2026-05-19 05:07:45.960431,09:27:19+00:00,37.420475,-122.08290166666667,15.94572,358.57,True,4.072143154282374,True,1.0,True,0.29000000000002046,PASS,matching track
2,2026-05-19 05:07:46.462731,09:27:20+00:00,37.420516666666664,-122.08290333333333,15.94572,358.65,True,4.257002914313772,True,1.0,True,0.37000000000000455,PASS,matching track
2,2026-05-19 05:07:46.965431,09:27:21+00:00,37.42055666666667,-122.08290666666667,15.927200000000001,358.72,True,4.069469823570769,True,1.0,True,0.37999999999999545,PASS,matching track
2,2026-05-19 05:07:47.467962,09:27:22+00:00,37.4206,-122.08290666666667,15.927200000000001,358.78,True,4.441872380422872,True,1.0,True,0.5,PASS,matching track
2,2026-05-19 05:07:47.971103,09:27:23+00:00,37.42064,-122.08290833333334,15.927200000000001,0.99,True,4.254445783202063,True,1.0,True,0.5700000000000001,PASS,matching track
2,2026-05-19 05:07:48.474111,09:27:24+00:00,37.42068,-122.08290833333334,15.927200000000001,0.93,True,4.257003021455233,True,1.0,True,0.06999999999999995,PASS,matching track
2,2026-05-19 05:07:48.976732,09:27:25+00:00,37.420721666666665,-122.08291,15.927200000000001,0.69,True,4.439421747672787,True,1.0,True,0.26999999999999996,PASS,matching track
2,2026-05-19 05:07:49.479661,09:27:26+00:00,37.42076333333333,-122.08291,15.94572,0.8,True,4.439421779682028,True,1.0,True,0.19999999999999996,PASS,matching track
2,2026-05-19 05:07:49.982613,09:27:27+00:00,37.420805,-122.08291,15.94572,1.79,True,4.624397719567647,True,1.0,True,0.79,PASS,matching track
2,2026-05-19 05:07:50.486349,09:27:28+00:00,37.420845,-122.08291,15.96424,1.84,True,4.439421841159295,True,1.0,True,0.8400000000000001,PASS,matching track
2,2026-05-19 05:07:50.989576,09:27:29+00:00,37.42088666666667,-122.08291,13.59368,287.28,True,4.626750510478168,True,1.0,True,0.8799999999999955,PASS,matching track
2,2026-05-19 05:07:51.493108,09:27:30+00:00,37.420896666666664,-122.08295166666667,15.982760000000003,275.46,True,3.9931443959240562,True,1.0,True,0.6999999999999886,PASS,matching track
2,2026-05-19 05:07:51.995446,09:27:31+00:00,37.4209,-122.08300166666666,16.00128,275.49,True,4.607006495828265,True,1.0,True,0.7300000000000182,PASS,matching track
2,2026-05-19 05:07:52.498027,09:27:32+00:00,37.420903333333335,-122.083055,16.0198,275.56,True,4.900048969978617,True,1.0,True,0.8000000000000114,PASS,matching track
2,2026-05-19 05:07:53.000225,09:27:33+00:00,37.42090666666667,-122.083105,16.038320000000002,275.74,True,4.753496194199958,True,1.0,True,0.9800000000000182,PASS,matching track
2,2026-05-19 05:07:53.502819,09:27:34+00:00,37.42091166666667,-122.08315666666667,16.05684,274.39,True,4.924427662573601,True,1.0,True,0.160000000000025,PASS,matching track
2,2026-05-19 05:07:54.005483,09:27:35+00:00,37.420915,-122.08320666666667,16.07536,274.4,True,4.778622630097786,True,1.0,True,0.20000000000004547,PASS,matching track
2,2026-05-19 05:07:54.508856,09:27:36+00:00,37.42091666666666,-122.08326,16.09388,274.4,True,0.5768474664492393,True,1.0,True,0.36000000000001364,PASS,matching track
2,2026-05-19 05:07:55.011837,09:27:37+00:00,37.42092,-122.08331,16.130920000000003,274.15,True,4.924427128219286,True,1.0,True,0.75,PASS,matching track
2,2026-05-19 05:07:55.513804,09:27:38+00:00,37.420921666666665,-122.08336166666666,16.149440000000002,272.02,True,0.5768474439998311,True,1.0,True,0.9799999999999613,PASS,matching track
2,2026-05-19 05:07:56.016041,09:27:39+00:00,37.420923333333334,-122.08341166666666,16.16796,272.01,True,4.900047684002357,True,1.0,True,0.9699999999999704,PASS,matching track
2,2026-05-19 05:07:56.518687,09:27:40+00:00,37.420925,-122.083465,16.205000000000002,271.98,True,0.8100562993926507,True,1.0,True,0.8799999999999955,PASS,matching track
2,2026-05-19 05:07:57.021447,09:27:41+00:00,37.420925,-122.083515,16.22352,271.95,True,0.810056300452913,True,1.0,True,0.9099999999999682,PASS,matching track
2,2026-05-19 05:07:57.524139,09:27:42+00:00,37.42092666666667,-122.08356666666667,16.24204,271.92,True,0.8100562888701431,True,1.0,True,0.8799999999999955,PASS,matching track
2,2026-05-19 05:07:58.026971,09:27:43+00:00,37.42092666666667,-122.08361666666667,16.260559999999998,273.7,True,0.8100562906355558,True,1.0,True,0.28000000000002956,PASS,matching track
2,2026-05-19 05:07:58.529480,09:27:44+00:00,37.42093,-122.08366833333334,16.297600000000003,274.78,True,0.9464162871363369,True,1.0,True,0.38999999999998636,PASS,matching track
2,2026-05-19 05:07:59.031858,09:27:45+00:00,37.42093333333333,-122.08372,16.31612,275.14,True,1.0447929585614633,True,1.0,True,0.75,PASS,matching track
2,2026-05-19 05:07:59.534635,09:27:46+00:00,37.42093666666667,-122.08377166666666,16.33464,274.73,True,1.0447929372065665,True,1.0,True,0.34000000000003183,PASS,matching track
2,2026-05-19 05:08:00.037462,09:27:47+00:00,37.42094,-122.08382166666667,16.37168,274.41,True,1.0447929130255063,True,1.0,True,0.020000000000038654,PASS,matching track
2,2026-05-19 05:08:00.540215,09:27:48+00:00,37.420941666666664,-122.08387333333333,16.3902,274.35,True,1.0447929004038918,True,1.0,True,0.03999999999996362,PASS,matching track
2,2026-05-19 05:08:01.043958,09:27:49+00:00,37.420945,-122.08392333333333,16.40872,274.28,True,1.0447928790486753,True,1.0,True,0.23999999999995225,PASS,matching track
2,2026-05-19 05:08:01.546689,09:27:50+00:00,37.420946666666666,-122.083975,16.427239999999998,274.21,True,1.0447928671358464,True,1.0,True,0.4399999999999977,PASS,matching track
2,2026-05-19 05:08:02.049354,09:27:51+00:00,37.42095,-122.084025,16.427239999999998,274.14,True,1.0447928440142977,True,1.0,True,0.37000000000000455,PASS,matching track
2,2026-05-19 05:08:02.552040,09:27:52+00:00,37.42095166666667,-122.08407666666666,16.445760000000003,274.07,True,1.0447928328072782,True,1.0,True,0.30000000000001137,PASS,matching track
2,2026-05-19 05:08:03.054908,09:27:53+00:00,37.420955,-122.08412666666666,16.464280000000002,274.0,True,1.0447928110975642,True,1.0,True,0.2300000000000182,PASS,matching track
2,2026-05-19 05:08:03.559733,09:27:54+00:00,37.42095833333333,-122.08417833333333,16.464280000000002,273.92,True,1.044792787976601,True,1.0,True,0.1500000000000341,PASS,matching track
2,2026-05-19 05:08:04.062708,09:27:55+00:00,37.42096,-122.08422833333333,16.4828,273.84,True,1.0447927753571615,True,1.0,True,0.06999999999999318,PASS,matching track
2,2026-05-19 05:08:04.565188,09:27:56+00:00,37.42096333333333,-122.08427833333333,16.4828,273.77,True,1.0447927522357732,True,1.0,True,0.0,PASS,matching track
2,2026-05-19 05:08:05.068871,09:27:57+00:00,37.420965,-122.08433,16.4828,273.69,True,1.0447927420889562,True,1.0,True,0.07999999999998408,PASS,matching track
2,2026-05-19 05:08:05.571533,09:27:58+00:00,37.420968333333334,-122.08438,16.4828,273.61,True,1.04479271931888,True,1.0,True,0.15999999999996817,PASS,matching track
2,2026-05-19 05:08:06.074079,09:27:59+00:00,37.42097166666667,-122.08443166666666,16.4828,273.54,True,1.044792696903781,True,1.0,True,0.22999999999996135,PASS,matching track
2,2026-05-19 05:08:06.576335,09:28:00+00:00,37.420973333333336,-122.08448166666666,16.4828,273.47,True,1.044792684989517,True,1.0,True,0.2999999999999545,PASS,matching track
2,2026-05-19 05:08:07.078913,09:28:01+00:00,37.42097666666667,-122.08453333333334,16.464280000000002,273.39,True,1.0447926629289244,True,1.0,True,0.37999999999999545,PASS,matching track
2,2026-05-19 05:08:07.582031,09:28:02+00:00,37.42097833333333,-122.08458333333333,16.464280000000002,273.32,True,1.044792649954819,True,1.0,True,0.44999999999998863,PASS,matching track
2,2026-05-19 05:08:08.084677,09:28:03+00:00,37.42098166666667,-122.084635,16.445760000000003,273.26,True,1.044792627541109,True,1.0,True,0.5099999999999909,PASS,matching track
2,2026-05-19 05:08:08.587557,09:28:04+00:00,37.420985,-122.084685,16.427239999999998,273.44,True,1.044792605478269,True,1.0,True,0.3299999999999841,PASS,matching track
2,2026-05-19 05:08:09.090530,09:28:05+00:00,37.420986666666664,-122.08473666666667,16.427239999999998,273.41,True,1.0447925935640687,True,1.0,True,0.3599999999999568,PASS,matching track
2,2026-05-19 05:08:09.593962,09:28:06+00:00,37.420988333333334,-122.08478666666667,16.40872,273.35,True,0.9230812037009892,True,1.0,True,0.4199999999999591,PASS,matching track
2,2026-05-19 05:08:10.097155,09:28:07+00:00,37.420991666666666,-122.08483833333334,16.3902,273.3,True,0.923081177023577,True,1.0,True,0.7199999999999704,PASS,matching track
2,2026-05-19 05:08:10.600790,09:28:08+00:00,37.420993333333335,-122.08488666666666,16.37168,273.25,True,0.8100559128231295,True,1.0,True,0.8000000000000114,PASS,matching track
2,2026-05-19 05:08:11.104571,09:28:09+00:00,37.42099666666667,-122.08493833333333,16.353160000000003,275.22,True,0.8100558938974479,True,1.0,True,0.839999999999975,PASS,matching track
2,2026-05-19 05:08:11.607017,09:28:10+00:00,37.42100166666667,-122.08498833333333,16.31612,275.18,True,0.8100558669221154,True,1.0,True,0.8799999999999955,PASS,matching track
2,2026-05-19 05:08:12.110906,09:28:11+00:00,37.42100333333333,-122.08503833333333,16.297600000000003,275.14,True,0.6964984112166611,True,1.0,True,0.0999999999999659,PASS,matching track
2,2026-05-19 05:08:12.613828,09:28:12+00:00,37.42100833333333,-122.08509,16.27908,275.12,True,0.6964983774957646,True,1.0,True,0.07999999999998408,PASS,matching track
2,2026-05-19 05:08:13.116709,09:28:13+00:00,37.421011666666665,-122.08513833333333,16.24204,275.09,True,4.924421263214925,True,1.0,True,0.049999999999954525,PASS,matching track
2,2026-05-19 05:08:13.619275,09:28:14+00:00,37.42101666666667,-122.08518833333333,16.22352,274.06,True,4.95558946665462,True,1.0,True,0.9800000000000182,PASS,matching track
2,2026-05-19 05:08:14.122317,09:28:15+00:00,37.42102,-122.08524,16.205000000000002,274.88,True,0.5768470038049275,True,1.0,True,0.160000000000025,PASS,matching track
2,2026-05-19 05:08:14.625043,09:28:16+00:00,37.42102333333333,-122.08529,12.35284,253.47,True,4.924420517273557,True,1.0,True,1.0,PASS,matching track
2,2026-05-19 05:08:15.127701,09:28:17+00:00,37.421015,-122.08532666666666,16.149440000000002,182.72,True,3.761754676827789,True,1.0,True,1.0,PASS,matching track
2,2026-05-19 05:08:15.631397,09:28:18+00:00,37.420973333333336,-122.08533,16.130920000000003,182.73,True,4.478472191265596,True,1.0,True,0.9900000000000091,PASS,matching track
2,2026-05-19 05:08:16.134014,09:28:19+00:00,37.42093333333333,-122.08533333333334,11.630560000000001,131.19,True,4.295178355441372,True,1.0,True,0.9799999999999898,PASS,matching track
2,2026-05-19 05:08:16.636800,09:28:20+00:00,37.42091166666667,-122.085305,16.07536,94.63,True,3.1343790476810542,True,1.0,True,0.9399999999999977,PASS,matching track
2,2026-05-19 05:08:17.139528,09:28:21+00:00,37.42090833333334,-122.08525333333333,16.05684,94.64,True,4.294365203643291,True,1.0,True,0.9299999999999926,PASS,matching track
2,2026-05-19 05:08:17.641960,09:28:22+00:00,37.420903333333335,-122.08520166666666,16.038320000000002,94.66,True,4.460584511335531,True,1.0,True,0.9099999999999966,PASS,matching track
2,2026-05-19 05:08:18.144977,09:28:23+00:00,37.4209,-122.08515166666666,16.0198,94.7,True,4.294365676024212,True,1.0,True,0.8699999999999903,PASS,matching track
2,2026-05-19 05:08:18.647897,09:28:24+00:00,37.420895,-122.08510166666667,16.00128,94.74,True,4.314239100470169,True,1.0,True,0.6499999999999915,PASS,matching track
2,2026-05-19 05:08:19.150257,09:28:25+00:00,37.42089,-122.08504833333333,15.982760000000003,94.78,True,4.6329282091426025,True,1.0,True,0.6899999999999977,PASS,matching track
2,2026-05-19 05:08:19.653157,09:28:26+00:00,37.42088666666667,-122.08499833333333,15.96424,94.83,True,4.460585484558604,True,1.0,True,0.7399999999999949,PASS,matching track
2,2026-05-19 05:08:20.155946,09:28:27+00:00,37.420883333333336,-122.08494833333333,15.96424,93.4,True,4.460585679273755,True,1.0,True,0.030000000000001137,PASS,matching track
2,2026-05-19 05:08:20.658976,09:28:28+00:00,37.420878333333334,-122.084895,15.94572,92.74,True,4.778624489225091,True,1.0,True,0.6300000000000097,PASS,matching track
2,2026-05-19 05:08:21.161109,09:28:29+00:00,37.420875,-122.084845,15.94572,92.8,True,4.632929110035085,True,1.0,True,0.5700000000000074,PASS,matching track
2,2026-05-19 05:08:21.663694,09:28:30+00:00,37.42087333333333,-122.08479333333334,15.927200000000001,92.87,True,4.753497959307464,True,1.0,True,0.5,PASS,matching track
2,2026-05-19 05:08:22.165990,09:28:31+00:00,37.42087166666666,-122.08474333333334,15.927200000000001,92.94,True,4.607007905278688,True,1.0,True,0.4300000000000068,PASS,matching track
2,2026-05-19 05:08:22.668915,09:28:32+00:00,37.42086666666667,-122.08469,15.927200000000001,93.01,True,4.955598471821681,True,1.0,True,0.35999999999999943,PASS,matching track
2,2026-05-19 05:08:23.171685,09:28:33+00:00,37.420865,-122.08464,15.927200000000001,93.08,True,4.778625316072811,True,1.0,True,0.29000000000000625,PASS,matching track
2,2026-05-19 05:08:23.674746,09:28:34+00:00,37.42086166666667,-122.08458833333333,15.927200000000001,93.16,True,4.955598790871162,True,1.0,True,0.21000000000000796,PASS,matching track
2,2026-05-19 05:08:24.178018,09:28:35+00:00,37.42086,-122.08453666666666,15.94572,93.23,True,4.924430541516717,True,1.0,True,0.14000000000000057,PASS,matching track
2,2026-05-19 05:08:24.680726,09:28:36+00:00,37.420856666666666,-122.084485,15.94572,93.31,True,0.7098124582828895,True,1.0,True,0.060000000000002274,PASS,matching track
2,2026-05-19 05:08:25.183732,09:28:37+00:00,37.420855,-122.084435,15.94572,93.38,True,4.924430861988232,True,1.0,True,0.009999999999990905,PASS,matching track
2,2026-05-19 05:08:25.686416,09:28:38+00:00,37.420851666666664,-122.08438333333334,15.96424,93.46,True,0.8621753663821332,True,1.0,True,0.0899999999999892,PASS,matching track
2,2026-05-19 05:08:26.189239,09:28:39+00:00,37.42084833333333,-122.08433333333333,15.982760000000003,93.54,True,4.9934301058440935,True,1.0,True,0.1700000000000017,PASS,matching track
2,2026-05-19 05:08:26.692379,09:28:40+00:00,37.42084666666667,-122.08428,16.00128,93.61,True,0.9464166550693927,True,1.0,True,0.23999999999999488,PASS,matching track
2,2026-05-19 05:08:27.196247,09:28:41+00:00,37.42084333333333,-122.08423,16.0198,93.69,True,0.9464166718494843,True,1.0,True,0.3199999999999932,PASS,matching track
2,2026-05-19 05:08:27.700223,09:28:42+00:00,37.42084166666667,-122.08417833333333,16.038320000000002,93.76,True,0.9464166795334914,True,1.0,True,0.39000000000000057,PASS,matching track
2,2026-05-19 05:08:28.203246,09:28:43+00:00,37.420838333333336,-122.08412833333334,16.05684,93.83,True,0.9464166945466338,True,1.0,True,0.45999999999999375,PASS,matching track
2,2026-05-19 05:08:28.705793,09:28:44+00:00,37.420836666666666,-122.08407666666666,16.07536,93.9,True,0.9464167043500851,True,1.0,True,0.5300000000000011,PASS,matching track
2,2026-05-19 05:08:29.208525,09:28:45+00:00,37.420835,-122.084025,16.09388,93.96,True,1.0447935873346303,True,1.0,True,0.5899999999999892,PASS,matching track
2,2026-05-19 05:08:29.711433,09:28:46+00:00,37.420831666666665,-122.08397333333333,16.1124,94.02,True,1.0447936111620437,True,1.0,True,0.6499999999999915,PASS,matching track
2,2026-05-19 05:08:30.214206,09:28:47+00:00,37.42083,-122.08392333333333,16.149440000000002,94.08,True,1.0447936195431637,True,1.0,True,0.7099999999999937,PASS,matching track
2,2026-05-19 05:08:30.717186,09:28:48+00:00,37.42082666666667,-122.08387166666667,16.16796,94.13,True,1.044793643724481,True,1.0,True,0.7599999999999909,PASS,matching track
2,2026-05-19 05:08:31.219874,09:28:49+00:00,37.420825,-122.08382166666667,16.18648,94.18,True,1.0447936531667168,True,1.0,True,0.8100000000000023,PASS,matching track
2,2026-05-19 05:08:31.722739,09:28:50+00:00,37.42082166666667,-122.08377,16.22352,94.22,True,1.0447936755811167,True,1.0,True,0.8499999999999943,PASS,matching track
2,2026-05-19 05:08:32.225135,09:28:51+00:00,37.42082,-122.08372,16.24204,93.28,True,1.0447936882008293,True,1.0,True,0.09000000000000341,PASS,matching track
2,2026-05-19 05:08:32.727598,09:28:52+00:00,37.42081833333334,-122.08366833333334,16.27908,92.86,True,1.0447936987026651,True,1.0,True,0.46999999999999886,PASS,matching track
2,2026-05-19 05:08:33.230286,09:28:53+00:00,37.42081666666667,-122.08361833333333,16.297600000000003,92.89,True,1.0447937113223693,True,1.0,True,0.480000000000004,PASS,matching track
2,2026-05-19 05:08:33.734148,09:28:54+00:00,37.420815,-122.08356666666667,16.31612,92.91,True,1.0447937225294932,True,1.0,True,0.519999999999996,PASS,matching track
2,2026-05-19 05:08:34.237348,09:28:55+00:00,37.420815,-122.08351666666667,16.33464,92.93,True,1.0447937225294932,True,1.0,True,0.9900000000000091,PASS,matching track
2,2026-05-19 05:08:34.740082,09:28:56+00:00,37.420813333333335,-122.083465,16.353160000000003,92.94,True,1.044793733737628,True,1.0,True,1.0,PASS,matching track
2,2026-05-19 05:08:35.243326,09:28:57+00:00,37.420811666666665,-122.083415,16.3902,92.94,True,1.0447937452995693,True,1.0,True,1.0,PASS,matching track
2,2026-05-19 05:08:35.746559,09:28:58+00:00,37.42081,-122.08336333333334,16.40872,92.94,True,1.0447937561512413,True,1.0,True,0.3200000000000074,PASS,matching track
2,2026-05-19 05:08:36.250314,09:28:59+00:00,37.42081,-122.08331333333334,16.427239999999998,92.93,True,0.9230825513585426,True,1.0,True,0.11999999999999034,PASS,matching track
2,2026-05-19 05:08:36.753252,09:29:00+00:00,37.42080833333333,-122.08326166666667,16.427239999999998,92.92,True,0.9230825629304935,True,1.0,True,0.12999999999999545,PASS,matching track
2,2026-05-19 05:08:37.257167,09:29:01+00:00,37.42080833333333,-122.08321166666667,16.427239999999998,94.22,True,0.9230825629304935,True,1.0,True,0.9599999999999937,PASS,matching track
2,2026-05-19 05:08:37.760527,09:29:02+00:00,37.420805,-122.08316,16.445760000000003,93.98,True,0.9230825889008845,True,1.0,True,0.7199999999999989,PASS,matching track
2,2026-05-19 05:08:38.264006,09:29:03+00:00,37.42080333333333,-122.08311,16.464280000000002,93.0,True,0.9230826036528323,True,1.0,True,0.04999999999999716,PASS,matching track
2,2026-05-19 05:08:38.766922,09:29:04+00:00,37.42080166666667,-122.08305833333333,16.4828,93.08,True,0.923082616284891,True,1.0,True,0.030000000000001137,PASS,matching track
2,2026-05-19 05:08:39.269545,09:29:05+00:00,37.42080166666667,-122.08300833333334,16.4828,93.04,True,0.8252279018366235,True,1.0,True,0.009999999999990905,PASS,matching track
2,2026-05-19 05:08:39.772923,09:29:06+00:00,37.4208,-122.08295666666666,16.4828,92.99,True,0.825227918010837,True,1.0,True,0.7800000000000011,PASS,matching track
2,2026-05-19 05:08:40.275689,09:29:07+00:00,37.42079833333333,-122.08290833333334,15.14936,6.98,True,0.6964997451387547,True,1.0,True,0.7300000000000004,PASS,matching track
2,2026-05-19 05:08:40.779114,09:29:08+00:00,37.420836666666666,-122.08290333333333,16.4828,1.68,True,4.019428073548885,True,1.0,True,0.6799999999999999,PASS,matching track
2,2026-05-19 05:08:41.282184,09:29:09+00:00,37.420878333333334,-122.08290166666667,16.4828,3.15,True,4.3179215286631365,True,1.0,True,0.10000000000000009,PASS,matching track
2,2026-05-19 05:08:41.785756,09:29:10+00:00,37.42091833333333,-122.0829,16.464280000000002,3.81,True,4.317921490378309,True,1.0,True,0.16999999999999993,PASS,matching track
2,2026-05-19 05:08:42.289449,09:29:11+00:00,37.42096,-122.08289666666667,16.464280000000002,3.98,True,4.526811362826801,True,1.0,True,0.33999999999999986,PASS,matching track
2,2026-05-19 05:08:42.792483,09:29:12+00:00,37.421,-122.08289333333333,16.445760000000003,4.06,True,4.34555685197592,True,1.0,True,0.4199999999999995,PASS,matching track
2,2026-05-19 05:08:43.295196,09:29:13+00:00,37.42104333333333,-122.08289166666667,16.445760000000003,3.5,True,4.682861259390626,True,1.0,True,0.009999999999999787,PASS,matching track
2,2026-05-19 05:08:43.797984,09:29:14+00:00,37.421083333333335,-122.08288833333333,16.427239999999998,3.43,True,4.500288975395222,True,1.0,True,0.06000000000000005,PASS,matching track
2,2026-05-19 05:08:44.301316,09:29:15+00:00,37.421123333333334,-122.08288666666667,16.3902,5.49,True,4.478472159049502,True,1.0,True,0.20000000000000018,PASS,matching track
2,2026-05-19 05:08:44.804380,09:29:16+00:00,37.421165,-122.08288166666667,16.3902,6.83,True,4.708354987111303,True,1.0,True,0.1299999999999999,PASS,matching track
2,2026-05-19 05:08:45.306792,09:29:17+00:00,37.42120666666667,-122.08287666666666,16.37168,6.75,True,4.708354928245423,True,1.0,True,0.04999999999999982,PASS,matching track
2,2026-05-19 05:08:45.809657,09:29:18+00:00,37.42124666666667,-122.08287166666666,16.353160000000003,6.67,True,4.682861101583144,True,1.0,True,0.03000000000000025,PASS,matching track
2,2026-05-19 05:08:46.312277,09:29:19+00:00,37.42128666666667,-122.082865,16.297600000000003,9.69,True,4.708354811393751,True,1.0,True,0.09999999999999964,PASS,matching track
2,2026-05-19 05:08:46.815271,09:29:20+00:00,37.421326666666666,-122.08285666666667,16.260559999999998,14.66,True,4.738306850879653,True,1.0,True,0.17999999999999972,PASS,matching track
2,2026-05-19 05:08:47.317861,09:29:21+00:00,37.421368333333334,-122.082845,16.27908,28.98,True,4.98929420695336,True,1.0,True,0.25,PASS,matching track
2,2026-05-19 05:08:47.821018,09:29:22+00:00,37.42140333333333,-122.08282,16.16796,40.71,True,4.86540725940074,True,1.0,True,0.09000000000000341,PASS,matching track
2,2026-05-19 05:08:48.324019,09:29:23+00:00,37.42143333333333,-122.08278666666666,16.205000000000002,41.84,True,4.825438142500441,True,1.0,True,0.3999999999999986,PASS,matching track
2,2026-05-19 05:08:48.826479,09:29:24+00:00,37.421465,-122.08275333333333,16.205000000000002,40.15,True,4.968672400390635,True,1.0,True,0.46999999999999886,PASS,matching track
2,2026-05-19 05:08:49.329028,09:29:25+00:00,37.42149666666667,-122.08272,16.07536,24.33,True,4.878045641772044,True,1.0,True,0.5400000000000027,PASS,matching track
2,2026-05-19 05:08:49.831858,09:29:26+00:00,37.421533333333336,-122.0827,16.1124,19.52,True,4.951689415847866,True,1.0,True,0.6000000000000014,PASS,matching track
2,2026-05-19 05:08:50.334439,09:29:27+00:00,37.421571666666665,-122.08268166666667,16.130920000000003,14.71,True,0.5549278011840562,True,1.0,True,0.6599999999999984,PASS,matching track
2,2026-05-19 05:08:50.838195,09:29:28+00:00,37.42161,-122.08267,16.07536,14.97,True,4.919000584963016,True,1.0,True,0.3999999999999986,PASS,matching track
2,2026-05-19 05:08:51.341433,09:29:29+00:00,37.42165,-122.08265666666667,16.07536,5.99,True,0.5742036679839937,True,1.0,True,0.7699999999999996,PASS,matching track
2,2026-05-19 05:08:51.844049,09:29:30+00:00,37.42169,-122.08265,16.038320000000002,3.48,True,0.5742036519712447,True,1.0,True,0.81,PASS,matching track
2,2026-05-19 05:08:52.346801,09:29:31+00:00,37.421731666666666,-122.08264833333334,16.038320000000002,0.54,True,0.7965659428977017,True,1.0,True,0.8599999999999999,PASS,matching track
2,2026-05-19 05:08:52.849936,09:29:32+00:00,37.421773333333334,-122.08264666666666,15.96424,348.54,True,0.7965658868307877,True,1.0,True,0.8899999999999864,PASS,matching track
2,2026-05-19 05:08:53.353241,09:29:33+00:00,37.42181333333333,-122.08265666666667,15.927200000000001,341.2,True,0.7965658338698517,True,1.0,True,0.9200000000000159,PASS,matching track
2,2026-05-19 05:08:53.856883,09:29:34+00:00,37.42185166666667,-122.08267166666667,15.94572,334.38,True,0.796565782950895,True,1.0,True,0.9499999999999886,PASS,matching track
2,2026-05-19 05:08:54.360451,09:29:35+00:00,37.421888333333335,-122.082695,15.96424,327.11,True,0.8621723643560074,True,1.0,True,0.6100000000000136,PASS,matching track
2,2026-05-19 05:08:54.863317,09:29:36+00:00,37.42192333333333,-122.08272166666667,15.96424,327.09,True,0.8621722614827166,True,1.0,True,0.6300000000000523,PASS,matching track
2,2026-05-19 05:08:55.366081,09:29:37+00:00,37.42195666666667,-122.08274833333333,15.94572,327.08,True,0.8621721648882201,True,1.0,True,0.6400000000000432,PASS,matching track
2,2026-05-19 05:08:55.868897,09:29:38+00:00,37.42199166666666,-122.082775,15.94572,326.72,True,0.8621720627213404,True,1.0,True,1.0,PASS,matching track
2,2026-05-19 05:08:56.371912,09:29:39+00:00,37.42202666666667,-122.082805,15.927200000000001,327.82,True,0.9464110288794246,True,1.0,True,0.0999999999999659,PASS,matching track
2,2026-05-19 05:08:56.874825,09:29:40+00:00,37.422061666666664,-122.08283166666666,15.76052,334.27,True,0.9464108597508821,True,1.0,True,0.9900000000000091,PASS,matching track
2,2026-05-19 05:08:57.376636,09:29:41+00:00,37.42209833333333,-122.08285166666667,15.927200000000001,344.95,True,0.9464106847064384,True,1.0,True,0.9700000000000273,PASS,matching track
2,2026-05-19 05:08:57.878945,09:29:42+00:00,37.42213666666667,-122.082865,15.871640000000001,349.31,True,0.946410500565308,True,1.0,True,0.9499999999999886,PASS,matching track
2,2026-05-19 05:08:58.381703,09:29:43+00:00,37.422176666666665,-122.08287333333334,15.927200000000001,354.6,True,0.9464103108564363,True,1.0,True,0.38999999999998636,PASS,matching track
2,2026-05-19 05:08:58.884845,09:29:44+00:00,37.42221833333333,-122.08287666666666,15.927200000000001,354.09,True,0.9464101095819942,True,1.0,True,0.9000000000000341,PASS,matching track
2,2026-05-19 05:08:59.387359,09:29:45+00:00,37.42225833333333,-122.08288333333333,15.94572,354.61,True,1.0447838995732688,True,1.0,True,0.37999999999999545,PASS,matching track
2,2026-05-19 05:08:59.890087,09:29:46+00:00,37.42229833333333,-122.08288833333333,15.94572,354.38,True,1.0447836260018377,True,1.0,True,0.6100000000000136,PASS,matching track
2,2026-05-19 05:09:00.392938,09:29:47+00:00,37.42234,-122.08289166666667,15.96424,354.43,True,1.0447833426366646,True,1.0,True,0.5600000000000023,PASS,matching track
2,2026-05-19 05:09:00.895480,09:29:48+00:00,37.42238,-122.08289666666667,15.982760000000003,354.48,True,1.0447830683599524,True,1.0,True,0.7199999999999704,PASS,matching track
2,2026-05-19 05:09:01.398127,09:29:49+00:00,37.42242,-122.0829,16.00128,354.53,True,1.0447827940822214,True,1.0,True,0.6700000000000159,PASS,matching track
2,2026-05-19 05:09:01.900694,09:29:50+00:00,37.42246166666666,-122.082905,15.667920000000002,344.57,True,1.0447825093043532,True,1.0,True,0.6100000000000136,PASS,matching track
2,2026-05-19 05:09:02.404006,09:29:51+00:00,37.4225,-122.08291833333334,16.038320000000002,330.43,True,1.0447822487064957,True,1.0,True,0.5500000000000114,PASS,matching track
2,2026-05-19 05:09:02.906503,09:29:52+00:00,37.422533333333334,-122.08294166666667,15.94572,322.01,True,0.9230691789386114,True,1.0,True,0.4800000000000182,PASS,matching track
2,2026-05-19 05:09:03.409583,09:29:53+00:00,37.422565,-122.08297333333333,16.07536,316.53,True,0.9230689315083608,True,1.0,True,0.410000000000025,PASS,matching track
2,2026-05-19 05:09:03.912474,09:29:54+00:00,37.422595,-122.08300833333334,16.09388,298.91,True,0.9230686995387065,True,1.0,True,0.3199999999999932,PASS,matching track
2,2026-05-19 05:09:04.415351,09:29:55+00:00,37.422615,-122.08305333333334,16.1124,298.96,True,0.9230685437127986,True,1.0,True,0.27000000000003865,PASS,matching track
2,2026-05-19 05:09:04.918318,09:29:56+00:00,37.422635,-122.08309666666666,16.149440000000002,299.04,True,0.9230683882420968,True,1.0,True,0.18999999999999773,PASS,matching track
2,2026-05-19 05:09:05.421355,09:29:57+00:00,37.422655,-122.08314166666666,16.16796,299.37,True,0.9230682327699333,True,1.0,True,0.11000000000001364,PASS,matching track
2,2026-05-19 05:09:05.924080,09:29:58+00:00,37.422673333333336,-122.08318666666666,12.186160000000001,251.41,True,0.8252115736110908,True,1.0,True,0.03999999999999204,PASS,matching track
2,2026-05-19 05:09:06.426752,09:29:59+00:00,37.42266333333333,-122.08322333333334,16.22352,216.05,True,4.0513823442542884,True,1.0,True,0.040000000000020464,PASS,matching track
2,2026-05-19 05:09:06.929837,09:30:00+00:00,37.42263,-122.08325333333333,16.24204,215.91,True,4.753881433928753,True,1.0,True,0.09999999999999432,PASS,matching track
2,2026-05-19 05:09:07.432473,09:30:01+00:00,37.422596666666664,-122.08328166666666,15.742,238.56,True,4.649731146304366,True,1.0,True,0.18999999999999773,PASS,matching track
2,2026-05-19 05:09:07.935380,09:30:02+00:00,37.422575,-122.083325,15.76052,272.52,True,0.7604782875883472,True,1.0,True,0.2699999999999818,PASS,matching track
2,2026-05-19 05:09:08.438139,09:30:03+00:00,37.422576666666664,-122.08337333333333,16.297600000000003,285.97,True,0.7604782707010941,True,1.0,True,0.34000000000003183,PASS,matching track
2,2026-05-19 05:09:08.940866,09:30:04+00:00,37.42258666666667,-122.08342333333333,16.297600000000003,293.25,True,0.760478176444447,True,1.0,True,0.410000000000025,PASS,matching track
2,2026-05-19 05:09:09.443824,09:30:05+00:00,37.422603333333335,-122.08347,16.353160000000003,296.37,True,0.7604780181727788,True,1.0,True,0.05000000000001137,PASS,matching track
2,2026-05-19 05:09:09.946586,09:30:06+00:00,37.42261833333333,-122.083515,16.37168,296.44,True,0.7376384475255839,True,1.0,True,0.12000000000000455,PASS,matching track
2,2026-05-19 05:09:10.449414,09:30:07+00:00,37.42263666666667,-122.08356,16.3902,296.51,True,0.5901106146517684,True,1.0,True,0.18999999999999773,PASS,matching track
2,2026-05-19 05:09:10.952521,09:30:08+00:00,37.422655,-122.083605,16.40872,296.99,True,0.5901104707798502,True,1.0,True,0.6700000000000159,PASS,matching track
2,2026-05-19 05:09:11.455529,09:30:09+00:00,37.422671666666666,-122.08365166666667,16.3902,295.62,True,0.5901103387292489,True,1.0,True,0.2699999999999818,PASS,matching track
2,2026-05-19 05:09:11.958583,09:30:10+00:00,37.42268833333333,-122.08369666666667,16.445760000000003,289.07,True,4.9332730884535145,True,1.0,True,0.7699999999999818,PASS,matching track
2,2026-05-19 05:09:12.461311,09:30:11+00:00,37.4227,-122.083745,16.464280000000002,289.12,True,4.99331393135275,True,1.0,True,0.8199999999999932,PASS,matching track
2,2026-05-19 05:09:12.964136,09:30:12+00:00,37.422713333333334,-122.08379166666667,0.61116,289.16,True,4.895232547203353,True,1.0,True,0.8600000000000136,PASS,matching track
3,2026-05-19 05:09:13.508961,09:15:00+00:00,37.422718333333336,-122.08379166666667,16.205000000000002,108.3,True,0.7376374653222858,True,,True,0.0,PASS,matching track
3,2026-05-19 05:09:14.011740,09:15:01+00:00,37.422705,-122.08374333333333,16.22352,108.38,True,0.7376375973730316,True,1.0,True,0.0799999999999983,PASS,matching track
3,2026-05-19 05:09:14.514380,09:15:02+00:00,37.422695,-122.083695,16.22352,112.94,True,0.7604771444970088,True,1.0,True,0.14999999999999147,PASS,matching track
3,2026-05-19 05:09:15.016785,09:15:03+00:00,37.42267833333333,-122.08364833333333,16.27908,116.55,True,0.7604773055955596,True,1.0,True,0.23000000000000398,PASS,matching track
3,2026-05-19 05:09:15.519110,09:15:04+00:00,37.42266,-122.08360166666667,16.297600000000003,116.31,True,0.7604774779277278,True,1.0,True,0.009999999999990905,PASS,matching track
3,2026-05-19 05:09:16.021937,09:15:05+00:00,37.42264333333333,-122.08355666666667,16.33464,116.27,True,0.7604776369062116,True,1.0,True,0.04999999999999716,PASS,matching track
3,2026-05-19 05:09:16.524372,09:15:06+00:00,37.422626666666666,-122.08351,16.353160000000003,116.34,True,0.8252119805649195,True,1.0,True,0.020000000000010232,PASS,matching track
3,2026-05-19 05:09:17.027119,09:15:07+00:00,37.42261,-122.083465,16.353160000000003,115.56,True,4.9473828530503745,True,1.0,True,0.3299999999999983,PASS,matching track
3,2026-05-19 05:09:17.530234,09:15:08+00:00,37.42259166666667,-122.08341833333333,16.3902,107.86,True,0.8252122873694494,True,1.0,True,0.5799999999999983,PASS,matching track
3,2026-05-19 05:09:18.033615,09:15:09+00:00,37.42258,-122.08337,16.37168,101.51,True,0.8252123899910244,True,1.0,True,0.6400000000000006,PASS,matching track
3,2026-05-19 05:09:18.537332,09:15:10+00:00,37.42257166666667,-122.08332,16.33464,67.35,True,0.8252124606168018,True,1.0,True,0.6999999999999886,PASS,matching track
3,2026-05-19 05:09:19.039988,09:15:11+00:00,37.42259,-122.08327333333334,16.445760000000003,36.54,True,0.9230687374344099,True,1.0,True,0.7100000000000009,PASS,matching track
3,2026-05-19 05:09:19.543232,09:15:12+00:00,37.422623333333334,-122.083245,16.445760000000003,36.63,True,0.81004670041695,True,1.0,True,0.8000000000000043,PASS,matching track
3,2026-05-19 05:09:20.046531,09:15:13+00:00,37.42265666666667,-122.083215,14.278920000000001,48.71,True,0.8100465115108848,True,1.0,True,0.8400000000000034,PASS,matching track
3,2026-05-19 05:09:20.549415,09:15:14+00:00,37.42268,-122.08318333333334,16.464280000000002,120.54,True,4.626209957039742,True,1.0,True,0.8800000000000097,PASS,matching track
3,2026-05-19 05:09:21.052408,09:15:15+00:00,37.42266,-122.08313833333334,16.4828,120.14,True,4.866937870700085,True,1.0,True,0.480000000000004,PASS,matching track
3,2026-05-19 05:09:21.555443,09:15:16+00:00,37.422641666666664,-122.08309333333334,16.4828,120.17,True,4.806809861285681,True,1.0,True,0.5100000000000051,PASS,matching track
3,2026-05-19 05:09:22.057647,09:15:17+00:00,37.422621666666664,-122.08305166666666,16.4828,120.2,True,4.526997079613246,True,1.0,True,0.5400000000000063,PASS,matching track
3,2026-05-19 05:09:22.560703,09:15:18+00:00,37.422601666666665,-122.08300666666666,16.33464,133.3,True,4.666670478336884,True,1.0,True,0.9800000000000182,PASS,matching track
3,2026-05-19 05:09:23.063633,09:15:19+00:00,37.422575,-122.08297,16.445760000000003,139.83,True,4.3046362824333135,True,1.0,True,0.9900000000000091,PASS,matching track
3,2026-05-19 05:09:23.566456,09:15:20+00:00,37.422545,-122.082935,16.4828,151.98,True,4.386648268984651,True,1.0,True,1.0,PASS,matching track
3,2026-05-19 05:09:24.069515,09:15:21+00:00,37.42250833333333,-122.08291166666666,16.149440000000002,159.74,True,4.168447157162673,True,1.0,True,1.0,PASS,matching track
3,2026-05-19 05:09:24.572037,09:15:22+00:00,37.42247166666667,-122.082895,16.464280000000002,176.19,True,3.7709555644784754,True,1.0,True,0.9900000000000091,PASS,matching track
3,2026-05-19 05:09:25.074394,09:15:23+00:00,37.42243166666667,-122.08289,16.445760000000003,176.18,True,3.772340837678302,True,1.0,True,0.25,PASS,matching track
3,2026-05-19 05:09:25.577333,09:15:24+00:00,37.42239,-122.082885,16.427239999999998,176.16,True,3.9539114967734212,True,1.0,True,0.22999999999998977,PASS,matching track
3,2026-05-19 05:09:26.080542,09:15:25+00:00,37.42235,-122.08288333333333,16.40872,176.14,True,3.725898973060724,True,1.0,True,0.20999999999997954,PASS,matching track
3,2026-05-19 05:09:26.584349,09:15:26+00:00,37.42231,-122.08287833333333,16.40872,176.84,True,3.7462882012993237,True,1.0,True,0.9099999999999966,PASS,matching track
3,2026-05-19 05:09:27.087398,09:15:27+00:00,37.422268333333335,-122.082875,16.3902,175.43,True,3.9096270248851535,True,1.0,True,0.020000000000010232,PASS,matching track
3,2026-05-19 05:09:27.590197,09:15:28+00:00,37.42222833333334,-122.08287,16.353160000000003,176.24,True,3.7462882518384952,True,1.0,True,0.3100000000000023,PASS,matching track
3,2026-05-19 05:09:28.093042,09:15:29+00:00,37.42218833333333,-122.08286833333334,16.27908,173.58,True,3.711266624658106,True,1.0,True,0.7900000000000205,PASS,matching track
3,2026-05-19 05:09:28.595742,09:15:30+00:00,37.42214666666667,-122.08286166666667,16.31612,166.66,True,3.929063027136681,True,1.0,True,0.7400000000000091,PASS,matching track
3,2026-05-19 05:09:29.098355,09:15:31+00:00,37.422108333333334,-122.08284833333333,16.130920000000003,160.47,True,3.7074187917222097,True,1.0,True,0.6899999999999977,PASS,matching track
3,2026-05-19 05:09:29.601462,09:15:32+00:00,37.42207,-122.08283333333334,16.260559999999998,149.45,True,3.7569875865982993,True,1.0,True,0.6299999999999955,PASS,matching track
3,2026-05-19 05:09:30.104612,09:15:33+00:00,37.422035,-122.08280666666667,16.24204,148.54,True,3.8451946333851277,True,1.0,True,0.28000000000000114,PASS,matching track
3,2026-05-19 05:09:30.607145,09:15:34+00:00,37.42200166666667,-122.08278,16.22352,148.52,True,3.695455962161788,True,1.0,True,0.29999999999998295,PASS,matching track
3,2026-05-19 05:09:31.110216,09:15:35+00:00,37.42196666666667,-122.08275166666667,16.18648,148.51,True,3.931951026696835,True,1.0,True,0.3100000000000023,PASS,matching track
3,2026-05-19 05:09:31.612846,09:15:36+00:00,37.421931666666666,-122.08272666666667,16.16796,148.44,True,3.7622274574267407,True,1.0,True,0.3599999999999852,PASS,matching track
3,2026-05-19 05:09:32.115437,09:15:37+00:00,37.42189666666667,-122.0827,16.09388,153.33,True,3.762227970053844,True,1.0,True,0.29000000000002046,PASS,matching track
3,2026-05-19 05:09:32.617942,09:15:38+00:00,37.42186,-122.08267666666667,16.05684,159.5,True,3.770962019395354,True,1.0,True,0.21999999999999886,PASS,matching track
3,2026-05-19 05:09:33.121128,09:15:39+00:00,37.421821666666666,-122.08266,16.09388,167.7,True,3.8832191986684435,True,1.0,True,0.13999999999998636,PASS,matching track
3,2026-05-19 05:09:33.624586,09:15:40+00:00,37.42178166666667,-122.08265,16.0198,179.72,True,3.909627031097664,True,1.0,True,0.060000000000002274,PASS,matching track
3,2026-05-19 05:09:34.127775,09:15:41+00:00,37.42174166666667,-122.08264833333334,16.038320000000002,182.87,True,3.8956846561965244,True,1.0,True,0.009999999999990905,PASS,matching track
3,2026-05-19 05:09:34.630075,09:15:42+00:00,37.421701666666664,-122.08265166666666,16.038320000000002,186.67,True,3.953912311343826,True,1.0,True,0.09000000000000341,PASS,matching track
3,2026-05-19 05:09:35.132849,09:15:43+00:00,37.42165833333333,-122.08265833333333,15.94572,192.86,True,4.377990251676408,True,1.0,True,0.1699999999999875,PASS,matching track
3,2026-05-19 05:09:35.636489,09:15:44+00:00,37.42162,-122.08267166666667,16.00128,195.52,True,4.209852973969767,True,1.0,True,0.23999999999998067,PASS,matching track
3,2026-05-19 05:09:36.139712,09:15:45+00:00,37.42158,-122.082685,15.94572,197.98,True,4.437876966666494,True,1.0,True,0.3100000000000023,PASS,matching track
3,2026-05-19 05:09:36.642951,09:15:46+00:00,37.42154166666667,-122.08270166666667,15.96424,201.94,True,4.3994595774518235,True,1.0,True,0.3900000000000148,PASS,matching track
3,2026-05-19 05:09:37.145679,09:15:47+00:00,37.421503333333334,-122.08272,15.853120000000002,217.95,True,4.470619119689285,True,1.0,True,0.46000000000000796,PASS,matching track
3,2026-05-19 05:09:37.648693,09:15:48+00:00,37.42147,-122.08275166666667,15.927200000000001,220.9,True,4.753918335744424,True,1.0,True,0.5199999999999818,PASS,matching track
3,2026-05-19 05:09:38.150709,09:15:49+00:00,37.42144,-122.08278666666666,15.927200000000001,223.15,True,4.846816943969478,True,1.0,True,0.5900000000000034,PASS,matching track
3,2026-05-19 05:09:38.653510,09:15:50+00:00,37.421411666666664,-122.08282333333334,15.890160000000002,209.66,True,4.962467657952136,True,1.0,True,0.6500000000000057,PASS,matching track
3,2026-05-19 05:09:39.156853,09:15:51+00:00,37.42137666666667,-122.08284833333333,15.797559999999999,198.12,True,4.732070251136799,True,1.0,True,0.6999999999999886,PASS,matching track
3,2026-05-19 05:09:39.659969,09:15:52+00:00,37.42133666666667,-122.082865,15.890160000000002,190.96,True,4.795567971777295,True,1.0,True,0.7599999999999909,PASS,matching track
3,2026-05-19 05:09:40.162373,09:15:53+00:00,37.42129666666666,-122.082875,15.927200000000001,185.9,True,4.726738353687208,True,1.0,True,0.3199999999999932,PASS,matching track
3,2026-05-19 05:09:40.665310,09:15:54+00:00,37.421255,-122.08288166666667,15.927200000000001,185.85,True,4.811240871489795,True,1.0,True,0.37000000000000455,PASS,matching track
3,2026-05-19 05:09:41.168417,09:15:55+00:00,37.421215,-122.08288666666667,15.94572,185.81,True,4.593630709704084,True,1.0,True,0.4099999999999966,PASS,matching track
3,2026-05-19 05:09:41.670682,09:15:56+00:00,37.421173333333336,-122.08289333333333,15.94572,185.3,True,4.811241207887523,True,1.0,True,0.9199999999999875,PASS,matching track
3,2026-05-19 05:09:42.173611,09:15:57+00:00,37.42113333333333,-122.08289833333333,15.96424,182.2,True,4.77263386584967,True,1.0,True,0.950000000000017,PASS,matching track
3,2026-05-19 05:09:42.676967,09:15:58+00:00,37.42109166666667,-122.08290166666667,15.96424,182.18,True,4.919001575343177,True,1.0,True,0.9699999999999989,PASS,matching track
3,2026-05-19 05:09:43.179795,09:15:59+00:00,37.42105166666666,-122.082905,15.982760000000003,182.52,True,4.738307371339698,True,1.0,True,0.5999999999999943,PASS,matching track
3,2026-05-19 05:09:43.682173,09:16:00+00:00,37.42101,-122.08290666666667,16.00128,182.54,True,4.890156315759465,True,1.0,True,0.5800000000000125,PASS,matching track
3,2026-05-19 05:09:44.185096,09:16:01+00:00,37.420968333333334,-122.08291,16.0198,182.3,True,0.825226446210983,True,1.0,True,0.8199999999999932,PASS,matching track
3,2026-05-19 05:09:44.687939,09:16:02+00:00,37.420928333333336,-122.08291333333334,16.038320000000002,182.12,True,4.919001916093919,True,1.0,True,1.0,PASS,matching track
3,2026-05-19 05:09:45.190585,09:16:03+00:00,37.42088666666667,-122.08291666666666,16.05684,180.01,True,0.8252271599690849,True,1.0,True,0.9900000000000091,PASS,matching track
3,2026-05-19 05:09:45.693027,09:16:04+00:00,37.420845,-122.08291666666666,16.07536,180.02,True,0.923082279017112,True,1.0,True,0.9799999999999898,PASS,matching track
3,2026-05-19 05:09:46.195971,09:16:05+00:00,37.420805,-122.08291833333334,13.723320000000001,105.88,True,0.9230825903136378,True,1.0,True,0.960000000000008,PASS,matching track
3,2026-05-19 05:09:46.698715,09:16:06+00:00,37.420795,-122.08287666666666,16.130920000000003,93.82,True,3.3878741334615348,True,1.0,True,0.9300000000000068,PASS,matching track
3,2026-05-19 05:09:47.201967,09:16:07+00:00,37.420791666666666,-122.08282666666666,16.149440000000002,93.85,True,3.802475968594553,True,1.0,True,0.7900000000000063,PASS,matching track
3,2026-05-19 05:09:47.704984,09:16:08+00:00,37.420788333333334,-122.082775,16.16796,93.91,True,3.9457399785736804,True,1.0,True,0.730000000000004,PASS,matching track
3,2026-05-19 05:09:48.207568,09:16:09+00:00,37.420785,-122.082725,16.205000000000002,93.98,True,3.8024762851380465,True,1.0,True,0.6599999999999966,PASS,matching track
3,2026-05-19 05:09:48.710603,09:16:10+00:00,37.42077833333333,-122.08267333333333,16.22352,93.86,True,4.0484630808859885,True,1.0,True,0.7800000000000011,PASS,matching track
3,2026-05-19 05:09:49.214169,09:16:11+00:00,37.42077666666667,-122.08262166666667,16.260559999999998,93.91,True,3.9457405571627375,True,1.0,True,0.730000000000004,PASS,matching track
3,2026-05-19 05:09:49.717324,09:16:12+00:00,37.42077333333334,-122.08257,16.27908,93.96,True,4.135071599627709,True,1.0,True,0.6800000000000068,PASS,matching track
3,2026-05-19 05:09:50.220066,09:16:13+00:00,37.42077,-122.08252,16.297600000000003,94.02,True,3.993150106952242,True,1.0,True,0.6000000000000085,PASS,matching track
3,2026-05-19 05:09:50.722870,09:16:14+00:00,37.420766666666665,-122.08246833333334,16.31612,94.08,True,4.1350719383051455,True,1.0,True,0.4899999999999949,PASS,matching track
3,2026-05-19 05:09:51.226068,09:16:15+00:00,37.42076333333333,-122.08241833333334,16.353160000000003,94.15,True,3.9931504319034063,True,1.0,True,0.4199999999999875,PASS,matching track
3,2026-05-19 05:09:51.728594,09:16:16+00:00,37.42076,-122.08236833333333,16.37168,94.2,True,3.9931505947324037,True,1.0,True,0.36999999999999034,PASS,matching track
3,2026-05-19 05:09:52.231508,09:16:17+00:00,37.42075666666667,-122.082315,16.3902,94.22,True,4.277373764080013,True,1.0,True,0.3499999999999943,PASS,matching track
3,2026-05-19 05:09:52.733975,09:16:18+00:00,37.42075333333333,-122.082265,16.40872,94.29,True,4.135072618838567,True,1.0,True,0.2799999999999869,PASS,matching track
3,2026-05-19 05:09:53.237175,09:16:19+00:00,37.42075,-122.08221333333333,16.427239999999998,94.37,True,4.277374117542238,True,1.0,True,0.19999999999998863,PASS,matching track
3,2026-05-19 05:09:53.739819,09:16:20+00:00,37.420746666666666,-122.08216333333333,16.445760000000003,94.44,True,4.135072959282352,True,1.0,True,0.12999999999999545,PASS,matching track
3,2026-05-19 05:09:54.242406,09:16:21+00:00,37.420743333333334,-122.08211,16.445760000000003,94.52,True,4.420018774538265,True,1.0,True,0.04999999999999716,PASS,matching track
3,2026-05-19 05:09:54.744737,09:16:22+00:00,37.42074,-122.08206,16.464280000000002,94.61,True,4.277374647558995,True,1.0,True,0.01999999999999602,PASS,matching track
3,2026-05-19 05:09:55.248799,09:16:23+00:00,37.42073666666667,-122.08200833333333,16.464280000000002,94.81,True,4.420019140665393,True,1.0,True,0.10000000000000853,PASS,matching track
3,2026-05-19 05:09:55.751292,09:16:24+00:00,37.42073333333333,-122.08195833333333,16.4828,94.89,True,4.2773750006677185,True,1.0,True,0.18000000000000682,PASS,matching track
3,2026-05-19 05:09:56.253436,09:16:25+00:00,37.42073,-122.08190666666667,16.4828,94.96,True,4.420019506792911,True,1.0,True,0.25,PASS,matching track
3,2026-05-19 05:09:56.755950,09:16:26+00:00,37.42072666666667,-122.081855,16.4828,94.46,True,4.5629748224936595,True,1.0,True,0.25,PASS,matching track
3,2026-05-19 05:09:57.258174,09:16:27+00:00,37.420723333333335,-122.081805,16.4828,94.39,True,4.420019872920423,True,1.0,True,0.2600000000000051,PASS,matching track
3,2026-05-19 05:09:57.761055,09:16:28+00:00,37.420721666666665,-122.08175166666666,16.4828,94.46,True,4.666054191533898,True,1.0,True,0.25,PASS,matching track
3,2026-05-19 05:09:58.264067,09:16:29+00:00,37.42071833333333,-122.08170166666666,16.4828,94.52,True,4.562975297662526,True,1.0,True,0.39000000000000057,PASS,matching track
3,2026-05-19 05:09:58.766806,09:16:30+00:00,37.420715,-122.08165,16.464280000000002,94.59,True,4.706213116220298,True,1.0,True,0.6000000000000085,PASS,matching track
3,2026-05-19 05:09:59.270573,09:16:31+00:00,37.420715,-122.0816,16.464280000000002,94.65,True,4.487362749829915,True,1.0,True,0.6600000000000108,PASS,matching track
3,2026-05-19 05:09:59.774054,09:16:32+00:00,37.42071166666667,-122.08154666666667,16.445760000000003,94.7,True,4.810747868712591,True,1.0,True,0.710000000000008,PASS,matching track
3,2026-05-19 05:10:00.277157,09:16:33+00:00,37.42070833333333,-122.08149666666667,16.427239999999998,94.75,True,4.666054984725907,True,1.0,True,0.7600000000000051,PASS,matching track
3,2026-05-19 05:10:00.779700,09:16:34+00:00,37.42070666666667,-122.081445,16.427239999999998,94.8,True,4.7786351328820444,True,1.0,True,0.7599999999999909,PASS,matching track
3,2026-05-19 05:10:01.282214,09:16:35+00:00,37.420703333333336,-122.08139333333334,16.40872,94.84,True,4.8107483808625595,True,1.0,True,0.7400000000000091,PASS,matching track
3,2026-05-19 05:10:01.784659,09:16:36+00:00,37.4207,-122.08134333333334,16.3902,94.88,True,4.810748585580988,True,1.0,True,0.7800000000000011,PASS,matching track
3,2026-05-19 05:10:02.287527,09:16:37+00:00,37.4207,-122.08129166666667,16.37168,94.96,True,4.9000617240335815,True,1.0,True,0.8599999999999994,PASS,matching track
3,2026-05-19 05:10:02.790007,09:16:38+00:00,37.420696666666664,-122.08124166666667,16.33464,95.05,True,4.778635753062182,True,1.0,True,0.8599999999999994,PASS,matching track
3,2026-05-19 05:10:03.293004,09:16:39+00:00,37.42069333333333,-122.08118833333333,16.31612,95.07,True,0.576848451362851,True,1.0,True,0.8299999999999983,PASS,matching track
3,2026-05-19 05:10:03.795599,09:16:40+00:00,37.42069,-122.08113833333333,16.297600000000003,95.09,True,4.92444141917237,True,1.0,True,0.8500000000000085,PASS,matching track
3,2026-05-19 05:10:04.298103,09:16:41+00:00,37.42069,-122.08108666666666,16.27908,95.19,True,0.47969354755579297,True,1.0,True,0.9500000000000028,PASS,matching track
3,2026-05-19 05:10:04.801317,09:16:42+00:00,37.42068666666667,-122.08103666666666,16.24204,95.24,True,4.900062582764123,True,1.0,True,1.0,PASS,matching track
3,2026-05-19 05:10:05.304845,09:16:43+00:00,37.420683333333336,-122.08098333333334,16.22352,95.13,True,0.6184373085151682,True,1.0,True,0.8900000000000006,PASS,matching track
3,2026-05-19 05:10:05.807562,09:16:44+00:00,37.42068,-122.08093333333333,16.205000000000002,95.06,True,0.618437333483743,True,1.0,True,0.8200000000000074,PASS,matching track
3,2026-05-19 05:10:06.310286,09:16:45+00:00,37.42068,-122.08088166666667,16.16796,95.05,True,0.5901259681028531,True,1.0,True,0.8100000000000023,PASS,matching track
3,2026-05-19 05:10:06.812899,09:16:46+00:00,37.420676666666665,-122.08083166666667,16.149440000000002,94.89,True,0.5901259942602011,True,1.0,True,0.7600000000000051,PASS,matching track
3,2026-05-19 05:10:07.315415,09:16:47+00:00,37.42067333333333,-122.08078,16.130920000000003,94.14,True,0.5901260204175467,True,1.0,True,0.07000000000000739,PASS,matching track
3,2026-05-19 05:10:07.818004,09:16:48+00:00,37.420671666666664,-122.08073,16.09388,94.5,True,0.5901260334962188,True,1.0,True,0.4300000000000068,PASS,matching track
3,2026-05-19 05:10:08.319898,09:16:49+00:00,37.42067,-122.08067666666666,16.07536,94.7,True,0.7604963978571807,True,1.0,True,0.769999999999996,PASS,matching track
3,2026-05-19 05:10:08.822266,09:16:50+00:00,37.42066833333333,-122.08062666666666,16.05684,94.66,True,0.7604964136842179,True,1.0,True,0.11999999999999034,PASS,matching track
3,2026-05-19 05:10:09.324806,09:16:51+00:00,37.420665,-122.08057666666667,16.038320000000002,94.61,True,0.7604964449855047,True,1.0,True,0.060000000000002274,PASS,matching track
3,2026-05-19 05:10:09.828047,09:16:52+00:00,37.42066166666667,-122.080525,16.0198,94.56,True,0.7604964769935642,True,1.0,True,0.010000000000005116,PASS,matching track
3,2026-05-19 05:10:10.331357,09:16:53+00:00,37.42066166666667,-122.080475,16.00128,95.21,True,0.8252291546924295,True,1.0,True,0.5999999999999943,PASS,matching track
3,2026-05-19 05:10:10.836130,09:16:54+00:00,37.420658333333336,-122.08042333333333,15.982760000000003,95.16,True,0.8252291863330994,True,1.0,True,0.5,PASS,matching track
3,2026-05-19 05:10:11.338893,09:16:55+00:00,37.420655,-122.08037333333333,15.96424,95.1,True,0.8252292155032076,True,1.0,True,0.4399999999999977,PASS,matching track
3,2026-05-19 05:10:11.841759,09:16:56+00:00,37.420651666666664,-122.08032166666666,15.94572,95.09,True,0.8252292443189392,True,1.0,True,0.4300000000000068,PASS,matching track
3,2026-05-19 05:10:12.344817,09:16:57+00:00,37.42064833333333,-122.08027166666666,15.94572,95.07,True,0.8252292741940987,True,1.0,True,0.4099999999999966,PASS,matching track
3,2026-05-19 05:10:12.847938,09:16:58+00:00,37.42064666666667,-122.08022,15.94572,95.0,True,0.923083863238217,True,1.0,True,0.3400000000000034,PASS,matching track
3,2026-05-19 05:10:13.351210,09:16:59+00:00,37.42064333333333,-122.08017,15.927200000000001,94.93,True,0.9230838870891405,True,1.0,True,0.27000000000001023,PASS,matching track
3,2026-05-19 05:10:13.854653,09:17:00+00:00,37.420695,-122.08018,15.927200000000001,94.85,False,6.2909109303682085,True,1.0,True,0.18999999999999773,FAIL,distance is over tolerance: 6.29m
3,2026-05-19 05:10:14.358502,09:17:01+00:00,37.42069166666667,-122.08013,15.927200000000001,94.78,False,6.296098550086618,True,1.0,True,0.12000000000000455,FAIL,distance is over tolerance: 6.30m
3,2026-05-19 05:10:14.861844,09:17:02+00:00,37.42068833333333,-122.08008,15.927200000000001,94.7,False,6.296098547134788,True,1.0,True,0.04000000000000625,FAIL,distance is over tolerance: 6.30m
3,2026-05-19 05:10:15.366118,09:17:03+00:00,37.420685,-122.08002833333333,15.927200000000001,94.62,False,6.29091092080683,True,1.0,True,0.03999999999999204,FAIL,distance is over tolerance: 6.29m
3,2026-05-19 05:10:15.868999,09:17:04+00:00,37.42068166666667,-122.07997833333333,15.94572,94.55,False,6.29609854052214,True,1.0,True,0.10999999999999943,FAIL,distance is over tolerance: 6.30m
3,2026-05-19 05:10:16.372321,09:17:05+00:00,37.420678333333335,-122.07992666666667,15.94572,94.47,False,6.290910913136314,True,1.0,True,0.18999999999999773,FAIL,distance is over tolerance: 6.29m
3,2026-05-19 05:10:16.875523,09:17:06+00:00,37.420675,-122.07987666666666,15.96424,94.4,False,6.296098536384429,True,1.0,True,0.25,FAIL,distance is over tolerance: 6.30m
3,2026-05-19 05:10:17.378391,09:17:07+00:00,37.42067333333333,-122.079825,15.96424,93.81,False,6.475837393488467,True,1.0,True,0.28000000000000114,FAIL,distance is over tolerance: 6.48m
3,2026-05-19 05:10:17.882002,09:17:08+00:00,37.420671666666664,-122.079775,15.982760000000003,93.68,False,6.665666406688454,True,1.0,True,0.4099999999999966,FAIL,distance is over tolerance: 6.67m
3,2026-05-19 05:10:18.385790,09:17:09+00:00,37.42066833333333,-122.079725,16.00128,93.61,False,6.480876989046878,True,1.0,True,0.480000000000004,FAIL,distance is over tolerance: 6.48m
3,2026-05-19 05:10:18.889233,09:17:10+00:00,37.420665,-122.079675,16.0198,93.55,False,6.489267629202537,True,1.0,True,0.5400000000000063,FAIL,distance is over tolerance: 6.49m
3,2026-05-19 05:10:19.394074,09:17:11+00:00,37.42066166666667,-122.079625,16.038320000000002,94.05,False,6.48926762550912,True,1.0,True,0.04000000000000625,FAIL,distance is over tolerance: 6.49m
3,2026-05-19 05:10:19.897294,09:17:12+00:00,37.420658333333336,-122.07957333333333,16.05684,94.9,False,6.480876980084614,True,1.0,True,0.2400000000000091,FAIL,distance is over tolerance: 6.48m
3,2026-05-19 05:10:20.401114,09:17:13+00:00,37.420655,-122.07952333333333,16.07536,94.85,False,6.489267620590659,True,1.0,True,0.18999999999999773,FAIL,distance is over tolerance: 6.49m
3,2026-05-19 05:10:20.904282,09:17:14+00:00,37.420651666666664,-122.07947166666666,16.09388,94.8,False,6.480876974462084,True,1.0,True,0.14000000000000057,FAIL,distance is over tolerance: 6.48m
3,2026-05-19 05:10:21.407133,09:17:15+00:00,37.42064666666667,-122.07942333333334,16.130920000000003,94.75,False,6.316806423590346,True,1.0,True,0.8199999999999932,FAIL,distance is over tolerance: 6.32m
3,2026-05-19 05:10:21.910332,09:17:16+00:00,37.420588333333335,-122.07931166666667,16.149440000000002,94.71,True,4.882581027868357,True,1.0,True,0.8599999999999994,PASS,matching track
3,2026-05-19 05:10:22.413571,09:17:17+00:00,37.420585,-122.07926,16.16796,94.67,True,0.8621761628427662,True,1.0,True,0.8999999999999915,PASS,matching track
3,2026-05-19 05:10:22.916371,09:17:18+00:00,37.42058,-122.07921,16.205000000000002,94.64,True,4.8720584940348575,True,1.0,True,0.9299999999999926,PASS,matching track
3,2026-05-19 05:10:23.419498,09:17:19+00:00,37.42057666666667,-122.07915833333334,16.22352,94.62,True,0.86217618752019,True,1.0,True,0.9499999999999886,PASS,matching track
3,2026-05-19 05:10:23.922002,09:17:20+00:00,37.42057333333333,-122.07910833333334,16.24204,94.6,True,4.882581994794487,True,1.0,True,0.9699999999999989,PASS,matching track
3,2026-05-19 05:10:24.424980,09:17:21+00:00,37.420568333333335,-122.07906,16.27908,94.58,True,4.724637226147598,True,1.0,True,0.14000000000000057,PASS,matching track
3,2026-05-19 05:10:24.927459,09:17:22+00:00,37.420565,-122.07900833333333,16.297600000000003,94.57,True,4.882582534291641,True,1.0,True,0.15000000000000568,PASS,matching track
3,2026-05-19 05:10:25.429893,09:17:23+00:00,37.420561666666664,-122.07895833333333,16.31612,94.57,True,4.735488318654674,True,1.0,True,0.15000000000000568,PASS,matching track
3,2026-05-19 05:10:25.933823,09:17:24+00:00,37.42055666666667,-122.07890833333333,16.353160000000003,93.72,True,4.724637957999909,True,1.0,True,0.5400000000000063,PASS,matching track
3,2026-05-19 05:10:26.436432,09:17:25+00:00,37.42055166666667,-122.07885833333333,16.37168,93.27,True,4.577223283347147,True,1.0,True,0.9900000000000091,PASS,matching track
3,2026-05-19 05:10:26.939156,09:17:26+00:00,37.420548333333336,-122.07880666666667,16.3902,93.29,True,4.724638480833596,True,1.0,True,0.9699999999999989,PASS,matching track
3,2026-05-19 05:10:27.441876,09:17:27+00:00,37.42054666666667,-122.07875666666666,16.40872,93.46,True,4.588422875271435,True,1.0,True,0.8000000000000114,PASS,matching track
3,2026-05-19 05:10:27.944511,09:17:28+00:00,37.420543333333335,-122.07870833333334,16.427239999999998,93.56,True,4.429816560543354,True,1.0,True,0.7000000000000028,PASS,matching track
3,2026-05-19 05:10:28.447187,09:17:29+00:00,37.42054,-122.07865666666666,16.427239999999998,93.6,True,4.577223993656603,True,1.0,True,0.6600000000000108,PASS,matching track
3,2026-05-19 05:10:28.949553,09:17:30+00:00,37.420535,-122.07860666666667,16.445760000000003,93.63,True,4.4259532952211575,True,1.0,True,0.7800000000000011,PASS,matching track
3,2026-05-19 05:10:29.452094,09:17:31+00:00,37.42053166666667,-122.07855666666667,16.464280000000002,93.68,True,4.425953492658545,True,1.0,True,0.8099999999999881,PASS,matching track
3,2026-05-19 05:10:29.955457,09:17:32+00:00,37.42052833333333,-122.07850666666667,16.464280000000002,93.72,True,4.278421898329505,True,1.0,True,0.769999999999996,PASS,matching track
3,2026-05-19 05:10:30.458638,09:17:33+00:00,37.420525,-122.078455,16.4828,93.77,True,4.425953885017411,True,1.0,True,0.6099999999999994,PASS,matching track
3,2026-05-19 05:10:30.962173,09:17:34+00:00,37.420521666666666,-122.078405,16.4828,93.83,True,4.278422277609713,True,1.0,True,0.6599999999999966,PASS,matching track
3,2026-05-19 05:10:31.465128,09:17:35+00:00,37.420516666666664,-122.078355,16.4828,93.89,True,4.282419327837011,True,1.0,True,0.5999999999999943,PASS,matching track
3,2026-05-19 05:10:31.968429,09:17:36+00:00,37.420515,-122.078305,16.464280000000002,92.62,True,4.130890841482058,True,1.0,True,0.539999999999992,PASS,matching track
3,2026-05-19 05:10:32.471070,09:17:37+00:00,37.42051166666667,-122.07825333333334,16.464280000000002,94.91,True,4.2824196110392405,True,1.0,True,0.4200000000000017,PASS,matching track
3,2026-05-19 05:10:32.973914,09:17:38+00:00,37.42050833333333,-122.07820333333333,16.4828,96.42,True,4.135030577190695,True,1.0,True,0.3999999999999915,PASS,matching track
3,2026-05-19 05:10:33.476660,09:17:39+00:00,37.42050166666667,-122.078155,16.464280000000002,96.49,True,4.021827749917658,True,1.0,True,0.3299999999999983,PASS,matching track
3,2026-05-19 05:10:33.979753,09:17:40+00:00,37.420496666666665,-122.07810333333333,16.464280000000002,96.56,True,4.1679984503640215,True,1.0,True,0.2599999999999909,PASS,matching track
3,2026-05-19 05:10:34.483542,09:17:41+00:00,37.42049166666666,-122.07805333333333,16.445760000000003,97.55,True,4.021828274602702,True,1.0,True,0.18000000000000682,PASS,matching track
3,2026-05-19 05:10:34.986355,09:17:42+00:00,37.42048666666667,-122.07800333333333,16.427239999999998,97.93,True,4.021828537386478,True,1.0,True,0.09999999999999432,PASS,matching track
3,2026-05-19 05:10:35.489300,09:17:43+00:00,37.42048,-122.077955,12.260240000000001,76.51,True,3.906538123135746,True,1.0,True,0.030000000000001137,PASS,matching track
3,2026-05-19 05:10:35.992113,09:17:44+00:00,37.42048666666667,-122.07791833333333,16.40872,0.54,True,2.712935092808824,True,1.0,True,0.050000000000000044,PASS,matching track
3,2026-05-19 05:10:36.494423,09:17:45+00:00,37.42052666666667,-122.07791666666667,16.3902,0.62,True,4.2774056395114375,True,1.0,True,0.13,PASS,matching track
3,2026-05-19 05:10:36.997115,09:17:46+00:00,37.420568333333335,-122.07791666666667,16.37168,0.2,True,4.478472320276509,True,1.0,True,0.2,PASS,matching track
3,2026-05-19 05:10:37.500805,09:17:47+00:00,37.420606666666664,-122.07791666666667,16.353160000000003,0.28,True,4.11203531577227,True,1.0,True,0.20999999999999996,PASS,matching track
3,2026-05-19 05:10:38.003692,09:17:48+00:00,37.42064833333333,-122.07791833333333,16.31612,1.47,True,4.317921750226348,True,1.0,True,0.34999999999999987,PASS,matching track
3,2026-05-19 05:10:38.506437,09:17:49+00:00,37.42068833333333,-122.07791666666667,16.297600000000003,0.42,True,4.112035278578615,True,1.0,True,0.06,PASS,matching track
3,2026-05-19 05:10:39.010052,09:17:50+00:00,37.42072833333334,-122.07791666666667,16.27908,0.49,True,4.135785742294302,True,1.0,True,0.010000000000000009,PASS,matching track
3,2026-05-19 05:10:39.512313,09:17:51+00:00,37.420768333333335,-122.07791666666667,16.24204,0.55,True,4.135785697945007,True,1.0,True,0.07000000000000006,PASS,matching track
3,2026-05-19 05:10:40.014463,09:17:52+00:00,37.42080833333333,-122.07791666666667,16.22352,1.1,True,3.953913409330413,True,1.0,True,0.42000000000000004,PASS,matching track
3,2026-05-19 05:10:40.516804,09:17:53+00:00,37.42085,-122.07791666666667,16.205000000000002,1.36,True,4.1357856124570445,True,1.0,True,0.68,PASS,matching track
3,2026-05-19 05:10:41.019645,09:17:54+00:00,37.42089,-122.07791666666667,16.16796,1.41,True,3.9539133124049983,True,1.0,True,0.7299999999999999,PASS,matching track
3,2026-05-19 05:10:41.522797,09:17:55+00:00,37.42093166666667,-122.077915,16.149440000000002,1.17,True,4.112035171909788,True,1.0,True,0.4899999999999999,PASS,matching track
3,2026-05-19 05:10:42.025448,09:17:56+00:00,37.42097166666667,-122.077915,16.130920000000003,0.83,True,3.9539132161860047,True,1.0,True,0.1499999999999999,PASS,matching track
3,2026-05-19 05:10:42.528727,09:17:57+00:00,37.42101,-122.077915,16.09388,0.87,True,3.7723427327596384,True,1.0,True,0.18999999999999995,PASS,matching track
3,2026-05-19 05:10:43.032670,09:17:58+00:00,37.42105166666666,-122.077915,16.07536,0.29,True,3.9539131217135637,True,1.0,True,0.10000000000000003,PASS,matching track
3,2026-05-19 05:10:43.535663,09:17:59+00:00,37.42109166666667,-122.07791666666667,16.05684,358.09,True,3.8039436549102636,True,1.0,True,0.92999999999995,PASS,matching track
3,2026-05-19 05:10:44.038421,09:18:00+00:00,37.42113333333333,-122.07791833333333,16.038320000000002,357.25,True,3.9840740930426297,True,1.0,True,0.08999999999997499,PASS,matching track
3,2026-05-19 05:10:44.540603,09:18:01+00:00,37.421173333333336,-122.07792166666667,16.0198,356.68,True,3.8409548885324343,True,1.0,True,0.38999999999998636,PASS,matching track
3,2026-05-19 05:10:45.044207,09:18:02+00:00,37.421213333333334,-122.077925,16.00128,353.92,True,3.8409547664922057,True,1.0,True,0.6800000000000068,PASS,matching track
3,2026-05-19 05:10:45.547079,09:18:03+00:00,37.421255,-122.07793166666667,15.982760000000003,354.07,True,4.105152774673033,True,1.0,True,0.8299999999999841,PASS,matching track
3,2026-05-19 05:10:46.050335,09:18:04+00:00,37.421295,-122.07793833333334,15.96424,354.24,True,3.930574743475964,True,1.0,True,1.0,PASS,matching track
3,2026-05-19 05:10:46.553921,09:18:05+00:00,37.421335,-122.07794333333334,15.96424,354.21,True,3.8832213679507626,True,1.0,True,0.20999999999997954,PASS,matching track
3,2026-05-19 05:10:47.057490,09:18:06+00:00,37.421375,-122.07795,15.94572,354.2,True,3.9305743125501977,True,1.0,True,0.18999999999999773,PASS,matching track
3,2026-05-19 05:10:47.560980,09:18:07+00:00,37.421416666666666,-122.07795666666667,15.94572,354.1,True,4.105151952239337,True,1.0,True,0.009999999999990905,PASS,matching track
3,2026-05-19 05:10:48.063713,09:18:08+00:00,37.421456666666664,-122.07796166666667,15.927200000000001,354.95,True,3.883220860103498,True,1.0,True,0.5600000000000023,PASS,matching track
3,2026-05-19 05:10:48.566800,09:18:09+00:00,37.42149666666667,-122.07796833333333,15.927200000000001,355.31,True,3.930573658406163,True,1.0,True,0.6200000000000045,PASS,matching track
3,2026-05-19 05:10:49.070593,09:18:10+00:00,37.42153666666667,-122.07797333333333,15.927200000000001,355.0,True,3.8832205268302493,True,1.0,True,0.6100000000000136,PASS,matching track
3,2026-05-19 05:10:49.573633,09:18:11+00:00,37.421578333333336,-122.07797666666667,15.927200000000001,354.96,True,4.0194259293079355,True,1.0,True,0.5699999999999932,PASS,matching track
3,2026-05-19 05:10:50.076813,09:18:12+00:00,37.421618333333335,-122.07798166666667,15.90868,356.74,True,3.840953515389181,True,1.0,True,0.37999999999999545,PASS,matching track
3,2026-05-19 05:10:50.579415,09:18:13+00:00,37.42165833333333,-122.077985,15.94572,357.88,True,3.8039424483209894,True,1.0,True,0.5500000000000114,PASS,matching track
3,2026-05-19 05:10:51.082069,09:18:14+00:00,37.4217,-122.07798833333334,15.94572,357.97,True,3.984072975958726,True,1.0,True,0.03000000000002956,PASS,matching track
3,2026-05-19 05:10:51.585737,09:18:15+00:00,37.42174,-122.07799,15.94572,357.98,True,3.7723417815135374,True,1.0,True,0.040000000000020464,PASS,matching track
3,2026-05-19 05:10:52.089211,09:18:16+00:00,37.42178166666667,-122.07799166666666,15.96424,357.92,True,3.9539122581600354,True,1.0,True,0.01999999999998181,PASS,matching track
3,2026-05-19 05:10:52.592524,09:18:17+00:00,37.421821666666666,-122.07799333333334,15.982760000000003,358.47,True,3.7462885246877162,True,1.0,True,0.5300000000000296,PASS,matching track
3,2026-05-19 05:10:53.095720,09:18:18+00:00,37.421863333333334,-122.077995,16.00128,359.71,True,3.9290631952693684,True,1.0,True,0.2699999999999818,PASS,matching track
3,2026-05-19 05:10:53.598457,09:18:19+00:00,37.421905,-122.07799666666666,16.0198,359.7,True,4.112034739941465,True,1.0,True,0.2599999999999909,PASS,matching track
3,2026-05-19 05:10:54.101359,09:18:20+00:00,37.421945,-122.077995,16.038320000000002,359.76,True,3.8956847176441234,True,1.0,True,0.2400000000000091,PASS,matching track
3,2026-05-19 05:10:54.604641,09:18:21+00:00,37.42198666666667,-122.077995,16.05684,0.24,True,4.080153410438156,True,1.0,True,0.24,PASS,matching track
3,2026-05-19 05:10:55.108616,09:18:22+00:00,37.42202666666667,-122.077995,16.07536,1.24,True,3.895684747992668,True,1.0,True,0.16999999999999993,PASS,matching track
3,2026-05-19 05:10:55.611428,09:18:23+00:00,37.422066666666666,-122.077995,16.09388,2.26,True,3.8956847603343596,True,1.0,True,0.08999999999999986,PASS,matching track
3,2026-05-19 05:10:56.114126,09:18:24+00:00,37.42211,-122.07799,16.130920000000003,2.08,True,4.257003954173552,True,1.0,True,0.020000000000000018,PASS,matching track
3,2026-05-19 05:10:56.616426,09:18:25+00:00,37.42215,-122.07798833333334,16.149440000000002,1.91,True,4.069470923558297,True,1.0,True,0.06000000000000005,PASS,matching track
3,2026-05-19 05:10:57.119567,09:18:26+00:00,37.42219166666667,-122.07798666666666,16.16796,2.78,True,4.254446902902137,True,1.0,True,0.14000000000000012,PASS,matching track
3,2026-05-19 05:10:57.622125,09:18:27+00:00,37.42223166666667,-122.077985,16.205000000000002,3.26,True,4.069470978737408,True,1.0,True,0.2100000000000004,PASS,matching track
3,2026-05-19 05:10:58.124661,09:18:28+00:00,37.42227333333334,-122.07798,16.22352,3.35,True,4.264666162310423,True,1.0,True,0.1200000000000001,PASS,matching track
3,2026-05-19 05:10:58.627418,09:18:29+00:00,37.422315,-122.07797666666667,16.24204,4.45,True,4.449217295215793,True,1.0,True,0.05999999999999961,PASS,matching track
3,2026-05-19 05:10:59.129914,09:18:30+00:00,37.422355,-122.07797166666667,16.27908,4.08,True,4.277405839212986,True,1.0,True,0.11000000000000032,PASS,matching track
